60000
-32.86
-32.86
-32.86
-32.86
-32.86
-32.86
-32.86
-32.86
-32.86
-32.86
-32.86
-32.86
-32.86
-32.86
-32.86
-32.86
-32.86
-32.86
-32.86
-32.86
-32.86
-32.86
-32.86
-32.86
-32.86
-32.86
-32.86
-32.86
-32.86
-32.86
-32.86
-32.86
-32.86
-32.86
-32.86
-32.86
-32.86
-32.86
-32.86
-32.86
-32.86
-32.86
-32.86
-32.86
-32.86
-32.86
-32.86
-32.86
-32.86
-32.86
-32.86
-32.86
-32.86
-32.86
-32.86
-32.86
-32.86
-32.86
-32.86
-32.86
-32.86
-32.86
-32.86
-32.86
-32.86
-32.86
-32.86
-32.86
-32.86
-32.86
-32.86
-32.86
-32.86
-32.86
-32.86
-32.86
-32.86
-32.86
-32.86
-32.86
-32.86
-32.86
-32.86
-32.86
-32.86
-32.86
-32.86
-32.86
-32.86
-32.86
-32.86
-32.86
-32.86
-32.86
-32.86
-32.86
-32.86
-32.86
-32.86
-32.86
-32.86
-32.86
-32.86
-32.86
-32.86
-32.86
-32.86
-32.86
-32.86
-32.86
-32.86
-32.86
-32.86
-32.86
-32.86
-32.86
-32.86
-32.86
-32.86
-32.86
-32.86
-32.86
-32.86
-32.86
-32.86
-32.86
-32.86
-32.86
-32.86
-32.86
-32.86
-32.86
-32.86
-32.86
-32.86
-32.86
-32.86
-32.86
-32.86
-32.86
-32.86
-32.86
-32.86
-32.86
-32.86
-32.86
-32.86
-32.86
-32.86
-32.86
-32.86
-32.86
-32.86
-32.86
-32.86
-32.86
-32.86
-32.86
-32.86
-32.86
-32.86
-32.86
-32.86
-32.86
-32.86
-32.86
-32.86
-32.86
-32.86
-32.86
-32.86
-32.86
-32.86
-32.86
-32.86
-32.86
-32.86
-32.86
-32.86
-32.86
-32.86
-32.86
-32.86
-32.86
-32.86
-32.86
-32.86
-32.86
-32.86
-32.86
-32.86
-32.86
-32.86
-32.86
-32.86
-32.86
-32.86
-32.86
-32.86
-32.86
-32.86
-32.86
-32.86
-32.86
-32.86
-32.86
-32.86
-32.86
-32.86
-32.86
-32.86
-32.86
-32.86
-32.86
-32.86
-32.86
-32.86
-32.86
-32.86
-32.86
-32.86
-32.86
-32.86
-32.86
-32.86
-32.86
-32.86
-32.86
-32.86
-32.86
-32.86
-32.86
-32.86
-32.86
-32.86
-32.86
-32.86
-32.86
-32.86
-32.86
-32.86
-32.86
-32.86
-32.86
-32.86
-32.86
-32.86
-32.86
-32.86
-32.86
-32.86
-32.86
-32.86
-32.86
-32.86
-32.86
-32.86
-32.86
-32.86
-32.86
-32.86
-32.86
-32.86
-32.86
-32.86
-32.86
-32.86
-32.86
-32.86
-32.86
-32.86
-32.86
-32.86
-32.86
-32.86
-32.86
-32.86
-32.86
-32.86
-32.86
-32.86
-32.86
-32.86
-32.86
-32.86
-32.86
-32.86
-32.86
-32.86
-32.86
-32.86
-32.86
-32.86
-32.86
-32.86
-32.86
-32.86
-32.86
-32.86
-32.86
-32.86
-32.86
-32.86
-32.86
-32.86
-32.86
-32.86
-32.86
-32.86
-32.86
-32.86
-32.86
-32.86
-32.86
-32.86
-32.86
-32.86
-32.86
-32.86
-32.86
-32.86
-32.86
-32.86
-32.86
-32.86
-32.86
-32.86
-32.86
-32.86
-32.86
-32.86
-32.86
-32.86
-32.86
-32.86
-32.86
-32.86
-32.86
-32.86
-32.86
-32.86
-32.86
-32.86
-32.86
-32.86
-32.86
-32.86
-32.86
-32.86
-32.86
-32.86
-32.86
-32.86
-32.86
-32.86
-32.86
-32.86
-32.86
-32.86
-32.86
-32.86
-32.86
-32.86
-32.86
-32.86
-32.86
-32.86
-32.86
-32.86
-32.86
-32.86
-32.86
-32.86
-32.86
-32.86
-32.86
-32.86
-32.86
-32.86
-32.86
-32.86
-32.86
-32.86
-32.86
-32.86
-32.86
-32.86
-32.86
-32.86
-32.86
-32.86
-32.86
-32.86
-32.86
-32.86
-32.86
-32.86
-32.86
-32.86
-32.86
-32.86
-32.86
-32.86
-32.86
-32.86
-32.86
-32.86
-32.86
-32.86
-32.86
-32.86
-32.86
-32.86
-32.86
-32.86
-32.86
-32.86
-32.86
-32.86
-32.86
-32.86
-32.86
-32.86
-32.86
-32.86
-32.86
-32.86
-32.86
-32.86
-32.86
-32.86
-32.86
-32.86
-32.86
-32.86
-32.86
-32.86
-32.86
-32.86
-32.86
-32.86
-32.86
-32.86
-32.86
-32.86
-32.86
-32.86
-32.86
-32.86
-32.86
-32.86
-32.86
-32.86
-32.86
-32.86
-32.86
-32.86
-32.86
-32.86
-32.86
-32.86
-32.86
-32.86
-32.86
-32.86
-32.86
-32.86
-32.86
-32.86
-32.86
-32.86
-32.86
-32.86
-32.86
-32.86
-32.86
-32.86
-32.86
-32.86
-32.86
-32.86
-32.86
-32.86
-32.86
-32.86
-32.86
-32.86
-32.86
-32.86
-32.86
-32.86
-32.86
-32.86
-32.86
-32.86
-32.86
-32.86
-32.86
-32.86
-32.86
-32.86
-32.86
-32.86
-32.86
-32.86
-32.86
-32.86
-32.86
-32.86
-32.86
-32.86
-32.86
-32.86
-32.86
-32.86
-32.86
-32.86
-32.86
-32.86
-32.86
-32.86
-32.86
-32.86
-32.86
-32.86
-32.86
-32.86
-32.86
-32.86
-32.86
-32.86
-32.86
-32.86
-32.86
-32.86
-32.86
-32.86
-32.86
-32.86
-32.86
-32.86
-32.86
-32.86
-32.86
-32.86
-32.86
-32.86
-32.86
-32.86
-32.86
-32.86
-32.86
-32.86
-32.86
-32.86
-32.86
-32.86
-32.86
-32.86
-32.86
-32.86
-32.86
-32.86
-32.86
-32.86
-32.86
-32.86
-32.86
-32.86
-32.86
-32.86
-32.86
-32.86
-32.86
-32.86
-32.86
-32.86
-32.86
-32.86
-32.86
-32.86
-32.86
-32.86
-32.86
-32.86
-32.86
-32.86
-32.86
-32.86
-32.86
-32.86
-32.86
-32.86
-32.86
-32.86
-32.86
-32.86
-32.86
-32.86
-32.86
-32.86
-32.86
-32.86
-32.86
-32.86
-32.86
-32.86
-32.86
-32.86
-32.86
-32.86
-32.86
-32.86
-32.86
-32.86
-32.86
-32.86
-32.86
-32.86
-32.86
-32.86
-32.86
-32.86
-32.86
-32.86
-32.86
-32.86
-32.86
-32.86
-32.86
-32.86
-32.86
-32.86
-32.86
-32.86
-32.86
-32.86
-32.86
-32.86
-32.86
-32.86
-32.86
-32.86
-32.86
-32.86
-32.86
-32.86
-32.86
-32.86
-32.86
-32.86
-32.86
-32.86
-32.86
-32.86
-32.86
-32.86
-32.86
-32.86
-32.86
-32.86
-32.86
-32.86
-32.86
-32.86
-32.86
-32.86
-32.86
-32.86
-32.86
-32.86
-32.86
-32.86
-32.86
-32.86
-32.86
-32.86
-32.86
-32.86
-32.86
-32.86
-32.86
-32.86
-32.86
-32.86
-32.86
-32.86
-32.86
-32.86
-32.86
-32.86
-32.86
-32.86
-32.86
-32.86
-32.86
-32.86
-32.86
-32.86
-32.86
-32.86
-32.86
-32.86
-32.86
-32.86
-32.86
-32.86
-32.86
-32.86
-32.86
-32.86
-32.86
-32.86
-32.86
-32.86
-32.86
-32.86
-32.86
-32.86
-32.86
-32.86
-32.86
-32.86
-32.86
-32.86
-32.86
-32.86
-32.86
-32.86
-32.86
-32.86
-32.86
-32.86
-32.86
-32.86
-32.86
-32.86
-32.86
-32.86
-32.86
-32.86
-32.86
-32.86
-32.86
-32.86
-32.86
-32.86
-32.86
-32.86
-32.86
-32.86
-32.86
-32.86
-32.86
-32.86
-32.86
-32.86
-32.86
-32.86
-32.86
-32.86
-32.86
-32.86
-32.86
-32.86
-32.86
-32.86
-32.86
-32.86
-32.86
-32.86
-32.86
-32.86
-32.86
-32.86
-32.86
-32.86
-32.86
-32.86
-32.86
-32.86
-32.86
-32.86
-32.86
-32.86
-32.86
-32.86
-32.86
-32.86
-32.86
-32.86
-32.86
-32.86
-32.86
-32.86
-32.86
-32.86
-32.86
-32.86
-32.86
-32.86
-32.86
-32.86
-32.86
-32.86
-32.86
-32.86
-32.86
-32.86
-32.86
-32.86
-32.86
-32.86
-32.86
-32.86
-32.86
-32.86
-32.86
-32.86
-32.86
-32.86
-32.86
-32.86
-32.86
-32.86
-32.86
-32.86
-32.86
-32.86
-32.86
-32.86
-32.86
-32.86
-32.86
-32.86
-32.86
-32.86
-32.86
-32.86
-32.86
-32.86
-32.86
-32.86
-32.86
-32.86
-32.86
-32.86
-32.86
-32.86
-32.86
-32.86
-32.86
-32.86
-32.86
-32.86
-32.86
-32.86
-32.86
-32.86
-32.86
-32.86
-32.86
-32.86
-32.86
-32.86
-32.86
-32.86
-32.86
-32.86
-32.86
-32.86
-32.86
-32.86
-32.86
-32.86
-32.86
-32.86
-32.86
-32.86
-32.86
-32.86
-32.86
-32.86
-32.86
-32.86
-32.86
-32.86
-32.86
-32.86
-32.86
-32.86
-32.86
-32.86
-32.86
-32.86
-32.86
-32.86
-32.86
-32.86
-32.86
-32.86
-32.86
-32.86
-32.86
-32.86
-32.86
-32.86
-32.86
-32.86
-32.86
-32.86
-32.86
-32.86
-32.86
-32.86
-32.86
-32.86
-32.86
-32.86
-32.86
-32.86
-32.86
-32.86
-32.86
-32.86
-32.86
-32.86
-32.86
-32.86
-32.86
-32.86
-32.86
-32.86
-32.86
-32.86
-32.86
-32.86
-32.86
-32.86
-32.86
-32.86
-32.86
-32.86
-32.86
-32.86
-32.86
-32.86
-32.86
-32.86
-32.86
-32.86
-32.86
-32.86
-32.86
-32.86
-32.86
-32.86
-32.86
-32.86
-32.86
-32.86
-32.86
-32.86
-32.86
-32.86
-32.86
-32.86
-32.86
-32.86
-32.86
-32.86
-32.86
-32.86
-32.86
-32.86
-32.86
-32.86
-32.86
-32.86
-32.86
-32.86
-32.86
-32.86
-32.86
-32.86
-32.86
-32.86
-32.86
-32.86
-32.86
-32.86
-32.86
-32.86
-32.86
-32.86
-32.86
-32.86
-32.86
-32.86
-32.86
-32.86
-32.86
-32.86
-32.86
-32.86
-32.86
-32.86
-32.86
-32.86
-32.86
-32.86
-32.86
-32.86
-32.86
-32.86
-32.86
-32.86
-32.86
-32.86
-32.86
-32.86
-32.86
-32.86
-32.86
-32.86
-32.86
-32.86
-32.86
-32.86
-32.86
-32.86
-32.86
-32.86
-32.86
-32.86
-32.86
-32.86
-32.86
-32.86
-32.86
-32.86
-32.86
-32.86
-32.86
-32.86
-32.86
-32.86
-32.86
-32.86
-32.86
-32.86
-32.86
-32.86
-32.86
-32.86
-32.86
-32.86
-32.86
-32.86
-32.86
-32.86
-32.86
-32.86
-32.86
-32.86
-32.86
-32.86
-32.86
-32.86
-32.86
-32.86
-32.86
-32.86
-32.86
-32.86
-32.86
-32.86
-32.86
-32.86
-32.86
-32.86
-32.86
-32.86
-32.86
-32.86
-32.86
-32.86
-32.86
-32.86
-32.86
-32.86
-32.86
-32.86
-32.86
-32.86
-32.86
-32.86
-32.86
-32.86
-32.86
-32.86
-32.86
-32.86
-32.86
-32.86
-32.86
-32.86
-32.86
-32.86
-32.86
-32.86
-32.86
-32.86
-32.86
-32.86
-32.86
-32.86
-32.86
-32.86
-32.86
-32.86
-32.86
-32.86
-32.86
-32.86
-32.86
-32.86
-32.86
-32.86
-32.86
-32.86
-32.86
-32.86
-32.86
-32.86
-32.86
-32.86
-32.86
-32.86
-32.86
-32.86
-32.86
-32.86
-32.86
-32.86
-32.86
-32.86
-32.86
-32.86
-32.86
-32.86
-32.86
-32.86
-32.86
-32.86
-32.86
-32.86
-32.86
-32.86
-32.86
-32.86
-32.86
-32.86
-32.86
-32.86
-32.86
-32.86
-32.86
-32.86
-32.86
-32.86
-32.86
-32.86
-32.86
-32.86
-32.86
-32.86
-32.86
-32.86
-32.86
-32.86
-32.86
-32.86
-32.86
-32.86
-32.86
-32.86
-32.86
-32.86
-32.86
-32.86
-32.86
-32.86
-32.86
-32.86
-32.86
-32.86
-32.86
-32.86
-32.86
-32.86
-32.86
-32.86
-32.86
-32.86
-32.86
-32.86
-32.86
-32.86
-32.86
-32.86
-32.86
-32.86
-32.86
-32.86
-32.86
-32.86
-32.86
-32.86
-32.86
-32.86
-32.86
-32.86
-32.86
-32.86
-32.86
-32.86
-32.86
-32.86
-32.86
-32.86
-32.86
-32.86
-32.86
-32.86
-32.86
-32.86
-32.86
-32.86
-32.86
-32.86
-32.86
-32.86
-32.86
-32.86
-32.86
-32.86
-32.86
-32.86
-32.86
-32.86
-32.86
-32.86
-32.86
-32.86
-32.86
-32.86
-32.86
-32.86
-32.86
-32.86
-32.86
-32.86
-32.86
-32.86
-32.86
-32.86
-32.86
-32.86
-32.86
-32.86
-32.86
-32.86
-32.86
-32.86
-32.86
-32.86
-32.86
-32.86
-32.86
-32.86
-32.86
-32.86
-32.86
-32.86
-32.86
-32.86
-32.86
-32.86
-32.86
-32.86
-32.86
-32.86
-32.86
-32.86
-32.86
-32.86
-32.86
-32.86
-32.86
-32.86
-32.86
-32.86
-32.86
-32.86
-32.86
-32.86
-32.86
-32.86
-32.86
-32.86
-32.86
-32.86
-32.86
-32.86
-32.86
-32.86
-32.86
-32.86
-32.86
-32.86
-32.86
-32.86
-32.86
-32.86
-32.86
-32.86
-32.86
-32.86
-32.86
-32.86
-32.86
-32.86
-32.86
-32.86
-32.86
-32.86
-32.86
-32.86
-32.86
-32.86
-32.86
-32.86
-32.86
-32.86
-32.86
-32.86
-32.86
-32.86
-32.86
-32.86
-32.86
-32.86
-32.86
-32.86
-32.86
-32.86
-32.86
-32.86
-32.86
-32.86
-32.86
-32.86
-32.86
-32.86
-32.86
-32.86
-32.86
-32.86
-32.86
-32.86
-32.86
-32.86
-32.86
-32.86
-32.86
-32.86
-32.86
-32.86
-32.86
-32.86
-32.86
-32.86
-32.86
-32.86
-32.86
-32.86
-32.86
-32.86
-32.86
-32.86
-32.86
-32.86
-32.86
-32.86
-32.86
-32.86
-32.86
-32.86
-32.86
-32.86
-32.86
-32.86
-32.86
-32.86
-32.86
-32.86
-32.86
-32.86
-32.86
-32.86
-32.86
-32.86
-32.86
-32.86
-32.86
-32.86
-32.86
-32.86
-32.86
-32.86
-32.86
-32.86
-32.86
-32.86
-32.86
-32.86
-32.86
-32.86
-32.86
-32.86
-32.86
-32.86
-32.86
-32.86
-32.86
-32.86
-32.86
-32.86
-32.86
-32.86
-32.86
-32.86
-32.86
-32.86
-32.86
-32.86
-32.86
-32.86
-32.86
-32.86
-32.86
-32.86
-32.86
-32.86
-32.86
-32.86
-32.86
-32.86
-32.86
-32.86
-32.86
-32.86
-32.86
-32.86
-32.86
-32.86
-32.86
-32.86
-32.86
-32.86
-32.86
-32.86
-32.86
-32.86
-32.86
-32.86
-32.86
-32.86
-32.86
-32.86
-32.86
-32.86
-32.86
-32.86
-32.86
-32.86
-32.86
-32.86
-32.86
-32.86
-32.86
-32.86
-32.86
-32.86
-32.86
-32.86
-32.86
-32.86
-32.86
-32.86
-32.86
-32.86
-32.86
-32.86
-32.86
-32.86
-32.86
-32.86
-32.86
-32.86
-32.86
-32.86
-32.86
-32.86
-32.86
-32.86
-32.86
-32.86
-32.86
-32.86
-32.86
-32.86
-32.86
-32.86
-32.86
-32.86
-32.86
-32.86
-32.86
-32.86
-32.86
-32.86
-32.86
-32.86
-32.86
-32.86
-32.86
-32.86
-32.86
-32.86
-32.86
-32.86
-32.86
-32.86
-32.86
-32.86
-32.86
-32.86
-32.86
-32.86
-32.86
-32.86
-32.86
-32.86
-32.86
-32.86
-32.86
-32.86
-32.86
-32.86
-32.86
-32.86
-32.86
-32.86
-32.86
-32.86
-32.86
-32.86
-32.86
-32.86
-32.86
-32.86
-32.86
-32.86
-32.86
-32.86
-32.86
-32.86
-32.86
-32.86
-32.86
-32.86
-32.86
-32.86
-32.86
-32.86
-32.86
-32.86
-32.86
-32.86
-32.86
-32.86
-32.86
-32.86
-32.86
-32.86
-32.86
-32.86
-32.86
-32.86
-32.86
-32.86
-32.86
-32.86
-32.86
-32.86
-32.86
-32.86
-32.86
-32.86
-32.86
-32.86
-32.86
-32.86
-32.86
-32.86
-32.86
-32.86
-32.86
-32.86
-32.86
-32.86
-32.86
-32.86
-32.86
-32.86
-32.86
-32.86
-32.86
-32.86
-32.86
-32.86
-32.86
-32.86
-32.86
-32.86
-32.86
-32.86
-32.86
-32.86
-32.86
-32.86
-32.86
-32.86
-32.86
-32.86
-32.86
-32.86
-32.86
-32.86
-32.86
-32.86
-32.86
-32.86
-32.86
-32.86
-32.86
-32.86
-32.86
-32.86
-32.86
-32.86
-32.86
-32.86
-32.86
-32.86
-32.86
-32.86
-32.86
-32.86
-32.86
-32.86
-32.86
-32.86
-32.86
-32.86
-32.86
-32.86
-32.86
-32.86
-32.86
-32.86
-32.86
-32.86
-32.86
-32.86
-32.86
-32.86
-32.86
-32.86
-32.86
-32.86
-32.86
-32.86
-32.86
-32.86
-32.86
-32.86
-32.86
-32.86
-32.86
-32.86
-32.86
-32.86
-32.86
-32.86
-32.86
-32.86
-32.86
-32.86
-32.86
-32.86
-32.86
-32.86
-32.86
-32.86
-32.86
-32.86
-32.86
-32.86
-32.86
-32.86
-32.86
-32.86
-32.86
-32.86
-32.86
-32.86
-32.86
-32.86
-32.86
-32.86
-32.86
-32.86
-32.86
-32.86
-32.86
-32.86
-32.86
-32.86
-32.86
-32.86
-32.86
-32.86
-32.86
-32.86
-32.86
-32.86
-32.86
-32.86
-32.86
-32.86
-32.86
-32.86
-32.86
-32.86
-32.86
-32.86
-32.86
-32.86
-32.86
-32.86
-32.86
-32.86
-32.86
-32.86
-32.86
-32.86
-32.86
-32.86
-32.86
-32.86
-32.86
-32.86
-32.86
-32.86
-32.86
-32.86
-32.86
-32.86
-32.86
-32.86
-32.86
-32.86
-32.86
-32.86
-32.86
-32.86
-32.86
-32.86
-32.86
-32.86
-32.86
-32.86
-32.86
-32.86
-32.86
-32.86
-32.86
-32.86
-32.86
-32.86
-32.86
-32.86
-32.86
-32.86
-32.86
-32.86
-32.86
-32.86
-32.86
-32.86
-32.86
-32.86
-32.86
-32.86
-32.86
-32.86
-32.86
-32.86
-32.86
-32.86
-32.86
-32.86
-32.86
-32.86
-32.86
-32.86
-32.86
-32.86
-32.86
-32.86
-32.86
-32.86
-32.86
-32.86
-32.86
-32.86
-32.86
-32.86
-32.86
-32.86
-32.86
-32.86
-32.86
-32.86
-32.86
-32.86
-32.86
-32.86
-32.86
-32.86
-32.86
-32.86
-32.86
-32.86
-32.86
-32.86
-32.86
-32.86
-32.86
-32.86
-32.86
-32.86
-32.86
-32.86
-32.86
-32.86
-32.86
-32.86
-32.86
-32.86
-32.86
-32.86
-32.86
-32.86
-32.86
-32.86
-32.86
-32.86
-32.86
-32.86
-32.86
-32.86
-32.86
-32.86
-32.86
-32.86
-32.86
-32.86
-32.86
-32.86
-32.86
-32.86
-32.86
-32.86
-32.86
-32.86
-32.86
-32.86
-32.86
-32.86
-32.86
-32.86
-32.86
-32.86
-32.86
-32.86
-32.86
-32.86
-32.86
-32.86
-32.86
-32.86
-32.86
-32.86
-32.86
-32.86
-32.86
-32.86
-32.86
-32.86
-32.86
-32.86
-32.86
-32.86
-32.86
-32.86
-32.86
-32.86
-32.86
-32.86
-32.86
-32.86
-32.86
-32.86
-32.86
-32.86
-32.86
-32.86
-32.86
-32.86
-32.86
-32.86
-32.86
-32.86
-32.86
-32.86
-32.86
-32.86
-32.86
-32.86
-32.86
-32.86
-32.86
-32.86
-32.86
-32.86
-32.86
-32.86
-32.86
-32.86
-32.86
-32.86
-32.86
-32.86
-32.86
-32.86
-32.86
-32.86
-32.86
-32.86
-32.86
-32.86
-32.86
-32.86
-32.86
-32.86
-32.86
-32.86
-32.86
-32.86
-32.86
-32.86
-32.86
-32.86
-32.86
-32.86
-32.86
-32.86
-32.86
-32.86
-32.86
-32.86
-32.86
-32.86
-32.86
-32.86
-32.86
-32.86
-32.86
-32.86
-32.86
-32.86
-32.86
-32.86
-32.86
-32.86
-32.86
-32.86
-32.86
-32.86
-32.86
-32.86
-32.86
-32.86
-32.86
-32.86
-32.86
-32.86
-32.86
-32.86
-32.86
-32.86
-32.86
-32.86
-32.86
-32.86
-32.86
-32.86
-32.86
-32.86
-32.86
-32.86
-32.86
-32.86
-32.86
-32.86
-32.86
-32.86
-32.86
-32.86
-32.86
-32.86
-32.86
-32.86
-32.86
-32.86
-32.86
-32.86
-32.86
-32.86
-32.86
-32.86
-32.86
-32.86
-32.86
-32.86
-32.86
-32.86
-32.86
-32.86
-32.86
-32.86
-32.86
-32.86
-32.86
-32.86
-32.86
-32.86
-32.86
-32.86
-32.86
-32.86
-32.86
-32.86
-32.86
-32.86
-32.86
-32.86
-32.86
-32.86
-32.86
-32.86
-32.86
-32.86
-32.86
-32.86
-32.86
-32.86
-32.86
-32.86
-32.86
-32.86
-32.86
-32.86
-32.86
-32.86
-32.86
-32.86
-32.86
-32.86
-32.86
-32.86
-32.86
-32.86
-32.86
-32.86
-32.86
-32.86
-32.86
-32.86
-32.86
-32.86
-32.86
-32.86
-32.86
-32.86
-32.86
-32.86
-32.86
-32.86
-32.86
-32.86
-32.86
-32.86
-32.86
-32.86
-32.86
-32.86
-32.86
-32.86
-32.86
-32.86
-32.86
-32.86
-32.86
-32.86
-32.86
-32.86
-32.86
-32.86
-32.86
-32.86
-32.86
-32.86
-32.86
-32.86
-32.86
-32.86
-32.86
-32.86
-32.86
-32.86
-32.86
-32.86
-32.86
-32.86
-32.86
-32.86
-32.86
-32.86
-32.86
-32.86
-32.86
-32.86
-32.86
-32.86
-32.86
-32.86
-32.86
-32.86
-32.86
-32.86
-32.86
-32.86
-32.86
-32.86
-32.86
-32.86
-32.86
-32.86
-32.86
-32.86
-32.86
-32.86
-32.86
-32.86
-32.86
-32.86
-32.86
-32.86
-32.86
-32.86
-32.86
-32.86
-32.86
-32.86
-32.86
-32.86
-32.86
-32.86
-32.86
-32.86
-32.86
-32.86
-32.86
-32.86
-32.86
-32.86
-32.86
-32.86
-32.86
-32.86
-32.86
-32.86
-32.86
-32.86
-32.86
-32.86
-32.86
-32.86
-32.86
-32.86
-32.86
-32.86
-32.86
-32.86
-32.86
-32.86
-32.86
-32.86
-32.86
-32.86
-32.86
-32.86
-32.86
-32.86
-32.86
-32.86
-32.86
-32.86
-32.86
-32.86
-32.86
-32.86
-32.86
-32.86
-32.86
-32.86
-32.86
-32.86
-32.86
-32.86
-32.86
-32.86
-32.86
-32.86
-32.86
-32.86
-32.86
-32.86
-32.86
-32.86
-32.86
-32.86
-32.86
-32.86
-32.86
-32.86
-32.86
-32.86
-32.86
-32.86
-32.86
-32.86
-32.86
-32.86
-32.86
-32.86
-32.86
-32.86
-32.86
-32.86
-32.86
-32.86
-32.86
-32.86
-32.86
-32.86
-32.86
-32.86
-32.86
-32.86
-32.86
-32.86
-32.86
-32.86
-32.86
-32.86
-32.86
-32.86
-32.86
-32.86
-32.86
-32.86
-32.86
-32.86
-32.86
-32.86
-32.86
-32.86
-32.86
-32.86
-32.86
-32.86
-32.86
-32.86
-32.86
-32.86
-32.86
-32.86
-32.86
-32.86
-32.86
-32.86
-32.86
-32.86
-32.86
-32.86
-32.86
-32.86
-32.86
-32.86
-32.86
-32.86
-32.86
-32.86
-32.86
-32.86
-32.86
-32.86
-32.86
-32.86
-32.86
-32.86
-32.86
-32.86
-32.86
-32.86
-32.86
-32.86
-32.86
-32.86
-32.86
-32.86
-32.86
-32.86
-32.86
-32.86
-32.86
-32.86
-32.86
-32.86
-32.86
-32.86
-32.86
-32.86
-32.86
-32.86
-32.86
-32.86
-32.86
-32.86
-32.86
-32.86
-32.86
-32.86
-32.86
-32.86
-32.86
-32.86
-32.86
-32.86
-32.86
-32.86
-32.86
-32.86
-32.86
-32.86
-32.86
-32.86
-32.86
-32.86
-32.86
-32.86
-32.86
-32.86
-32.86
-32.86
-32.86
-32.86
-32.86
-32.86
-32.86
-32.86
-32.86
-32.86
-32.86
-32.86
-32.86
-32.86
-32.86
-32.86
-32.86
-32.86
-32.86
-32.86
-32.86
-32.86
-32.86
-32.86
-32.86
-32.86
-32.86
-32.86
-32.86
-32.86
-32.86
-32.86
-32.86
-32.86
-32.86
-32.86
-32.86
-32.86
-32.86
-32.86
-32.86
-32.86
-32.86
-32.86
-32.86
-32.86
-32.86
-32.86
-32.86
-32.86
-32.86
-32.86
-32.86
-32.86
-32.86
-32.86
-32.86
-32.86
-32.86
-32.86
-32.86
-32.86
-32.86
-32.86
-32.86
-32.86
-32.86
-32.86
-32.86
-32.86
-32.86
-32.86
-32.86
-32.86
-32.86
-32.86
-32.86
-32.86
-32.86
-32.86
-32.86
-32.86
-32.86
-32.86
-32.86
-32.86
-32.86
-32.86
-32.86
-32.86
-32.86
-32.86
-32.86
-32.86
-32.86
-32.86
-32.86
-32.86
-32.86
-32.86
-32.86
-32.86
-32.86
-32.86
-32.86
-32.86
-32.86
-32.86
-32.86
-32.86
-32.86
-32.86
-32.86
-32.86
-32.86
-32.86
-32.86
-32.86
-32.86
-32.86
-32.86
-32.86
-32.86
-32.86
-32.86
-32.86
-32.86
-32.86
-32.86
-32.86
-32.86
-32.86
-32.86
-32.86
-32.86
-32.86
-32.86
-32.86
-32.86
-32.86
-32.86
-32.86
-32.86
-32.86
-32.86
-32.86
-32.86
-32.86
-32.86
-32.86
-32.86
-32.86
-32.86
-32.86
-32.86
-32.86
-32.86
-32.86
-32.86
-32.86
-32.86
-32.86
-32.86
-32.86
-32.86
-32.86
-32.86
-32.86
-32.86
-32.86
-32.86
-32.86
-32.86
-32.86
-32.86
-32.86
-32.86
-32.86
-32.86
-32.86
-32.86
-32.86
-32.86
-32.86
-32.86
-32.86
-32.86
-32.86
-32.86
-32.86
-32.86
-32.86
-32.86
-32.86
-32.86
-32.86
-32.86
-32.86
-32.86
-32.86
-32.86
-32.86
-32.86
-32.86
-32.86
-32.86
-32.86
-32.86
-32.86
-32.86
-32.86
-32.86
-32.86
-32.86
-32.86
-32.86
-32.86
-32.86
-32.86
-32.86
-32.86
-32.86
-32.86
-32.86
-32.86
-32.86
-32.86
-32.86
-32.86
-32.86
-32.86
-32.86
-32.86
-32.86
-32.86
-32.86
-32.86
-32.86
-32.86
-32.86
-32.86
-32.86
-32.86
-32.86
-32.86
-32.86
-32.86
-32.86
-32.86
-32.86
-32.86
-32.86
-32.86
-32.86
-32.86
-32.86
-32.86
-32.86
-32.86
-32.86
-32.86
-32.86
-32.86
-32.86
-32.86
-32.86
-32.86
-32.86
-32.86
-32.86
-32.86
-32.86
-32.86
-32.86
-32.86
-32.86
-32.86
-32.86
-32.86
-32.86
-32.86
-32.86
-32.86
-32.86
-32.86
-32.86
-32.86
-32.86
-32.86
-32.86
-32.86
-32.86
-32.86
-32.86
-32.86
-32.86
-32.86
-32.86
-32.86
-32.86
-32.86
-32.86
-32.86
-32.86
-32.86
-32.86
-32.86
-32.86
-32.86
-32.86
-32.86
-32.86
-32.86
-32.86
-32.86
-32.86
-32.86
-32.86
-32.86
-32.86
-32.86
-32.86
-32.86
-32.86
-32.86
-32.86
-32.86
-32.86
-32.86
-32.86
-32.86
-32.86
-32.86
-32.86
-32.86
-32.86
-32.86
-32.86
-32.86
-32.86
-32.86
-32.86
-32.86
-32.86
-32.86
-32.86
-32.86
-32.86
-32.86
-32.86
-32.86
-32.86
-32.86
-32.86
-32.86
-32.86
-32.86
-32.86
-32.86
-32.86
-32.86
-32.86
-32.86
-32.86
-32.86
-32.86
-32.86
-32.86
-32.86
-32.86
-32.86
-32.86
-32.86
-32.86
-32.86
-32.86
-32.86
-32.86
-32.86
-32.86
-32.86
-32.86
-32.86
-32.86
-32.86
-32.86
-32.86
-32.86
-32.86
-32.86
-32.86
-32.86
-32.86
-32.86
-32.86
-32.86
-32.86
-32.86
-32.86
-32.86
-32.86
-32.86
-32.86
-32.86
-32.86
-32.86
-32.86
-32.86
-32.86
-32.86
-32.86
-32.86
-32.86
-32.86
-32.86
-32.86
-32.86
-32.86
-32.86
-32.86
-32.86
-32.86
-32.86
-32.86
-32.86
-32.86
-32.86
-32.86
-32.86
-32.86
-32.86
-32.86
-32.86
-32.86
-32.86
-32.86
-32.86
-32.86
-32.86
-32.86
-32.86
-32.86
-32.86
-32.86
-32.86
-32.86
-32.86
-32.86
-32.86
-32.86
-32.86
-32.86
-32.86
-32.86
-32.86
-32.86
-32.86
-32.86
-32.86
-32.86
-32.86
-32.86
-32.86
-32.86
-32.86
-32.86
-32.86
-32.86
-32.86
-32.86
-32.86
-32.86
-32.86
-32.86
-32.86
-32.86
-32.86
-32.86
-32.86
-32.86
-32.86
-32.86
-32.86
-32.86
-32.86
-32.86
-32.86
-32.86
-32.86
-32.86
-32.86
-32.86
-32.86
-32.86
-32.86
-32.86
-32.86
-32.86
-32.86
-32.86
-32.86
-32.86
-32.86
-32.86
-32.86
-32.86
-32.86
-32.86
-32.86
-32.86
-32.86
-32.86
-32.86
-32.86
-32.86
-32.86
-32.86
-32.86
-32.86
-32.86
-32.86
-32.86
-32.86
-32.86
-32.86
-32.86
-32.86
-32.86
-32.86
-32.86
-32.86
-32.86
-32.86
-32.86
-32.86
-32.86
-32.86
-32.86
-32.86
-32.86
-32.86
-32.86
-32.86
-32.86
-32.86
-32.86
-32.86
-32.86
-32.86
-32.86
-32.86
-32.86
-32.86
-32.86
-32.86
-32.86
-32.86
-32.86
-32.86
-32.86
-32.86
-32.86
-32.86
-32.86
-32.86
-32.86
-32.86
-32.86
-32.86
-32.86
-32.86
-32.86
-32.86
-32.86
-32.86
-32.86
-32.86
-32.86
-32.86
-32.86
-32.86
-32.86
-32.86
-32.86
-32.86
-32.86
-32.86
-32.86
-32.86
-32.86
-32.86
-32.86
-32.86
-32.86
-32.86
-32.86
-32.86
-32.86
-32.86
-32.86
-32.86
-32.86
-32.86
-32.86
-32.86
-32.86
-32.86
-32.86
-32.86
-32.86
-32.86
-32.86
-32.86
-32.86
-32.86
-32.86
-32.86
-32.86
-32.86
-32.86
-32.86
-32.86
-32.86
-32.86
-32.86
-32.86
-32.86
-32.86
-32.86
-32.86
-32.86
-32.86
-32.86
-32.86
-32.86
-32.86
-32.86
-32.86
-32.86
-32.86
-32.86
-32.86
-32.86
-32.86
-32.86
-32.86
-32.86
-32.86
-32.86
-32.86
-32.86
-32.86
-32.86
-32.86
-32.86
-32.86
-32.86
-32.86
-32.86
-32.86
-32.86
-32.86
-32.86
-32.86
-32.86
-32.86
-32.86
-32.86
-32.86
-32.86
-32.86
-32.86
-32.86
-32.86
-32.86
-32.86
-32.86
-32.86
-32.86
-32.86
-32.86
-32.86
-32.86
-32.86
-32.86
-32.86
-32.86
-32.86
-32.86
-32.86
-32.86
-32.86
-32.86
-32.86
-32.86
-32.86
-32.86
-32.86
-32.86
-32.86
-32.86
-32.86
-32.86
-32.86
-32.86
-32.86
-32.86
-32.86
-32.86
-32.86
-32.86
-32.86
-32.86
-32.86
-32.86
-32.86
-32.86
-32.86
-32.86
-32.86
-32.86
-32.86
-32.86
-32.86
-32.86
-32.86
-32.86
-32.86
-32.86
-32.86
-32.86
-32.86
-32.86
-32.86
-32.86
-32.86
-32.86
-32.86
-32.86
-32.86
-32.86
-32.86
-32.86
-32.86
-32.86
-32.86
-32.86
-32.86
-32.86
-32.86
-32.86
-32.86
-32.86
-32.86
-32.86
-32.86
-32.86
-32.86
-32.86
-32.86
-32.86
-32.86
-32.86
-32.86
-32.86
-32.86
-32.86
-32.86
-32.86
-32.86
-32.86
-32.86
-32.86
-32.86
-32.86
-32.86
-32.86
-32.86
-32.86
-32.86
-32.86
-32.86
-32.86
-32.86
-32.86
-32.86
-32.86
-32.86
-32.86
-32.86
-32.86
-32.86
-32.86
-32.86
-32.86
-32.86
-32.86
-32.86
-32.86
-32.86
-32.86
-32.86
-32.86
-32.86
-32.86
-32.86
-32.86
-32.86
-32.86
-32.86
-32.86
-32.86
-32.86
-32.86
-32.86
-32.86
-32.86
-32.86
-32.86
-32.86
-32.86
-32.86
-32.86
-32.86
-32.86
-32.86
-32.86
-32.86
-32.86
-32.86
-32.86
-32.86
-32.86
-32.86
-32.86
-32.86
-32.86
-32.86
-32.86
-32.86
-32.86
-32.86
-32.86
-32.86
-32.86
-32.86
-32.86
-32.86
-32.86
-32.86
-32.86
-32.86
-32.86
-32.86
-32.86
-32.86
-32.86
-32.86
-32.86
-32.86
-32.86
-32.86
-32.86
-32.86
-32.86
-32.86
-32.86
-32.86
-32.86
-32.86
-32.86
-32.86
-32.86
-32.86
-32.86
-32.86
-32.86
-32.86
-32.86
-32.86
-32.86
-32.86
-32.86
-32.86
-32.86
-32.86
-32.86
-32.86
-32.86
-32.86
-32.86
-32.86
-32.86
-32.86
-32.86
-32.86
-32.86
-32.86
-32.86
-32.86
-32.86
-32.86
-32.86
-32.86
-32.86
-32.86
-32.86
-32.86
-32.86
-32.86
-32.86
-32.86
-32.86
-32.86
-32.86
-32.86
-32.86
-32.86
-32.86
-32.86
-32.86
-32.86
-32.86
-32.86
-32.86
-32.86
-32.86
-32.86
-32.86
-32.86
-32.86
-32.86
-32.86
-32.86
-32.86
-32.86
-32.86
-32.86
-32.86
-32.86
-32.86
-32.86
-32.86
-32.86
-32.86
-32.86
-32.86
-32.86
-32.86
-32.86
-32.86
-32.86
-32.86
-32.86
-32.86
-32.86
-32.86
-32.86
-32.86
-32.86
-32.86
-32.86
-32.86
-32.86
-32.86
-32.86
-32.86
-32.86
-32.86
-32.86
-32.86
-32.86
-32.86
-32.86
-32.86
-32.86
-32.86
-32.86
-32.86
-32.86
-32.86
-32.86
-32.86
-32.86
-32.86
-32.86
-32.86
-32.86
-32.86
-32.86
-32.86
-32.86
-32.86
-32.86
-32.86
-32.86
-32.86
-32.86
-32.86
-32.86
-32.86
-32.86
-32.86
-32.86
-32.86
-32.86
-32.86
-32.86
-32.86
-32.86
-32.86
-32.86
-32.86
-32.86
-32.86
-32.86
-32.86
-32.86
-32.86
-32.86
-32.86
-32.86
-32.86
-32.86
-32.86
-32.86
-32.86
-32.86
-32.86
-32.86
-32.86
-32.86
-32.86
-32.86
-32.86
-32.86
-32.86
-32.86
-32.86
-32.86
-32.86
-32.86
-32.86
-32.86
-32.86
-32.86
-32.86
-32.86
-32.86
-32.86
-32.86
-32.86
-32.86
-32.86
-32.86
-32.86
-32.86
-32.86
-32.86
-32.86
-32.86
-32.86
-32.86
-32.86
-32.86
-32.86
-32.86
-32.86
-32.86
-32.86
-32.86
-32.86
-32.86
-32.86
-32.86
-32.86
-32.86
-32.86
-32.86
-32.86
-32.86
-32.86
-32.86
-32.86
-32.86
-32.86
-32.86
-32.86
-32.86
-32.86
-32.86
-32.86
-32.86
-32.86
-32.86
-32.86
-32.86
-32.86
-32.86
-32.86
-32.86
-32.86
-32.86
-32.86
-32.86
-32.86
-32.86
-32.86
-32.86
-32.86
-32.86
-32.86
-32.86
-32.86
-32.86
-32.86
-32.86
-32.86
-32.86
-32.86
-32.86
-32.86
-32.86
-32.86
-32.86
-32.86
-32.86
-32.86
-32.86
-32.86
-32.86
-32.86
-32.86
-32.86
-32.86
-32.86
-32.86
-32.86
-32.86
-32.86
-32.86
-32.86
-32.86
-32.86
-32.86
-32.86
-32.86
-32.86
-32.86
-32.86
-32.86
-32.86
-32.86
-32.86
-32.86
-32.86
-32.86
-32.86
-32.86
-32.86
-32.86
-32.86
-32.86
-32.86
-32.86
-32.86
-32.86
-32.86
-32.86
-32.86
-32.86
-32.86
-32.86
-32.86
-32.86
-32.86
-32.86
-32.86
-32.86
-32.86
-32.86
-32.86
-32.86
-32.86
-32.86
-32.86
-32.86
-32.86
-32.86
-32.86
-32.86
-32.86
-32.86
-32.86
-32.86
-32.86
-32.86
-32.86
-32.86
-32.86
-32.86
-32.86
-32.86
-32.86
-32.86
-32.86
-32.86
-32.86
-32.86
-32.86
-32.86
-32.86
-32.86
-32.86
-32.86
-32.86
-32.86
-32.86
-32.86
-32.86
-32.86
-32.86
-32.86
-32.86
-32.86
-32.86
-32.86
-32.86
-32.86
-32.86
-32.86
-32.86
-32.86
-32.86
-32.86
-32.86
-32.86
-32.86
-32.86
-32.86
-32.86
-32.86
-32.86
-32.86
-32.86
-32.86
-32.86
-32.86
-32.86
-32.86
-32.86
-32.86
-32.86
-32.86
-32.86
-32.86
-32.86
-32.86
-32.86
-32.86
-32.86
-32.86
-32.86
-32.86
-32.86
-32.86
-32.86
-32.86
-32.86
-32.86
-32.86
-32.86
-32.86
-32.86
-32.86
-32.86
-32.86
-32.86
-32.86
-32.86
-32.86
-32.86
-32.86
-32.86
-32.86
-32.86
-32.86
-32.86
-32.86
-32.86
-32.86
-32.86
-32.86
-32.86
-32.86
-32.86
-32.86
-32.86
-32.86
-32.86
-32.86
-32.86
-32.86
-32.86
-32.86
-32.86
-32.86
-32.86
-32.86
-32.86
-32.86
-32.86
-32.86
-32.86
-32.86
-32.86
-32.86
-32.86
-32.86
-32.86
-32.86
-32.86
-32.86
-32.86
-32.86
-32.86
-32.86
-32.86
-32.86
-32.86
-32.86
-32.86
-32.86
-32.86
-32.86
-32.86
-32.86
-32.86
-32.86
-32.86
-32.86
-32.86
-32.86
-32.86
-32.86
-32.86
-32.86
-32.86
-32.86
-32.86
-32.86
-32.86
-32.86
-32.86
-32.86
-32.86
-32.86
-32.86
-32.86
-32.86
-32.86
-32.86
-32.86
-32.86
-32.86
-32.86
-32.86
-32.86
-32.86
-32.86
-32.86
-32.86
-32.86
-32.86
-32.86
-32.86
-32.86
-32.86
-32.86
-32.86
-32.86
-32.86
-32.86
-32.86
-32.86
-32.86
-32.86
-32.86
-32.86
-32.86
-32.86
-32.86
-32.86
-32.86
-32.86
-32.86
-32.86
-32.86
-32.86
-32.86
-32.86
-32.86
-32.86
-32.86
-32.86
-32.86
-32.86
-32.86
-32.86
-32.86
-32.86
-32.86
-32.86
-32.86
-32.86
-32.86
-32.86
-32.86
-32.86
-32.86
-32.86
-32.86
-32.86
-32.86
-32.86
-32.86
-32.86
-32.86
-32.86
-32.86
-32.86
-32.86
-32.86
-32.86
-32.86
-32.86
-32.86
-32.86
-32.86
-32.86
-32.86
-32.86
-32.86
-32.86
-32.86
-32.86
-32.86
-32.86
-32.86
-32.86
-32.86
-32.86
-32.86
-32.86
-32.86
-32.86
-32.86
-32.86
-32.86
-32.86
-32.86
-32.86
-32.86
-32.86
-32.86
-32.86
-32.86
-32.86
-32.86
-32.86
-32.86
-32.86
-32.86
-32.86
-32.86
-32.86
-32.86
-32.86
-32.86
-32.86
-32.86
-32.86
-32.86
-32.86
-32.86
-32.86
-32.86
-32.86
-32.86
-32.86
-32.86
-32.86
-32.86
-32.86
-32.86
-32.86
-32.86
-32.86
-32.86
-32.86
-32.86
-32.86
-32.86
-32.86
-32.86
-32.86
-32.86
-32.86
-32.86
-32.86
-32.86
-32.86
-32.86
-32.86
-32.86
-32.86
-32.86
-32.86
-32.86
-32.86
-32.86
-32.86
-32.86
-32.86
-32.86
-32.86
-32.86
-32.86
-32.86
-32.86
-32.86
-32.86
-32.86
-32.86
-32.86
-32.86
-32.86
-32.86
-32.86
-32.86
-32.86
-32.86
-32.86
-32.86
-32.86
-32.86
-32.86
-32.86
-32.86
-32.86
-32.86
-32.86
-32.86
-32.86
-32.86
-32.86
-32.86
-32.86
-32.86
-32.86
-32.86
-32.86
-32.86
-32.86
-32.86
-32.86
-32.86
-32.86
-32.86
-32.86
-32.86
-32.86
-32.86
-32.86
-32.86
-32.86
-32.86
-32.86
-32.86
-32.86
-32.86
-32.86
-32.86
-32.86
-32.86
-32.86
-32.86
-32.86
-32.86
-32.86
-32.86
-32.86
-32.86
-32.86
-32.86
-32.86
-32.86
-32.86
-32.86
-32.86
-32.86
-32.86
-32.86
-32.86
-32.86
-32.86
-32.86
-32.86
-32.86
-32.86
-32.86
-32.86
-32.86
-32.86
-32.86
-32.86
-32.86
-32.86
-32.86
-32.86
-32.86
-32.86
-32.86
-32.86
-32.86
-32.86
-32.86
-32.86
-32.86
-32.86
-32.86
-32.86
-32.86
-32.86
-32.86
-32.86
-32.86
-32.86
-32.86
-32.86
-32.86
-32.86
-32.86
-32.86
-32.86
-32.86
-32.86
-32.86
-32.86
-32.86
-32.86
-32.86
-32.86
-32.86
-32.86
-32.86
-32.86
-32.86
-32.86
-32.86
-32.86
-32.86
-32.86
-32.86
-32.86
-32.86
-32.86
-32.86
-32.86
-32.86
-32.86
-32.86
-32.86
-32.86
-32.86
-32.86
-32.86
-32.86
-32.86
-32.86
-32.86
-32.86
-32.86
-32.86
-32.86
-32.86
-32.86
-32.86
-32.86
-32.86
-32.86
-32.86
-32.86
-32.86
-32.86
-32.86
-32.86
-32.86
-32.86
-32.86
-32.86
-32.86
-32.86
-32.86
-32.86
-32.86
-32.86
-32.86
-32.86
-32.86
-32.86
-32.86
-32.86
-32.86
-32.86
-32.86
-32.86
-32.86
-32.86
-32.86
-32.86
-32.86
-32.86
-32.86
-32.86
-32.86
-32.86
-32.86
-32.86
-32.86
-32.86
-32.86
-32.86
-32.86
-32.86
-32.86
-32.86
-32.86
-32.86
-32.86
-32.86
-32.86
-32.86
-32.86
-32.86
-32.86
-32.86
-32.86
-32.86
-32.86
-32.86
-32.86
-32.86
-32.86
-32.86
-32.86
-32.86
-32.86
-32.86
-32.86
-32.86
-32.86
-32.86
-32.86
-32.86
-32.86
-32.86
-32.86
-32.86
-32.86
-32.86
-32.86
-32.86
-32.86
-32.86
-32.86
-32.86
-32.86
-32.86
-32.86
-32.86
-32.86
-32.86
-32.86
-32.86
-32.86
-32.86
-32.86
-32.86
-32.86
-32.86
-32.86
-32.86
-32.86
-32.86
-32.86
-32.86
-32.86
-32.86
-32.86
-32.86
-32.86
-32.86
-32.86
-32.86
-32.86
-32.86
-32.86
-32.86
-32.86
-32.86
-32.86
-32.86
-32.86
-32.86
-32.86
-32.86
-32.86
-32.86
-32.86
-32.86
-32.86
-32.86
-32.86
-32.86
-32.86
-32.86
-32.86
-32.86
-32.86
-32.86
-32.86
-32.86
-32.86
-32.86
-32.86
-32.86
-32.86
-32.86
-32.86
-32.86
-32.86
-32.86
-32.86
-32.86
-32.86
-32.86
-32.86
-32.86
-32.86
-32.86
-32.86
-32.86
-32.86
-32.86
-32.86
-32.86
-32.86
-32.86
-32.86
-32.86
-32.86
-32.86
-32.86
-32.86
-32.86
-32.86
-32.86
-32.86
-32.86
-32.86
-32.86
-32.86
-32.86
-32.86
-32.86
-32.86
-32.86
-32.86
-32.86
-32.86
-32.86
-32.86
-32.86
-32.86
-32.86
-32.86
-32.86
-32.86
-32.86
-32.86
-32.86
-32.86
-32.86
-32.86
-32.86
-32.86
-32.86
-32.86
-32.86
-32.86
-32.86
-32.86
-32.86
-32.86
-32.86
-32.86
-32.86
-32.86
-32.86
-32.86
-32.86
-32.86
-32.86
-32.86
-32.86
-32.86
-32.86
-32.86
-32.86
-32.86
-32.86
-32.86
-32.86
-32.86
-32.86
-32.86
-32.86
-32.86
-32.86
-32.86
-32.86
-32.86
-32.86
-32.86
-32.86
-32.86
-32.86
-32.86
-32.86
-32.86
-32.86
-32.86
-32.86
-32.86
-32.86
-32.86
-32.86
-32.86
-32.86
-32.86
-32.86
-32.86
-32.86
-32.86
-32.86
-32.86
-32.86
-32.86
-32.86
-32.86
-32.86
-32.86
-32.86
-32.86
-32.86
-32.86
-32.86
-32.86
-32.86
-32.86
-32.86
-32.86
-32.86
-32.86
-32.86
-32.86
-32.86
-32.86
-32.86
-32.86
-32.86
-32.86
-32.86
-32.86
-32.86
-32.86
-32.86
-32.86
-32.86
-32.86
-32.86
-32.86
-32.86
-32.86
-32.86
-32.86
-32.86
-32.86
-32.86
-32.86
-32.86
-32.86
-32.86
-32.86
-32.86
-32.86
-32.86
-32.86
-32.86
-32.86
-32.86
-32.86
-32.86
-32.86
-32.86
-32.86
-32.86
-32.86
-32.86
-32.86
-32.86
-32.86
-32.86
-32.86
-32.86
-32.86
-32.86
-32.86
-32.86
-32.86
-32.86
-32.86
-32.86
-32.86
-32.86
-32.86
-32.86
-32.86
-32.86
-32.86
-32.86
-32.86
-32.86
-32.86
-32.86
-32.86
-32.86
-32.86
-32.86
-32.86
-32.86
-32.86
-32.86
-32.86
-32.86
-32.86
-32.86
-32.86
-32.86
-32.86
-32.86
-32.86
-32.86
-32.86
-32.86
-32.86
-32.86
-32.86
-32.86
-32.86
-32.86
-32.86
-32.86
-32.86
-32.86
-32.86
-32.86
-32.86
-32.86
-32.86
-32.86
-32.86
-32.86
-32.86
-32.86
-32.86
-32.86
-32.86
-32.86
-32.86
-32.86
-32.86
-32.86
-32.86
-32.86
-32.86
-32.86
-32.86
-32.86
-32.86
-32.86
-32.86
-32.86
-32.86
-32.86
-32.86
-32.86
-32.86
-32.86
-32.86
-32.86
-32.86
-32.86
-32.86
-32.86
-32.86
-32.86
-32.86
-32.86
-32.86
-32.86
-32.86
-32.86
-32.86
-32.86
-32.86
-32.86
-32.86
-32.86
-32.86
-32.86
-32.86
-32.86
-32.86
-32.86
-32.86
-32.86
-32.86
-32.86
-32.86
-32.86
-32.86
-32.86
-32.86
-32.86
-32.86
-32.86
-32.86
-32.86
-32.86
-32.86
-32.86
-32.86
-32.86
-32.86
-32.86
-32.86
-32.86
-32.86
-32.86
-32.86
-32.86
-32.86
-32.86
-32.86
-32.86
-32.86
-32.86
-32.86
-32.86
-32.86
-32.86
-32.86
-32.86
-32.86
-32.86
-32.86
-32.86
-32.86
-32.86
-32.86
-32.86
-32.86
-32.86
-32.86
-32.86
-32.86
-32.86
-32.86
-32.86
-32.86
-32.86
-32.86
-32.86
-32.86
-32.86
-32.86
-32.86
-32.86
-32.86
-32.86
-32.86
-32.86
-32.86
-32.86
-32.86
-32.86
-32.86
-32.86
-32.86
-32.86
-32.86
-32.86
-32.86
-32.86
-32.86
-32.86
-32.86
-32.86
-32.86
-32.86
-32.86
-32.86
-32.86
-32.86
-32.86
-32.86
-32.86
-32.86
-32.86
-32.86
-32.86
-32.86
-32.86
-32.86
-32.86
-32.86
-32.86
-32.86
-32.86
-32.86
-32.86
-32.86
-32.86
-32.86
-32.86
-32.86
-32.86
-32.86
-32.86
-32.86
-32.86
-32.86
-32.86
-32.86
-32.86
-32.86
-32.86
-32.86
-32.86
-32.86
-32.86
-32.86
-32.86
-32.86
-32.86
-32.86
-32.86
-32.86
-32.86
-32.86
-32.86
-32.86
-32.86
-32.86
-32.86
-32.86
-32.86
-32.86
-32.86
-32.86
-32.86
-32.86
-32.86
-32.86
-32.86
-32.86
-32.86
-32.86
-32.86
-32.86
-32.86
-32.86
-32.86
-32.86
-32.86
-32.86
-32.86
-32.86
-32.86
-32.86
-32.86
-32.86
-32.86
-32.86
-32.86
-32.86
-32.86
-32.86
-32.86
-32.86
-32.86
-32.86
-32.86
-32.86
-32.86
-32.86
-32.86
-32.86
-32.86
-32.86
-32.86
-32.86
-32.86
-32.86
-32.86
-32.86
-32.86
-32.86
-32.86
-32.86
-32.86
-32.86
-32.86
-32.86
-32.86
-32.86
-32.86
-32.86
-32.86
-32.86
-32.86
-32.86
-32.86
-32.86
-32.86
-32.86
-32.86
-32.86
-32.86
-32.86
-32.86
-32.86
-32.86
-32.86
-32.86
-32.86
-32.86
-32.86
-32.86
-32.86
-32.86
-32.86
-32.86
-32.86
-32.86
-32.86
-32.86
-32.86
-32.86
-32.86
-32.86
-32.86
-32.86
-32.86
-32.86
-32.86
-32.86
-32.86
-32.86
-32.86
-32.86
-32.86
-32.86
-32.86
-32.86
-32.86
-32.86
-32.86
-32.86
-32.86
-32.86
-32.86
-32.86
-32.86
-32.86
-32.86
-32.86
-32.86
-32.86
-32.86
-32.86
-32.86
-32.86
-32.86
-32.86
-32.86
-32.86
-32.86
-32.86
-32.86
-32.86
-32.86
-32.86
-32.86
-32.86
-32.86
-32.86
-32.86
-32.86
-32.86
-32.86
-32.86
-32.86
-32.86
-32.86
-32.86
-32.86
-32.86
-32.86
-32.86
-32.86
-32.86
-32.86
-32.86
-32.86
-32.86
-32.86
-32.86
-32.86
-32.86
-32.86
-32.86
-32.86
-32.86
-32.86
-32.86
-32.86
-32.86
-32.86
-32.86
-32.86
-32.86
-32.86
-32.86
-32.86
-32.86
-32.86
-32.86
-32.86
-32.86
-32.86
-32.86
-32.86
-32.86
-32.86
-32.86
-32.86
-32.86
-32.86
-32.86
-32.86
-32.86
-32.86
-32.86
-32.86
-32.86
-32.86
-32.86
-32.86
-32.86
-32.86
-32.86
-32.86
-32.86
-32.86
-32.86
-32.86
-32.86
-32.86
-32.86
-32.86
-32.86
-32.86
-32.86
-32.86
-32.86
-32.86
-32.86
-32.86
-32.86
-32.86
-32.86
-32.86
-32.86
-32.86
-32.86
-32.86
-32.86
-32.86
-32.86
-32.86
-32.86
-32.86
-32.86
-32.86
-32.86
-32.86
-32.86
-32.86
-32.86
-32.86
-32.86
-32.86
-32.86
-32.86
-32.86
-32.86
-32.86
-32.86
-32.86
-32.86
-32.86
-32.86
-32.86
-32.86
-32.86
-32.86
-32.86
-32.86
-32.86
-32.86
-32.86
-32.86
-32.86
-32.86
-32.86
-32.86
-32.86
-32.86
-32.86
-32.86
-32.86
-32.86
-32.86
-32.86
-32.86
-32.86
-32.86
-32.86
-32.86
-32.86
-32.86
-32.86
-32.86
-32.86
-32.86
-32.86
-32.86
-32.86
-32.86
-32.86
-32.86
-32.86
-32.86
-32.86
-32.86
-32.86
-32.86
-32.86
-32.86
-32.86
-32.86
-32.86
-32.86
-32.86
-32.86
-32.86
-32.86
-32.86
-32.86
-32.86
-32.86
-32.86
-32.86
-32.86
-32.86
-32.86
-32.86
-32.86
-32.86
-32.86
-32.86
-32.86
-32.86
-32.86
-32.86
-32.86
-32.86
-32.86
-32.86
-32.86
-32.86
-32.86
-32.86
-32.86
-32.86
-32.86
-32.86
-32.86
-32.86
-32.86
-32.86
-32.86
-32.86
-32.86
-32.86
-32.86
-32.86
-32.86
-32.86
-32.86
-32.86
-32.86
-32.86
-32.86
-32.86
-32.86
-32.86
-32.86
-32.86
-32.86
-32.86
-32.86
-32.86
-32.86
-32.86
-32.86
-32.86
-32.86
-32.86
-32.86
-32.86
-32.86
-32.86
-32.86
-32.86
-32.86
-32.86
-32.86
-32.86
-32.86
-32.86
-32.86
-32.86
-32.86
-32.86
-32.86
-32.86
-32.86
-32.86
-32.86
-32.86
-32.86
-32.86
-32.86
-32.86
-32.86
-32.86
-32.86
-32.86
-32.86
-32.86
-32.86
-32.86
-32.86
-32.86
-32.86
-32.86
-32.86
-32.86
-32.86
-32.86
-32.86
-32.86
-32.86
-32.86
-32.86
-32.86
-32.86
-32.86
-32.86
-32.86
-32.86
-32.86
-32.86
-32.86
-32.86
-32.86
-32.86
-32.86
-32.86
-32.86
-32.86
-32.86
-32.86
-32.86
-32.86
-32.86
-32.86
-32.86
-32.86
-32.86
-32.86
-32.86
-32.86
-32.86
-32.86
-32.86
-32.86
-32.86
-32.86
-32.86
-32.86
-32.86
-32.86
-32.86
-32.86
-32.86
-32.86
-32.86
-32.86
-32.86
-32.86
-32.86
-32.86
-32.86
-32.86
-32.86
-32.86
-32.86
-32.86
-32.86
-32.86
-32.86
-32.86
-32.86
-32.86
-32.86
-32.86
-32.86
-32.86
-32.86
-32.86
-32.86
-32.86
-32.86
-32.86
-32.86
-32.86
-32.86
-32.86
-32.86
-32.86
-32.86
-32.86
-32.86
-32.86
-32.86
-32.86
-32.86
-32.86
-32.86
-32.86
-32.86
-32.86
-32.86
-32.86
-32.86
-32.86
-32.86
-32.86
-32.86
-32.86
-32.86
-32.86
-32.86
-32.86
-32.86
-32.86
-32.86
-32.86
-32.86
-32.86
-32.86
-32.86
-32.86
-32.86
-32.86
-32.86
-32.86
-32.86
-32.86
-32.86
-32.86
-32.86
-32.86
-32.86
-32.86
-32.86
-32.86
-32.86
-32.86
-32.86
-32.86
-32.86
-32.86
-32.86
-32.86
-32.86
-32.86
-32.86
-32.86
-32.86
-32.86
-32.86
-32.86
-32.86
-32.86
-32.86
-32.86
-32.86
-32.86
-32.86
-32.86
-32.86
-32.86
-32.86
-32.86
-32.86
-32.86
-32.86
-32.86
-32.86
-32.86
-32.86
-32.86
-32.86
-32.86
-32.86
-32.86
-32.86
-32.86
-32.86
-32.86
-32.86
-32.86
-32.86
-32.86
-32.86
-32.86
-32.86
-32.86
-32.86
-32.86
-32.86
-32.86
-32.86
-32.86
-32.86
-32.86
-32.86
-32.86
-32.86
-32.86
-32.86
-32.86
-32.86
-32.86
-32.86
-32.86
-32.86
-32.86
-32.86
-32.86
-32.86
-32.86
-32.86
-32.86
-32.86
-32.86
-32.86
-32.86
-32.86
-32.86
-32.86
-32.86
-32.86
-32.86
-32.86
-32.86
-32.86
-32.86
-32.86
-32.86
-32.86
-32.86
-32.86
-32.86
-32.86
-32.86
-32.86
-32.86
-32.86
-32.86
-32.86
-32.86
-32.86
-32.86
-32.86
-32.86
-32.86
-32.86
-32.86
-32.86
-32.86
-32.86
-32.86
-32.86
-32.86
-32.86
-32.86
-32.86
-32.86
-32.86
-32.86
-32.86
-32.86
-32.86
-32.86
-32.86
-32.86
-32.86
-32.86
-32.86
-32.86
-32.86
-32.86
-32.86
-32.86
-32.86
-32.86
-32.86
-32.86
-32.86
-32.86
-32.86
-32.86
-32.86
-32.86
-32.86
-32.86
-32.86
-32.86
-32.86
-32.86
-32.86
-32.86
-32.86
-32.86
-32.86
-32.86
-32.86
-32.86
-32.86
-32.86
-32.86
-32.86
-32.86
-32.86
-32.86
-32.86
-32.86
-32.86
-32.86
-32.86
-32.86
-32.86
-32.86
-32.86
-32.86
-32.86
-32.86
-32.86
-32.86
-32.86
-32.86
-32.86
-32.86
-32.86
-32.86
-32.86
-32.86
-32.86
-32.86
-32.86
-32.86
-32.86
-32.86
-32.86
-32.86
-32.86
-32.86
-32.86
-32.86
-32.86
-32.86
-32.86
-32.86
-32.86
-32.86
-32.86
-32.86
-32.86
-32.86
-32.86
-32.86
-32.86
-32.86
-32.86
-32.86
-32.86
-32.86
-32.86
-32.86
-32.86
-32.86
-32.86
-32.86
-32.86
-32.86
-32.86
-32.86
-32.86
-32.86
-32.86
-32.86
-32.86
-32.86
-32.86
-32.86
-32.86
-32.86
-32.86
-32.86
-32.86
-32.86
-32.86
-32.86
-32.86
-32.86
-32.86
-32.86
-32.86
-32.86
-32.86
-32.86
-32.86
-32.86
-32.86
-32.86
-32.86
-32.86
-32.86
-32.86
-32.86
-32.86
-32.86
-32.86
-32.86
-32.86
-32.86
-32.86
-32.86
-32.86
-32.86
-32.86
-32.86
-32.86
-32.86
-32.86
-32.86
-32.86
-32.86
-32.86
-32.86
-32.86
-32.86
-32.86
-32.86
-32.86
-32.86
-32.86
-32.86
-32.86
-32.86
-32.86
-32.86
-32.86
-32.86
-32.86
-32.86
-32.86
-32.86
-32.86
-32.86
-32.86
-32.86
-32.86
-32.86
-32.86
-32.86
-32.86
-32.86
-32.86
-32.86
-32.86
-32.86
-32.86
-32.86
-32.86
-32.86
-32.86
-32.86
-32.86
-32.86
-32.86
-32.86
-32.86
-32.86
-32.86
-32.86
-32.86
-32.86
-32.86
-32.86
-32.86
-32.86
-32.86
-32.86
-32.86
-32.86
-32.86
-32.86
-32.86
-32.86
-32.86
-32.86
-32.86
-32.86
-32.86
-32.86
-32.86
-32.86
-32.86
-32.86
-32.86
-32.86
-32.86
-32.86
-32.86
-32.86
-32.86
-32.86
-32.86
-32.86
-32.86
-32.86
-32.86
-32.86
-32.86
-32.86
-32.86
-32.86
-32.86
-32.86
-32.86
-32.86
-32.86
-32.86
-32.86
-32.86
-32.86
-32.86
-32.86
-32.86
-32.86
-32.86
-32.86
-32.86
-32.86
-32.86
-32.86
-32.86
-32.86
-32.86
-32.86
-32.86
-32.86
-32.86
-32.86
-32.86
-32.86
-32.86
-32.86
-32.86
-32.86
-32.86
-32.86
-32.86
-32.86
-32.86
-32.86
-32.86
-32.86
-32.86
-32.86
-32.86
-32.86
-32.86
-32.86
-32.86
-32.86
-32.86
-32.86
-32.86
-32.86
-32.86
-32.86
-32.86
-32.86
-32.86
-32.86
-32.86
-32.86
-32.86
-32.86
-32.86
-32.86
-32.86
-32.86
-32.86
-32.86
-32.86
-32.86
-32.86
-32.86
-32.86
-32.86
-32.86
-32.86
-32.86
-32.86
-32.86
-32.86
-32.86
-32.86
-32.86
-32.86
-32.86
-32.86
-32.86
-32.86
-32.86
-32.86
-32.86
-32.86
-32.86
-32.86
-32.86
-32.86
-32.86
-32.86
-32.86
-32.86
-32.86
-32.86
-32.86
-32.86
-32.86
-32.86
-32.86
-32.86
-32.86
-32.86
-32.86
-32.86
-32.86
-32.86
-32.86
-32.86
-32.86
-32.86
-32.86
-32.86
-32.86
-32.86
-32.86
-32.86
-32.86
-32.86
-32.86
-32.86
-32.86
-32.86
-32.86
-32.86
-32.86
-32.86
-32.86
-32.86
-32.86
-32.86
-32.86
-32.86
-32.86
-32.86
-32.86
-32.86
-32.86
-32.86
-32.86
-32.86
-32.86
-32.86
-32.86
-32.86
-32.86
-32.86
-32.86
-32.86
-32.86
-32.86
-32.86
-32.86
-32.86
-32.86
-32.86
-32.86
-32.86
-32.86
-32.86
-32.86
-32.86
-32.86
-32.86
-32.86
-32.86
-32.86
-32.86
-32.86
-32.86
-32.86
-32.86
-32.86
-32.86
-32.86
-32.86
-32.86
-32.86
-32.86
-32.86
-32.86
-32.86
-32.86
-32.86
-32.86
-32.86
-32.86
-32.86
-32.86
-32.86
-32.86
-32.86
-32.86
-32.86
-32.86
-32.86
-32.86
-32.86
-32.86
-32.86
-32.86
-32.86
-32.86
-32.86
-32.86
-32.86
-32.86
-32.86
-32.86
-32.86
-32.86
-32.86
-32.86
-32.86
-32.86
-32.86
-32.86
-32.86
-32.86
-32.86
-32.86
-32.86
-32.86
-32.86
-32.86
-32.86
-32.86
-32.86
-32.86
-32.86
-32.86
-32.86
-32.86
-32.86
-32.86
-32.86
-32.86
-32.86
-32.86
-32.86
-32.86
-32.86
-32.86
-32.86
-32.86
-32.86
-32.86
-32.86
-32.86
-32.86
-32.86
-32.86
-32.86
-32.86
-32.86
-32.86
-32.86
-32.86
-32.86
-32.86
-32.86
-32.86
-32.86
-32.86
-32.86
-32.86
-32.86
-32.86
-32.86
-32.86
-32.86
-32.86
-32.86
-32.86
-32.86
-32.86
-32.86
-32.86
-32.86
-32.86
-32.86
-32.86
-32.86
-32.86
-32.86
-32.86
-32.86
-32.86
-32.86
-32.86
-32.86
-32.86
-32.86
-32.86
-32.86
-32.86
-32.86
-32.86
-32.86
-32.86
-32.86
-32.86
-32.86
-32.86
-32.86
-32.86
-32.86
-32.86
-32.86
-32.86
-32.86
-32.86
-32.86
-32.86
-32.86
-32.86
-32.86
-32.86
-32.86
-32.86
-32.86
-32.86
-32.86
-32.86
-32.86
-32.86
-32.86
-32.86
-32.86
-32.86
-32.86
-32.86
-32.86
-32.86
-32.86
-32.86
-32.86
-32.86
-32.86
-32.86
-32.86
-32.86
-32.86
-32.86
-32.86
-32.86
-32.86
-32.86
-32.86
-32.86
-32.86
-32.86
-32.86
-32.86
-32.86
-32.86
-32.86
-32.86
-32.86
-32.86
-32.86
-32.86
-32.86
-32.86
-32.86
-32.86
-32.86
-32.86
-32.86
-32.86
-32.86
-32.86
-32.86
-32.86
-32.86
-32.86
-32.86
-32.86
-32.86
-32.86
-32.86
-32.86
-32.86
-32.86
-32.86
-32.86
-32.86
-32.86
-32.86
-32.86
-32.86
-32.86
-32.86
-32.86
-32.86
-32.86
-32.86
-32.86
-32.86
-32.86
-32.86
-32.86
-32.86
-32.86
-32.86
-32.86
-32.86
-32.86
-32.86
-32.86
-32.86
-32.86
-32.86
-32.86
-32.86
-32.86
-32.86
-32.86
-32.86
-32.86
-32.86
-32.86
-32.86
-32.86
-32.86
-32.86
-32.86
-32.86
-32.86
-32.86
-32.86
-32.86
-32.86
-32.86
-32.86
-32.86
-32.86
-32.86
-32.86
-32.86
-32.86
-32.86
-32.86
-32.86
-32.86
-32.86
-32.86
-32.86
-32.86
-32.86
-32.86
-32.86
-32.86
-32.86
-32.86
-32.86
-32.86
-32.86
-32.86
-32.86
-32.86
-32.86
-32.86
-32.86
-32.86
-32.86
-32.86
-32.86
-32.86
-32.86
-32.86
-32.86
-32.86
-32.86
-32.86
-32.86
-32.86
-32.86
-32.86
-32.86
-32.86
-32.86
-32.86
-32.86
-32.86
-32.86
-32.86
-32.86
-32.86
-32.86
-32.86
-32.86
-32.86
-32.86
-32.86
-32.86
-32.86
-32.86
-32.86
-32.86
-32.86
-32.86
-32.86
-32.86
-32.86
-32.86
-32.86
-32.86
-32.86
-32.86
-32.86
-32.86
-32.86
-32.86
-32.86
-32.86
-32.86
-32.86
-32.86
-32.86
-32.86
-32.86
-32.86
-32.86
-32.86
-32.86
-32.86
-32.86
-32.86
-32.86
-32.86
-32.86
-32.86
-32.86
-32.86
-32.86
-32.86
-32.86
-32.86
-32.86
-32.86
-32.86
-32.86
-32.86
-32.86
-32.86
-32.86
-32.86
-32.86
-32.86
-32.86
-32.86
-32.86
-32.86
-32.86
-32.86
-32.86
-32.86
-32.86
-32.86
-32.86
-32.86
-32.86
-32.86
-32.86
-32.86
-32.86
-32.86
-32.86
-32.86
-32.86
-32.86
-32.86
-32.86
-32.86
-32.86
-32.86
-32.86
-32.86
-32.86
-32.86
-32.86
-32.86
-32.86
-32.86
-32.86
-32.86
-32.86
-32.86
-32.86
-32.86
-32.86
-32.86
-32.86
-32.86
-32.86
-32.86
-32.86
-32.86
-32.86
-32.86
-32.86
-32.86
-32.86
-32.86
-32.86
-32.86
-32.86
-32.86
-32.86
-32.86
-32.86
-32.86
-32.86
-32.86
-32.86
-32.86
-32.86
-32.86
-32.86
-32.86
-32.86
-32.86
-32.86
-32.86
-32.86
-32.86
-32.86
-32.86
-32.86
-32.86
-32.86
-32.86
-32.86
-32.86
-32.86
-32.86
-32.86
-32.86
-32.86
-32.86
-32.86
-32.86
-32.86
-32.86
-32.86
-32.86
-32.86
-32.86
-32.86
-32.86
-32.86
-32.86
-32.86
-32.86
-32.86
-32.86
-32.86
-32.86
-32.86
-32.86
-32.86
-32.86
-32.86
-32.86
-32.86
-32.86
-32.86
-32.86
-32.86
-32.86
-32.86
-32.86
-32.86
-32.86
-32.86
-32.86
-32.86
-32.86
-32.86
-32.86
-32.86
-32.86
-32.86
-32.86
-32.86
-32.86
-32.86
-32.86
-32.86
-32.86
-32.86
-32.86
-32.86
-32.86
-32.86
-32.86
-32.86
-32.86
-32.86
-32.86
-32.86
-32.86
-32.86
-32.86
-32.86
-32.86
-32.86
-32.86
-32.86
-32.86
-32.86
-32.86
-32.86
-32.86
-32.86
-32.86
-32.86
-32.86
-32.86
-32.86
-32.86
-32.86
-32.86
-32.86
-32.86
-32.86
-32.86
-32.86
-32.86
-32.86
-32.86
-32.86
-32.86
-32.86
-32.86
-32.86
-32.86
-32.86
-32.86
-32.86
-32.86
-32.86
-32.86
-32.86
-32.86
-32.86
-32.86
-32.86
-32.86
-32.86
-32.86
-32.86
-32.86
-32.86
-32.86
-32.86
-32.86
-32.86
-32.86
-32.86
-32.86
-32.86
-32.86
-32.86
-32.86
-32.86
-32.86
-32.86
-32.86
-32.86
-32.86
-32.86
-32.86
-32.86
-32.86
-32.86
-32.86
-32.86
-32.86
-32.86
-32.86
-32.86
-32.86
-32.86
-32.86
-32.86
-32.86
-32.86
-32.86
-32.86
-32.86
-32.86
-32.86
-32.86
-32.86
-32.86
-32.86
-32.86
-32.86
-32.86
-32.86
-32.86
-32.86
-32.86
-32.86
-32.86
-32.86
-32.86
-32.86
-32.86
-32.86
-32.86
-32.86
-32.86
-32.86
-32.86
-32.86
-32.86
-32.86
-32.86
-32.86
-32.86
-32.86
-32.86
-32.86
-32.86
-32.86
-32.86
-32.86
-32.86
-32.86
-32.86
-32.86
-32.86
-32.86
-32.86
-32.86
-32.86
-32.86
-32.86
-32.86
-32.86
-32.86
-32.86
-32.86
-32.86
-32.86
-32.86
-32.86
-32.86
-32.86
-32.86
-32.86
-32.86
-32.86
-32.86
-32.86
-32.86
-32.86
-32.86
-32.86
-32.86
-32.86
-32.86
-32.86
-32.86
-32.86
-32.86
-32.86
-32.86
-32.86
-32.86
-32.86
-32.86
-32.86
-32.86
-32.86
-32.86
-32.86
-32.86
-32.86
-32.86
-32.86
-32.86
-32.86
-32.86
-32.86
-32.86
-32.86
-32.86
-32.86
-32.86
-32.86
-32.86
-32.86
-32.86
-32.86
-32.86
-32.86
-32.86
-32.86
-32.86
-32.86
-32.86
-32.86
-32.86
-32.86
-32.86
-32.86
-32.86
-32.86
-32.86
-32.86
-32.86
-32.86
-32.86
-32.86
-32.86
-32.86
-32.86
-32.86
-32.86
-32.86
-32.86
-32.86
-32.86
-32.86
-32.86
-32.86
-32.86
-32.86
-32.86
-32.86
-32.86
-32.86
-32.86
-32.86
-32.86
-32.86
-32.86
-32.86
-32.86
-32.86
-32.86
-32.86
-32.86
-32.86
-32.86
-32.86
-32.86
-32.86
-32.86
-32.86
-32.86
-32.86
-32.86
-32.86
-32.86
-32.86
-32.86
-32.86
-32.86
-32.86
-32.86
-32.86
-32.86
-32.86
-32.86
-32.86
-32.86
-32.86
-32.86
-32.86
-32.86
-32.86
-32.86
-32.86
-32.86
-32.86
-32.86
-32.86
-32.86
-32.86
-32.86
-32.86
-32.86
-32.86
-32.86
-32.86
-32.86
-32.86
-32.86
-32.86
-32.86
-32.86
-32.86
-32.86
-32.86
-32.86
-32.86
-32.86
-32.86
-32.86
-32.86
-32.86
-32.86
-32.86
-32.86
-32.86
-32.86
-32.86
-32.86
-32.86
-32.86
-32.86
-32.86
-32.86
-32.86
-32.86
-32.86
-32.86
-32.86
-32.86
-32.86
-32.86
-32.86
-32.86
-32.86
-32.86
-32.86
-32.86
-32.86
-32.86
-32.86
-32.86
-32.86
-32.86
-32.86
-32.86
-32.86
-32.86
-32.86
-32.86
-32.86
-32.86
-32.86
-32.86
-32.86
-32.86
-32.86
-32.86
-32.86
-32.86
-32.86
-32.86
-32.86
-32.86
-32.86
-32.86
-32.86
-32.86
-32.86
-32.86
-32.86
-32.86
-32.86
-32.86
-32.86
-32.86
-32.86
-32.86
-32.86
-32.86
-32.86
-32.86
-32.86
-32.86
-32.86
-32.86
-32.86
-32.86
-32.86
-32.86
-32.86
-32.86
-32.86
-32.86
-32.86
-32.86
-32.86
-32.86
-32.86
-32.86
-32.86
-32.86
-32.86
-32.86
-32.86
-32.86
-32.86
-32.86
-32.86
-32.86
-32.86
-32.86
-32.86
-32.86
-32.86
-32.86
-32.86
-32.86
-32.86
-32.86
-32.86
-32.86
-32.86
-32.86
-32.86
-32.86
-32.86
-32.86
-32.86
-32.86
-32.86
-32.86
-32.86
-32.86
-32.86
-32.86
-32.86
-32.86
-32.86
-32.86
-32.86
-32.86
-32.86
-32.86
-32.86
-32.86
-32.86
-32.86
-32.86
-32.86
-32.86
-32.86
-32.86
-32.86
-32.86
-32.86
-32.86
-32.86
-32.86
-32.86
-32.86
-32.86
-32.86
-32.86
-32.86
-32.86
-32.86
-32.86
-32.86
-32.86
-32.86
-32.86
-32.86
-32.86
-32.86
-32.86
-32.86
-32.86
-32.86
-32.86
-32.86
-32.86
-32.86
-32.86
-32.86
-32.86
-32.86
-32.86
-32.86
-32.86
-32.86
-32.86
-32.86
-32.86
-32.86
-32.86
-32.86
-32.86
-32.86
-32.86
-32.86
-32.86
-32.86
-32.86
-32.86
-32.86
-32.86
-32.86
-32.86
-32.86
-32.86
-32.86
-32.86
-32.86
-32.86
-32.86
-32.86
-32.86
-32.86
-32.86
-32.86
-32.86
-32.86
-32.86
-32.86
-32.86
-32.86
-32.86
-32.86
-32.86
-32.86
-32.86
-32.86
-32.86
-32.86
-32.86
-32.86
-32.86
-32.86
-32.86
-32.86
-32.86
-32.86
-32.86
-32.86
-32.86
-32.86
-32.86
-32.86
-32.86
-32.86
-32.86
-32.86
-32.86
-32.86
-32.86
-32.86
-32.86
-32.86
-32.86
-32.86
-32.86
-32.86
-32.86
-32.86
-32.86
-32.86
-32.86
-32.86
-32.86
-32.86
-32.86
-32.86
-32.86
-32.86
-32.86
-32.86
-32.86
-32.86
-32.86
-32.86
-32.86
-32.86
-32.86
-32.86
-32.86
-32.86
-32.86
-32.86
-32.86
-32.86
-32.86
-32.86
-32.86
-32.86
-32.86
-32.86
-32.86
-32.86
-32.86
-32.86
-32.86
-32.86
-32.86
-32.86
-32.86
-32.86
-32.86
-32.86
-32.86
-32.86
-32.86
-32.86
-32.86
-32.86
-32.86
-32.86
-32.86
-32.86
-32.86
-32.86
-32.86
-32.86
-32.86
-32.86
-32.86
-32.86
-32.86
-32.86
-32.86
-32.86
-32.86
-32.86
-32.86
-32.86
-32.86
-32.86
-32.86
-32.86
-32.86
-32.86
-32.86
-32.86
-32.86
-32.86
-32.86
-32.86
-32.86
-32.86
-32.86
-32.86
-32.86
-32.86
-32.86
-32.86
-32.86
-32.86
-32.86
-32.86
-32.86
-32.86
-32.86
-32.86
-32.86
-32.86
-32.86
-32.86
-32.86
-32.86
-32.86
-32.86
-32.86
-32.86
-32.86
-32.86
-32.86
-32.86
-32.86
-32.86
-32.86
-32.86
-32.86
-32.86
-32.86
-32.86
-32.86
-32.86
-32.86
-32.86
-32.86
-32.86
-32.86
-32.86
-32.86
-32.86
-32.86
-32.86
-32.86
-32.86
-32.86
-32.86
-32.86
-32.86
-32.86
-32.86
-32.86
-32.86
-32.86
-32.86
-32.86
-32.86
-32.86
-32.86
-32.86
-32.86
-32.86
-32.86
-32.86
-32.86
-32.86
-32.86
-32.86
-32.86
-32.86
-32.86
-32.86
-32.86
-32.86
-32.86
-32.86
-32.86
-32.86
-32.86
-32.86
-32.86
-32.86
-32.86
-32.86
-32.86
-32.86
-32.86
-32.86
-32.86
-32.86
-32.86
-32.86
-32.86
-32.86
-32.86
-32.86
-32.86
-32.86
-32.86
-32.86
-32.86
-32.86
-32.86
-32.86
-32.86
-32.86
-32.86
-32.86
-32.86
-32.86
-32.86
-32.86
-32.86
-32.86
-32.86
-32.86
-32.86
-32.86
-32.86
-32.86
-32.86
-32.86
-32.86
-32.86
-32.86
-32.86
-32.86
-32.86
-32.86
-32.86
-32.86
-32.86
-32.86
-32.86
-32.86
-32.86
-32.86
-32.86
-32.86
-32.86
-32.86
-32.86
-32.86
-32.86
-32.86
-32.86
-32.86
-32.86
-32.86
-32.86
-32.86
-32.86
-32.86
-32.86
-32.86
-32.86
-32.86
-32.86
-32.86
-32.86
-32.86
-32.86
-32.86
-32.86
-32.86
-32.86
-32.86
-32.86
-32.86
-32.86
-32.86
-32.86
-32.86
-32.86
-32.86
-32.86
-32.86
-32.86
-32.86
-32.86
-32.86
-32.86
-32.86
-32.86
-32.86
-32.86
-32.86
-32.86
-32.86
-32.86
-32.86
-32.86
-32.86
-32.86
-32.86
-32.86
-32.86
-32.86
-32.86
-32.86
-32.86
-32.86
-32.86
-32.86
-32.86
-32.86
-32.86
-32.86
-32.86
-32.86
-32.86
-32.86
-32.86
-32.86
-32.86
-32.86
-32.86
-32.86
-32.86
-32.86
-32.86
-32.86
-32.86
-32.86
-32.86
-32.86
-32.86
-32.86
-32.86
-32.86
-32.86
-32.86
-32.86
-32.86
-32.86
-32.86
-32.86
-32.86
-32.86
-32.86
-32.86
-32.86
-32.86
-32.86
-32.86
-32.86
-32.86
-32.86
-32.86
-32.86
-32.86
-32.86
-32.86
-32.86
-32.86
-32.86
-32.86
-32.86
-32.86
-32.86
-32.86
-32.86
-32.86
-32.86
-32.86
-32.86
-32.86
-32.86
-32.86
-32.86
-32.86
-32.86
-32.86
-32.86
-32.86
-32.86
-32.86
-32.86
-32.86
-32.86
-32.86
-32.86
-32.86
-32.86
-32.86
-32.86
-32.86
-32.86
-32.86
-32.86
-32.86
-32.86
-32.86
-32.86
-32.86
-32.86
-32.86
-32.86
-32.86
-32.86
-32.86
-32.86
-32.86
-32.86
-32.86
-32.86
-32.86
-32.86
-32.86
-32.86
-32.86
-32.86
-32.86
-32.86
-32.86
-32.86
-32.86
-32.86
-32.86
-32.86
-32.86
-32.86
-32.86
-32.86
-32.86
-32.86
-32.86
-32.86
-32.86
-32.86
-32.86
-32.86
-32.86
-32.86
-32.86
-32.86
-32.86
-32.86
-32.86
-32.86
-32.86
-32.86
-32.86
-32.86
-32.86
-32.86
-32.86
-32.86
-32.86
-32.86
-32.86
-32.86
-32.86
-32.86
-32.86
-32.86
-32.86
-32.86
-32.86
-32.86
-32.86
-32.86
-32.86
-32.86
-32.86
-32.86
-32.86
-32.86
-32.86
-32.86
-32.86
-32.86
-32.86
-32.86
-32.86
-32.86
-32.86
-32.86
-32.86
-32.86
-32.86
-32.86
-32.86
-32.86
-32.86
-32.86
-32.86
-32.86
-32.86
-32.86
-32.86
-32.86
-32.86
-32.86
-32.86
-32.86
-32.86
-32.86
-32.86
-32.86
-32.86
-32.86
-32.86
-32.86
-32.86
-32.86
-32.86
-32.86
-32.86
-32.86
-32.86
-32.86
-32.86
-32.86
-32.86
-32.86
-32.86
-32.86
-32.86
-32.86
-32.86
-32.86
-32.86
-32.86
-32.86
-32.86
-32.86
-32.86
-32.86
-32.86
-32.86
-32.86
-32.86
-32.86
-32.86
-32.86
-32.86
-32.86
-32.86
-32.86
-32.86
-32.86
-32.86
-32.86
-32.86
-32.86
-32.86
-32.86
-32.86
-32.86
-32.86
-32.86
-32.86
-32.86
-32.86
-32.86
-32.86
-32.86
-32.86
-32.86
-32.86
-32.86
-32.86
-32.86
-32.86
-32.86
-32.86
-32.86
-32.86
-32.86
-32.86
-32.86
-32.86
-32.86
-32.86
-32.86
-32.86
-32.86
-32.86
-32.86
-32.86
-32.86
-32.86
-32.86
-32.86
-32.86
-32.86
-32.86
-32.86
-32.86
-32.86
-32.86
-32.86
-32.86
-32.86
-32.86
-32.86
-32.86
-32.86
-32.86
-32.86
-32.86
-32.86
-32.86
-32.86
-32.86
-32.86
-32.86
-32.86
-32.86
-32.86
-32.86
-32.86
-32.86
-32.86
-32.86
-32.86
-32.86
-32.86
-32.86
-32.86
-32.86
-32.86
-32.86
-32.86
-32.86
-32.86
-32.86
-32.86
-32.86
-32.86
-32.86
-32.86
-32.86
-32.86
-32.86
-32.86
-32.86
-32.86
-32.86
-32.86
-32.86
-32.86
-32.86
-32.86
-32.86
-32.86
-32.86
-32.86
-32.86
-32.86
-32.86
-32.86
-32.86
-32.86
-32.86
-32.86
-32.86
-32.86
-32.86
-32.86
-32.86
-32.86
-32.86
-32.86
-32.86
-32.86
-32.86
-32.86
-32.86
-32.86
-32.86
-32.86
-32.86
-32.86
-32.86
-32.86
-32.86
-32.86
-32.86
-32.86
-32.86
-32.86
-32.86
-32.86
-32.86
-32.86
-32.86
-32.86
-32.86
-32.86
-32.86
-32.86
-32.86
-32.86
-32.86
-32.86
-32.86
-32.86
-32.86
-32.86
-32.86
-32.86
-32.86
-32.86
-32.86
-32.86
-32.86
-32.86
-32.86
-32.86
-32.86
-32.86
-32.86
-32.86
-32.86
-32.86
-32.86
-32.86
-32.86
-32.86
-32.86
-32.86
-32.86
-32.86
-32.86
-32.86
-32.86
-32.86
-32.86
-32.86
-32.86
-32.86
-32.86
-32.86
-32.86
-32.86
-32.86
-32.86
-32.86
-32.86
-32.86
-32.86
-32.86
-32.86
-32.86
-32.86
-32.86
-32.86
-32.86
-32.86
-32.86
-32.86
-32.86
-32.86
-32.86
-32.86
-32.86
-32.86
-32.86
-32.86
-32.86
-32.86
-32.86
-32.86
-32.86
-32.86
-32.86
-32.86
-32.86
-32.86
-32.86
-32.86
-32.86
-32.86
-32.86
-32.86
-32.86
-32.86
-32.86
-32.86
-32.86
-32.86
-32.86
-32.86
-32.86
-32.86
-32.86
-32.86
-32.86
-32.86
-32.86
-32.86
-32.86
-32.86
-32.86
-32.86
-32.86
-32.86
-32.86
-32.86
-32.86
-32.86
-32.86
-32.86
-32.86
-32.86
-32.86
-32.86
-32.86
-32.86
-32.86
-32.86
-32.86
-32.86
-32.86
-32.86
-32.86
-32.86
-32.86
-32.86
-32.86
-32.86
-32.86
-32.86
-32.86
-32.86
-32.86
-32.86
-32.86
-32.86
-32.86
-32.86
-32.86
-32.86
-32.86
-32.86
-32.86
-32.86
-32.86
-32.86
-32.86
-32.86
-32.86
-32.86
-32.86
-32.86
-32.86
-32.86
-32.86
-32.86
-32.86
-32.86
-32.86
-32.86
-32.86
-32.86
-32.86
-32.86
-32.86
-32.86
-32.86
-32.86
-32.86
-32.86
-32.86
-32.86
-32.86
-32.86
-32.86
-32.86
-32.86
-32.86
-32.86
-32.86
-32.86
-32.86
-32.86
-32.86
-32.86
-32.86
-32.86
-32.86
-32.86
-32.86
-32.86
-32.86
-32.86
-32.86
-32.86
-32.86
-32.86
-32.86
-32.86
-32.86
-32.86
-32.86
-32.86
-32.86
-32.86
-32.86
-32.86
-32.86
-32.86
-32.86
-32.86
-32.86
-32.86
-32.86
-32.86
-32.86
-32.86
-32.86
-32.86
-32.86
-32.86
-32.86
-32.86
-32.86
-32.86
-32.86
-32.86
-32.86
-32.86
-32.86
-32.86
-32.86
-32.86
-32.86
-32.86
-32.86
-32.86
-32.86
-32.86
-32.86
-32.86
-32.86
-32.86
-32.86
-32.86
-32.86
-32.86
-32.86
-32.86
-32.86
-32.86
-32.86
-32.86
-32.86
-32.86
-32.86
-32.86
-32.86
-32.86
-32.86
-32.86
-32.86
-32.86
-32.86
-32.86
-32.86
-32.86
-32.86
-32.86
-32.86
-32.86
-32.86
-32.86
-32.86
-32.86
-32.86
-32.86
-32.86
-32.86
-32.86
-32.86
-32.86
-32.86
-32.86
-32.86
-32.86
-32.86
-32.86
-32.86
-32.86
-32.86
-32.86
-32.86
-32.86
-32.86
-32.86
-32.86
-32.86
-32.86
-32.86
-32.86
-32.86
-32.86
-32.86
-32.86
-32.86
-32.86
-32.86
-32.86
-32.86
-32.86
-32.86
-32.86
-32.86
-32.86
-32.86
-32.86
-32.86
-32.86
-32.86
-32.86
-32.86
-32.86
-32.86
-32.86
-32.86
-32.86
-32.86
-32.86
-32.86
-32.86
-32.86
-32.86
-32.86
-32.86
-32.86
-32.86
-32.86
-32.86
-32.86
-32.86
-32.86
-32.86
-32.86
-32.86
-32.86
-32.86
-32.86
-32.86
-32.86
-32.86
-32.86
-32.86
-32.86
-32.86
-32.86
-32.86
-32.86
-32.86
-32.86
-32.86
-32.86
-32.86
-32.86
-32.86
-32.86
-32.86
-32.86
-32.86
-32.86
-32.86
-32.86
-32.86
-32.86
-32.86
-32.86
-32.86
-32.86
-32.86
-32.86
-32.86
-32.86
-32.86
-32.86
-32.86
-32.86
-32.86
-32.86
-32.86
-32.86
-32.86
-32.86
-32.86
-32.86
-32.86
-32.86
-32.86
-32.86
-32.86
-32.86
-32.86
-32.86
-32.86
-32.86
-32.86
-32.86
-32.86
-32.86
-32.86
-32.86
-32.86
-32.86
-32.86
-32.86
-32.86
-32.86
-32.86
-32.86
-32.86
-32.86
-32.86
-32.86
-32.86
-32.86
-32.86
-32.86
-32.86
-32.86
-32.86
-32.86
-32.86
-32.86
-32.86
-32.86
-32.86
-32.86
-32.86
-32.86
-32.86
-32.86
-32.86
-32.86
-32.86
-32.86
-32.86
-32.86
-32.86
-32.86
-32.86
-32.86
-32.86
-32.86
-32.86
-32.86
-32.86
-32.86
-32.86
-32.86
-32.86
-32.86
-32.86
-32.86
-32.86
-32.86
-32.86
-32.86
-32.86
-32.86
-32.86
-32.86
-32.86
-32.86
-32.86
-32.86
-32.86
-32.86
-32.86
-32.86
-32.86
-32.86
-32.86
-32.86
-32.86
-32.86
-32.86
-32.86
-32.86
-32.86
-32.86
-32.86
-32.86
-32.86
-32.86
-32.86
-32.86
-32.86
-32.86
-32.86
-32.86
-32.86
-32.86
-32.86
-32.86
-32.86
-32.86
-32.86
-32.86
-32.86
-32.86
-32.86
-32.86
-32.86
-32.86
-32.86
-32.86
-32.86
-32.86
-32.86
-32.86
-32.86
-32.86
-32.86
-32.86
-32.86
-32.86
-32.86
-32.86
-32.86
-32.86
-32.86
-32.86
-32.86
-32.86
-32.86
-32.86
-32.86
-32.86
-32.86
-32.86
-32.86
-32.86
-32.86
-32.86
-32.86
-32.86
-32.86
-32.86
-32.86
-32.86
-32.86
-32.86
-32.86
-32.86
-32.86
-32.86
-32.86
-32.86
-32.86
-32.86
-32.86
-32.86
-32.86
-32.86
-32.86
-32.86
-32.86
-32.86
-32.86
-32.86
-32.86
-32.86
-32.86
-32.86
-32.86
-32.86
-32.86
-32.86
-32.86
-32.86
-32.86
-32.86
-32.86
-32.86
-32.86
-32.86
-32.86
-32.86
-32.86
-32.86
-32.86
-32.86
-32.86
-32.86
-32.86
-32.86
-32.86
-32.86
-32.86
-32.86
-32.86
-32.86
-32.86
-32.86
-32.86
-32.86
-32.86
-32.86
-32.86
-32.86
-32.86
-32.86
-32.86
-32.86
-32.86
-32.86
-32.86
-32.86
-32.86
-32.86
-32.86
-32.86
-32.86
-32.86
-32.86
-32.86
-32.86
-32.86
-32.86
-32.86
-32.86
-32.86
-32.86
-32.86
-32.86
-32.86
-32.86
-32.86
-32.86
-32.86
-32.86
-32.86
-32.86
-32.86
-32.86
-32.86
-32.86
-32.86
-32.86
-32.86
-32.86
-32.86
-32.86
-32.86
-32.86
-32.86
-32.86
-32.86
-32.86
-32.86
-32.86
-32.86
-32.86
-32.86
-32.86
-32.86
-32.86
-32.86
-32.86
-32.86
-32.86
-32.86
-32.86
-32.86
-32.86
-32.86
-32.86
-32.86
-32.86
-32.86
-32.86
-32.86
-32.86
-32.86
-32.86
-32.86
-32.86
-32.86
-32.86
-32.86
-32.86
-32.86
-32.86
-32.86
-32.86
-32.86
-32.86
-32.86
-32.86
-32.86
-32.86
-32.86
-32.86
-32.86
-32.86
-32.86
-32.86
-32.86
-32.86
-32.86
-32.86
-32.86
-32.86
-32.86
-32.86
-32.86
-32.86
-32.86
-32.86
-32.86
-32.86
-32.86
-32.86
-32.86
-32.86
-32.86
-32.86
-32.86
-32.86
-32.86
-32.86
-32.86
-32.86
-32.86
-32.86
-32.86
-32.86
-32.86
-32.86
-32.86
-32.86
-32.86
-32.86
-32.86
-32.86
-32.86
-32.86
-32.86
-32.86
-32.86
-32.86
-32.86
-32.86
-32.86
-32.86
-32.86
-32.86
-32.86
-32.86
-32.86
-32.86
-32.86
-32.86
-32.86
-32.86
-32.86
-32.86
-32.86
-32.86
-32.86
-32.86
-32.86
-32.86
-32.86
-32.86
-32.86
-32.86
-32.86
-32.86
-32.86
-32.86
-32.86
-32.86
-32.86
-32.86
-32.86
-32.86
-32.86
-32.86
-32.86
-32.86
-32.86
-32.86
-32.86
-32.86
-32.86
-32.86
-32.86
-32.86
-32.86
-32.86
-32.86
-32.86
-32.86
-32.86
-32.86
-32.86
-32.86
-32.86
-32.86
-32.86
-32.86
-32.86
-32.86
-32.86
-32.86
-32.86
-32.86
-32.86
-32.86
-32.86
-32.86
-32.86
-32.86
-32.86
-32.86
-32.86
-32.86
-32.86
-32.86
-32.86
-32.86
-32.86
-32.86
-32.86
-32.86
-32.86
-32.86
-32.86
-32.86
-32.86
-32.86
-32.86
-32.86
-32.86
-32.86
-32.86
-32.86
-32.86
-32.86
-32.86
-32.86
-32.86
-32.86
-32.86
-32.86
-32.86
-32.86
-32.86
-32.86
-32.86
-32.86
-32.86
-32.86
-32.86
-32.86
-32.86
-32.86
-32.86
-32.86
-32.86
-32.86
-32.86
-32.86
-32.86
-32.86
-32.86
-32.86
-32.86
-32.86
-32.86
-32.86
-32.86
-32.86
-32.86
-32.86
-32.86
-32.86
-32.86
-32.86
-32.86
-32.86
-32.86
-32.86
-32.86
-32.86
-32.86
-32.86
-32.86
-32.86
-32.86
-32.86
-32.86
-32.86
-32.86
-32.86
-32.86
-32.86
-32.86
-32.86
-32.86
-32.86
-32.86
-32.86
-32.86
-32.86
-32.86
-32.86
-32.86
-32.86
-32.86
-32.86
-32.86
-32.86
-32.86
-32.86
-32.86
-32.86
-32.86
-32.86
-32.86
-32.86
-32.86
-32.86
-32.86
-32.86
-32.86
-32.86
-32.86
-32.86
-32.86
-32.86
-32.86
-32.86
-32.86
-32.86
-32.86
-32.86
-32.86
-32.86
-32.86
-32.86
-32.86
-32.86
-32.86
-32.86
-32.86
-32.86
-32.86
-32.86
-32.86
-32.86
-32.86
-32.86
-32.86
-32.86
-32.86
-32.86
-32.86
-32.86
-32.86
-32.86
-32.86
-32.86
-32.86
-32.86
-32.86
-32.86
-32.86
-32.86
-32.86
-32.86
-32.86
-32.86
-32.86
-32.86
-32.86
-32.86
-32.86
-32.86
-32.86
-32.86
-32.86
-32.86
-32.86
-32.86
-32.86
-32.86
-32.86
-32.86
-32.86
-32.86
-32.86
-32.86
-32.86
-32.86
-32.86
-32.86
-32.86
-32.86
-32.86
-32.86
-32.86
-32.86
-32.86
-32.86
-32.86
-32.86
-32.86
-32.86
-32.86
-32.86
-32.86
-32.86
-32.86
-32.86
-32.86
-32.86
-32.86
-32.86
-32.86
-32.86
-32.86
-32.86
-32.86
-32.86
-32.86
-32.86
-32.86
-32.86
-32.86
-32.86
-32.86
-32.86
-32.86
-32.86
-32.86
-32.86
-32.86
-32.86
-32.86
-32.86
-32.86
-32.86
-32.86
-32.86
-32.86
-32.86
-32.86
-32.86
-32.86
-32.86
-32.86
-32.86
-32.86
-32.86
-32.86
-32.86
-32.86
-32.86
-32.86
-32.86
-32.86
-32.86
-32.86
-32.86
-32.86
-32.86
-32.86
-32.86
-32.86
-32.86
-32.86
-32.86
-32.86
-32.86
-32.86
-32.86
-32.86
-32.86
-32.86
-32.86
-32.86
-32.86
-32.86
-32.86
-32.86
-32.86
-32.86
-32.86
-32.86
-32.86
-32.86
-32.86
-32.86
-32.86
-32.86
-32.86
-32.86
-32.86
-32.86
-32.86
-32.86
-32.86
-32.86
-32.86
-32.86
-32.86
-32.86
-32.86
-32.86
-32.86
-32.86
-32.86
-32.86
-32.86
-32.86
-32.86
-32.86
-32.86
-32.86
-32.86
-32.86
-32.86
-32.86
-32.86
-32.86
-32.86
-32.86
-32.86
-32.86
-32.86
-32.86
-32.86
-32.86
-32.86
-32.86
-32.86
-32.86
-32.86
-32.86
-32.86
-32.86
-32.86
-32.86
-32.86
-32.86
-32.86
-32.86
-32.86
-32.86
-32.86
-32.86
-32.86
-32.86
-32.86
-32.86
-32.86
-32.86
-32.86
-32.86
-32.86
-32.86
-32.86
-32.86
-32.86
-32.86
-32.86
-32.86
-32.86
-32.86
-32.86
-32.86
-32.86
-32.86
-32.86
-32.86
-32.86
-32.86
-32.86
-32.86
-32.86
-32.86
-32.86
-32.86
-32.86
-32.86
-32.86
-32.86
-32.86
-32.86
-32.86
-32.86
-32.86
-32.86
-32.86
-32.86
-32.86
-32.86
-32.86
-32.86
-32.86
-32.86
-32.86
-32.86
-32.86
-32.86
-32.86
-32.86
-32.86
-32.86
-32.86
-32.86
-32.86
-32.86
-32.86
-32.86
-32.86
-32.86
-32.86
-32.86
-32.86
-32.86
-32.86
-32.86
-32.86
-32.86
-32.86
-32.86
-32.86
-32.86
-32.86
-32.86
-32.86
-32.86
-32.86
-32.86
-32.86
-32.86
-32.86
-32.86
-32.86
-32.86
-32.86
-32.86
-32.86
-32.86
-32.86
-32.86
-32.86
-32.86
-32.86
-32.86
-32.86
-32.86
-32.86
-32.86
-32.86
-32.86
-32.86
-32.86
-32.86
-32.86
-32.86
-32.86
-32.86
-32.86
-32.86
-32.86
-32.86
-32.86
-32.86
-32.86
-32.86
-32.86
-32.86
-32.86
-32.86
-32.86
-32.86
-32.86
-32.86
-32.86
-32.86
-32.86
-32.86
-32.86
-32.86
-32.86
-32.86
-32.86
-32.86
-32.86
-32.86
-32.86
-32.86
-32.86
-32.86
-32.86
-32.86
-32.86
-32.86
-32.86
-32.86
-32.86
-32.86
-32.86
-32.86
-32.86
-32.86
-32.86
-32.86
-32.86
-32.86
-32.86
-32.86
-32.86
-32.86
-32.86
-32.86
-32.86
-32.86
-32.86
-32.86
-32.86
-32.86
-32.86
-32.86
-32.86
-32.86
-32.86
-32.86
-32.86
-32.86
-32.86
-32.86
-32.86
-32.86
-32.86
-32.86
-32.86
-32.86
-32.86
-32.86
-32.86
-32.86
-32.86
-32.86
-32.86
-32.86
-32.86
-32.86
-32.86
-32.86
-32.86
-32.86
-32.86
-32.86
-32.86
-32.86
-32.86
-32.86
-32.86
-32.86
-32.86
-32.86
-32.86
-32.86
-32.86
-32.86
-32.86
-32.86
-32.86
-32.86
-32.86
-32.86
-32.86
-32.86
-32.86
-32.86
-32.86
-32.86
-32.86
-32.86
-32.86
-32.86
-32.86
-32.86
-32.86
-32.86
-32.86
-32.86
-32.86
-32.86
-32.86
-32.86
-32.86
-32.86
-32.86
-32.86
-32.86
-32.86
-32.86
-32.86
-32.86
-32.86
-32.86
-32.86
-32.86
-32.86
-32.86
-32.86
-32.86
-32.86
-32.86
-32.86
-32.86
-32.86
-32.86
-32.86
-32.86
-32.86
-32.86
-32.86
-32.86
-32.86
-32.86
-32.86
-32.86
-32.86
-32.86
-32.86
-32.86
-32.86
-32.86
-32.86
-32.86
-32.86
-32.86
-32.86
-32.86
-32.86
-32.86
-32.86
-32.86
-32.86
-32.86
-32.86
-32.86
-32.86
-32.86
-32.86
-32.86
-32.86
-32.86
-32.86
-32.86
-32.86
-32.86
-32.86
-32.86
-32.86
-32.86
-32.86
-32.86
-32.86
-32.86
-32.86
-32.86
-32.86
-32.86
-32.86
-32.86
-32.86
-32.86
-32.86
-32.86
-32.86
-32.86
-32.86
-32.86
-32.86
-32.86
-32.86
-32.86
-32.86
-32.86
-32.86
-32.86
-32.86
-32.86
-32.86
-32.86
-32.86
-32.86
-32.86
-32.86
-32.86
-32.86
-32.86
-32.86
-32.86
-32.86
-32.86
-32.86
-32.86
-32.86
-32.86
-32.86
-32.86
-32.86
-32.86
-32.86
-32.86
-32.86
-32.86
-32.86
-32.86
-32.86
-32.86
-32.86
-32.86
-32.86
-32.86
-32.86
-32.86
-32.86
-32.86
-32.86
-32.86
-32.86
-32.86
-32.86
-32.86
-32.86
-32.86
-32.86
-32.86
-32.86
-32.86
-32.86
-32.86
-32.86
-32.86
-32.86
-32.86
-32.86
-32.86
-32.86
-32.86
-32.86
-32.86
-32.86
-32.86
-32.86
-32.86
-32.86
-32.86
-32.86
-32.86
-32.86
-32.86
-32.86
-32.86
-32.86
-32.86
-32.86
-32.86
-32.86
-32.86
-32.86
-32.86
-32.86
-32.86
-32.86
-32.86
-32.86
-32.86
-32.86
-32.86
-32.86
-32.86
-32.86
-32.86
-32.86
-32.86
-32.86
-32.86
-32.86
-32.86
-32.86
-32.86
-32.86
-32.86
-32.86
-32.86
-32.86
-32.86
-32.86
-32.86
-32.86
-32.86
-32.86
-32.86
-32.86
-32.86
-32.86
-32.86
-32.86
-32.86
-32.86
-32.86
-32.86
-32.86
-32.86
-32.86
-32.86
-32.86
-32.86
-32.86
-32.86
-32.86
-32.86
-32.86
-32.86
-32.86
-32.86
-32.86
-32.86
-32.86
-32.86
-32.86
-32.86
-32.86
-32.86
-32.86
-32.86
-32.86
-32.86
-32.86
-32.86
-32.86
-32.86
-32.86
-32.86
-32.86
-32.86
-32.86
-32.86
-32.86
-32.86
-32.86
-32.86
-32.86
-32.86
-32.86
-32.86
-32.86
-32.86
-32.86
-32.86
-32.86
-32.86
-32.86
-32.86
-32.86
-32.86
-32.86
-32.86
-32.86
-32.86
-32.86
-32.86
-32.86
-32.86
-32.86
-32.86
-32.86
-32.86
-32.86
-32.86
-32.86
-32.86
-32.86
-32.86
-32.86
-32.86
-32.86
-32.86
-32.86
-32.86
-32.86
-32.86
-32.86
-32.86
-32.86
-32.86
-32.86
-32.86
-32.86
-32.86
-32.86
-32.86
-32.86
-32.86
-32.86
-32.86
-32.86
-32.86
-32.86
-32.86
-32.86
-32.86
-32.86
-32.86
-32.86
-32.86
-32.86
-32.86
-32.86
-32.86
-32.86
-32.86
-32.86
-32.86
-32.86
-32.86
-32.86
-32.86
-32.86
-32.86
-32.86
-32.86
-32.86
-32.86
-32.86
-32.86
-32.86
-32.86
-32.86
-32.86
-32.86
-32.86
-32.86
-32.86
-32.86
-32.86
-32.86
-32.86
-32.86
-32.86
-32.86
-32.86
-32.86
-32.86
-32.86
-32.86
-32.86
-32.86
-32.86
-32.86
-32.86
-32.86
-32.86
-32.86
-32.86
-32.86
-32.86
-32.86
-32.86
-32.86
-32.86
-32.86
-32.86
-32.86
-32.86
-32.86
-32.86
-32.86
-32.86
-32.86
-32.86
-32.86
-32.86
-32.86
-32.86
-32.86
-32.86
-32.86
-32.86
-32.86
-32.86
-32.86
-32.86
-32.86
-32.86
-32.86
-32.86
-32.86
-32.86
-32.86
-32.86
-32.86
-32.86
-32.86
-32.86
-32.86
-32.86
-32.86
-32.86
-32.86
-32.86
-32.86
-32.86
-32.86
-32.86
-32.86
-32.86
-32.86
-32.86
-32.86
-32.86
-32.86
-32.86
-32.86
-32.86
-32.86
-32.86
-32.86
-32.86
-32.86
-32.86
-32.86
-32.86
-32.86
-32.86
-32.86
-32.86
-32.86
-32.86
-32.86
-32.86
-32.86
-32.86
-32.86
-32.86
-32.86
-32.86
-32.86
-32.86
-32.86
-32.86
-32.86
-32.86
-32.86
-32.86
-32.86
-32.86
-32.86
-32.86
-32.86
-32.86
-32.86
-32.86
-32.86
-32.86
-32.86
-32.86
-32.86
-32.86
-32.86
-32.86
-32.86
-32.86
-32.86
-32.86
-32.86
-32.86
-32.86
-32.86
-32.86
-32.86
-32.86
-32.86
-32.86
-32.86
-32.86
-32.86
-32.86
-32.86
-32.86
-32.86
-32.86
-32.86
-32.86
-32.86
-32.86
-32.86
-32.86
-32.86
-32.86
-32.86
-32.86
-32.86
-32.86
-32.86
-32.86
-32.86
-32.86
-32.86
-32.86
-32.86
-32.86
-32.86
-32.86
-32.86
-32.86
-32.86
-32.86
-32.86
-32.86
-32.86
-32.86
-32.86
-32.86
-32.86
-32.86
-32.86
-32.86
-32.86
-32.86
-32.86
-32.86
-32.86
-32.86
-32.86
-32.86
-32.86
-32.86
-32.86
-32.86
-32.86
-32.86
-32.86
-32.86
-32.86
-32.86
-32.86
-32.86
-32.86
-32.86
-32.86
-32.86
-32.86
-32.86
-32.86
-32.86
-32.86
-32.86
-32.86
-32.86
-32.86
-32.86
-32.86
-32.86
-32.86
-32.86
-32.86
-32.86
-32.86
-32.86
-32.86
-32.86
-32.86
-32.86
-32.86
-32.86
-32.86
-32.86
-32.86
-32.86
-32.86
-32.86
-32.86
-32.86
-32.86
-32.86
-32.86
-32.86
-32.86
-32.86
-32.86
-32.86
-32.86
-32.86
-32.86
-32.86
-32.86
-32.86
-32.86
-32.86
-32.86
-32.86
-32.86
-32.86
-32.86
-32.86
-32.86
-32.86
-32.86
-32.86
-32.86
-32.86
-32.86
-32.86
-32.86
-32.86
-32.86
-32.86
-32.86
-32.86
-32.86
-32.86
-32.86
-32.86
-32.86
-32.86
-32.86
-32.86
-32.86
-32.86
-32.86
-32.86
-32.86
-32.86
-32.86
-32.86
-32.86
-32.86
-32.86
-32.86
-32.86
-32.86
-32.86
-32.86
-32.86
-32.86
-32.86
-32.86
-32.86
-32.86
-32.86
-32.86
-32.86
-32.86
-32.86
-32.86
-32.86
-32.86
-32.86
-32.86
-32.86
-32.86
-32.86
-32.86
-32.86
-32.86
-32.86
-32.86
-32.86
-32.86
-32.86
-32.86
-32.86
-32.86
-32.86
-32.86
-32.86
-32.86
-32.86
-32.86
-32.86
-32.86
-32.86
-32.86
-32.86
-32.86
-32.86
-32.86
-32.86
-32.86
-32.86
-32.86
-32.86
-32.86
-32.86
-32.86
-32.86
-32.86
-32.86
-32.86
-32.86
-32.86
-32.86
-32.86
-32.86
-32.86
-32.86
-32.86
-32.86
-32.86
-32.86
-32.86
-32.86
-32.86
-32.86
-32.86
-32.86
-32.86
-32.86
-32.86
-32.86
-32.86
-32.86
-32.86
-32.86
-32.86
-32.86
-32.86
-32.86
-32.86
-32.86
-32.86
-32.86
-32.86
-32.86
-32.86
-32.86
-32.86
-32.86
-32.86
-32.86
-32.86
-32.86
-32.86
-32.86
-32.86
-32.86
-32.86
-32.86
-32.86
-32.86
-32.86
-32.86
-32.86
-32.86
-32.86
-32.86
-32.86
-32.86
-32.86
-32.86
-32.86
-32.86
-32.86
-32.86
-32.86
-32.86
-32.86
-32.86
-32.86
-32.86
-32.86
-32.86
-32.86
-32.86
-32.86
-32.86
-32.86
-32.86
-32.86
-32.86
-32.86
-32.86
-32.86
-32.86
-32.86
-32.86
-32.86
-32.86
-32.86
-32.86
-32.86
-32.86
-32.86
-32.86
-32.86
-32.86
-32.86
-32.86
-32.86
-32.86
-32.86
-32.86
-32.86
-32.86
-32.86
-32.86
-32.86
-32.86
-32.86
-32.86
-32.86
-32.86
-32.86
-32.86
-32.86
-32.86
-32.86
-32.86
-32.86
-32.86
-32.86
-32.86
-32.86
-32.86
-32.86
-32.86
-32.86
-32.86
-32.86
-32.86
-32.86
-32.86
-32.86
-32.86
-32.86
-32.86
-32.86
-32.86
-32.86
-32.86
-32.86
-32.86
-32.86
-32.86
-32.86
-32.86
-32.86
-32.86
-32.86
-32.86
-32.86
-32.86
-32.86
-32.86
-32.86
-32.86
-32.86
-32.86
-32.86
-32.86
-32.86
-32.86
-32.86
-32.86
-32.86
-32.86
-32.86
-32.86
-32.86
-32.86
-32.86
-32.86
-32.86
-32.86
-32.86
-32.86
-32.86
-32.86
-32.86
-32.86
-32.86
-32.86
-32.86
-32.86
-32.86
-32.86
-32.86
-32.86
-32.86
-32.86
-32.86
-32.86
-32.86
-32.86
-32.86
-32.86
-32.86
-32.86
-32.86
-32.86
-32.86
-32.86
-32.86
-32.86
-32.86
-32.86
-32.86
-32.86
-32.86
-32.86
-32.86
-32.86
-32.86
-32.86
-32.86
-32.86
-32.86
-32.86
-32.86
-32.86
-32.86
-32.86
-32.86
-32.86
-32.86
-32.86
-32.86
-32.86
-32.86
-32.86
-32.86
-32.86
-32.86
-32.86
-32.86
-32.86
-32.86
-32.86
-32.86
-32.86
-32.86
-32.86
-32.86
-32.86
-32.86
-32.86
-32.86
-32.86
-32.86
-32.86
-32.86
-32.86
-32.86
-32.86
-32.86
-32.86
-32.86
-32.86
-32.86
-32.86
-32.86
-32.86
-32.86
-32.86
-32.86
-32.86
-32.86
-32.86
-32.86
-32.86
-32.86
-32.86
-32.86
-32.86
-32.86
-32.86
-32.86
-32.86
-32.86
-32.86
-32.86
-32.86
-32.86
-32.86
-32.86
-32.86
-32.86
-32.86
-32.86
-32.86
-32.86
-32.86
-32.86
-32.86
-32.86
-32.86
-32.86
-32.86
-32.86
-32.86
-32.86
-32.86
-32.86
-32.86
-32.86
-32.86
-32.86
-32.86
-32.86
-32.86
-32.86
-32.86
-32.86
-32.86
-32.86
-32.86
-32.86
-32.86
-32.86
-32.86
-32.86
-32.86
-32.86
-32.86
-32.86
-32.86
-32.86
-32.86
-32.86
-32.86
-32.86
-32.86
-32.86
-32.86
-32.86
-32.86
-32.86
-32.86
-32.86
-32.86
-32.86
-32.86
-32.86
-32.86
-32.86
-32.86
-32.86
-32.86
-32.86
-32.86
-32.86
-32.86
-32.86
-32.86
-32.86
-32.86
-32.86
-32.86
-32.86
-32.86
-32.86
-32.86
-32.86
-32.86
-32.86
-32.86
-32.86
-32.86
-32.86
-32.86
-32.86
-32.86
-32.86
-32.86
-32.86
-32.86
-32.86
-32.86
-32.86
-32.86
-32.86
-32.86
-32.86
-32.86
-32.86
-32.86
-32.86
-32.86
-32.86
-32.86
-32.86
-32.86
-32.86
-32.86
-32.86
-32.86
-32.86
-32.86
-32.86
-32.86
-32.86
-32.86
-32.86
-32.86
-32.86
-32.86
-32.86
-32.86
-32.86
-32.86
-32.86
-32.86
-32.86
-32.86
-32.86
-32.86
-32.86
-32.86
-32.86
-32.86
-32.86
-32.86
-32.86
-32.86
-32.86
-32.86
-32.86
-32.86
-32.86
-32.86
-32.86
-32.86
-32.86
-32.86
-32.86
-32.86
-32.86
-32.86
-32.86
-32.86
-32.86
-32.86
-32.86
-32.86
-32.86
-32.86
-32.86
-32.86
-32.86
-32.86
-32.86
-32.86
-32.86
-32.86
-32.86
-32.86
-32.86
-32.86
-32.86
-32.86
-32.86
-32.86
-32.86
-32.86
-32.86
-32.86
-32.86
-32.86
-32.86
-32.86
-32.86
-32.86
-32.86
-32.86
-32.86
-32.86
-32.86
-32.86
-32.86
-32.86
-32.86
-32.86
-32.86
-32.86
-32.86
-32.86
-32.86
-32.86
-32.86
-32.86
-32.86
-32.86
-32.86
-32.86
-32.86
-32.86
-32.86
-32.86
-32.86
-32.86
-32.86
-32.86
-32.86
-32.86
-32.86
-32.86
-32.86
-32.86
-32.86
-32.86
-32.86
-32.86
-32.86
-32.86
-32.86
-32.86
-32.86
-32.86
-32.86
-32.86
-32.86
-32.86
-32.86
-32.86
-32.86
-32.86
-32.86
-32.86
-32.86
-32.86
-32.86
-32.86
-32.86
-32.86
-32.86
-32.86
-32.86
-32.86
-32.86
-32.86
-32.86
-32.86
-32.86
-32.86
-32.86
-32.86
-32.86
-32.86
-32.86
-32.86
-32.86
-32.86
-32.86
-32.86
-32.86
-32.86
-32.86
-32.86
-32.86
-32.86
-32.86
-32.86
-32.86
-32.86
-32.86
-32.86
-32.86
-32.86
-32.86
-32.86
-32.86
-32.86
-32.86
-32.86
-32.86
-32.86
-32.86
-32.86
-32.86
-32.86
-32.86
-32.86
-32.86
-32.86
-32.86
-32.86
-32.86
-32.86
-32.86
-32.86
-32.86
-32.86
-32.86
-32.86
-32.86
-32.86
-32.86
-32.86
-32.86
-32.86
-32.86
-32.86
-32.86
-32.86
-32.86
-32.86
-32.86
-32.86
-32.86
-32.86
-32.86
-32.86
-32.86
-32.86
-32.86
-32.86
-32.86
-32.86
-32.86
-32.86
-32.86
-32.86
-32.86
-32.86
-32.86
-32.86
-32.86
-32.86
-32.86
-32.86
-32.86
-32.86
-32.86
-32.86
-32.86
-32.86
-32.86
-32.86
-32.86
-32.86
-32.86
-32.86
-32.86
-32.86
-32.86
-32.86
-32.86
-32.86
-32.86
-32.86
-32.86
-32.86
-32.86
-32.86
-32.86
-32.86
-32.86
-32.86
-32.86
-32.86
-32.86
-32.86
-32.86
-32.86
-32.86
-32.86
-32.86
-32.86
-32.86
-32.86
-32.86
-32.86
-32.86
-32.86
-32.86
-32.86
-32.86
-32.86
-32.86
-32.86
-32.86
-32.86
-32.86
-32.86
-32.86
-32.86
-32.86
-32.86
-32.86
-32.86
-32.86
-32.86
-32.86
-32.86
-32.86
-32.86
-32.86
-32.86
-32.86
-32.86
-32.86
-32.86
-32.86
-32.86
-32.86
-32.86
-32.86
-32.86
-32.86
-32.86
-32.86
-32.86
-32.86
-32.86
-32.86
-32.86
-32.86
-32.86
-32.86
-32.86
-32.86
-32.86
-32.86
-32.86
-32.86
-32.86
-32.86
-32.86
-32.86
-32.86
-32.86
-32.86
-32.86
-32.86
-32.86
-32.86
-32.86
-32.86
-32.86
-32.86
-32.86
-32.86
-32.86
-32.86
-32.86
-32.86
-32.86
-32.86
-32.86
-32.86
-32.86
-32.86
-32.86
-32.86
-32.86
-32.86
-32.86
-32.86
-32.86
-32.86
-32.86
-32.86
-32.86
-32.86
-32.86
-32.86
-32.86
-32.86
-32.86
-32.86
-32.86
-32.86
-32.86
-32.86
-32.86
-32.86
-32.86
-32.86
-32.86
-32.86
-32.86
-32.86
-32.86
-32.86
-32.86
-32.86
-32.86
-32.86
-32.86
-32.86
-32.86
-32.86
-32.86
-32.86
-32.86
-32.86
-32.86
-32.86
-32.86
-32.86
-32.86
-32.86
-32.86
-32.86
-32.86
-32.86
-32.86
-32.86
-32.86
-32.86
-32.86
-32.86
-32.86
-32.86
-32.86
-32.86
-32.86
-32.86
-32.86
-32.86
-32.86
-32.86
-32.86
-32.86
-32.86
-32.86
-32.86
-32.86
-32.86
-32.86
-32.86
-32.86
-32.86
-32.86
-32.86
-32.86
-32.86
-32.86
-32.86
-32.86
-32.86
-32.86
-32.86
-32.86
-32.86
-32.86
-32.86
-32.86
-32.86
-32.86
-32.86
-32.86
-32.86
-32.86
-32.86
-32.86
-32.86
-32.86
-32.86
-32.86
-32.86
-32.86
-32.86
-32.86
-32.86
-32.86
-32.86
-32.86
-32.86
-32.86
-32.86
-32.86
-32.86
-32.86
-32.86
-32.86
-32.86
-32.86
-32.86
-32.86
-32.86
-32.86
-32.86
-32.86
-32.86
-32.86
-32.86
-32.86
-32.86
-32.86
-32.86
-32.86
-32.86
-32.86
-32.86
-32.86
-32.86
-32.86
-32.86
-32.86
-32.86
-32.86
-32.86
-32.86
-32.86
-32.86
-32.86
-32.86
-32.86
-32.86
-32.86
-32.86
-32.86
-32.86
-32.86
-32.86
-32.86
-32.86
-32.86
-32.86
-32.86
-32.86
-32.86
-32.86
-32.86
-32.86
-32.86
-32.86
-32.86
-32.86
-32.86
-32.86
-32.86
-32.86
-32.86
-32.86
-32.86
-32.86
-32.86
-32.86
-32.86
-32.86
-32.86
-32.86
-32.86
-32.86
-32.86
-32.86
-32.86
-32.86
-32.86
-32.86
-32.86
-32.86
-32.86
-32.86
-32.86
-32.86
-32.86
-32.86
-32.86
-32.86
-32.86
-32.86
-32.86
-32.86
-32.86
-32.86
-32.86
-32.86
-32.86
-32.86
-32.86
-32.86
-32.86
-32.86
-32.86
-32.86
-32.86
-32.86
-32.86
-32.86
-32.86
-32.86
-32.86
-32.86
-32.86
-32.86
-32.86
-32.86
-32.86
-32.86
-32.86
-32.86
-32.86
-32.86
-32.86
-32.86
-32.86
-32.86
-32.86
-32.86
-32.86
-32.86
-32.86
-32.86
-32.86
-32.86
-32.86
-32.86
-32.86
-32.86
-32.86
-32.86
-32.86
-32.86
-32.86
-32.86
-32.86
-32.86
-32.86
-32.86
-32.86
-32.86
-32.86
-32.86
-32.86
-32.86
-32.86
-32.86
-32.86
-32.86
-32.86
-32.86
-32.86
-32.86
-32.86
-32.86
-32.86
-32.86
-32.86
-32.86
-32.86
-32.86
-32.86
-32.86
-32.86
-32.86
-32.86
-32.86
-32.86
-32.86
-32.86
-32.86
-32.86
-32.86
-32.86
-32.86
-32.86
-32.86
-32.86
-32.86
-32.86
-32.86
-32.86
-32.86
-32.86
-32.86
-32.86
-32.86
-32.86
-32.86
-32.86
-32.86
-32.86
-32.86
-32.86
-32.86
-32.86
-32.86
-32.86
-32.86
-32.86
-32.86
-32.86
-32.86
-32.86
-32.86
-32.86
-32.86
-32.86
-32.86
-32.86
-32.86
-32.86
-32.86
-32.86
-32.86
-32.86
-32.86
-32.86
-32.86
-32.86
-32.86
-32.86
-32.86
-32.86
-32.86
-32.86
-32.86
-32.86
-32.86
-32.86
-32.86
-32.86
-32.86
-32.86
-32.86
-32.86
-32.86
-32.86
-32.86
-32.86
-32.86
-32.86
-32.86
-32.86
-32.86
-32.86
-32.86
-32.86
-32.86
-32.86
-32.86
-32.86
-32.86
-32.86
-32.86
-32.86
-32.86
-32.86
-32.86
-32.86
-32.86
-32.86
-32.86
-32.86
-32.86
-32.86
-32.86
-32.86
-32.86
-32.86
-32.86
-32.86
-32.86
-32.86
-32.86
-32.86
-32.86
-32.86
-32.86
-32.86
-32.86
-32.86
-32.86
-32.86
-32.86
-32.86
-32.86
-32.86
-32.86
-32.86
-32.86
-32.86
-32.86
-32.86
-32.86
-32.86
-32.86
-32.86
-32.86
-32.86
-32.86
-32.86
-32.86
-32.86
-32.86
-32.86
-32.86
-32.86
-32.86
-32.86
-32.86
-32.86
-32.86
-32.86
-32.86
-32.86
-32.86
-32.86
-32.86
-32.86
-32.86
-32.86
-32.86
-32.86
-32.86
-32.86
-32.86
-32.86
-32.86
-32.86
-32.86
-32.86
-32.86
-32.86
-32.86
-32.86
-32.86
-32.86
-32.86
-32.86
-32.86
-32.86
-32.86
-32.86
-32.86
-32.86
-32.86
-32.86
-32.86
-32.86
-32.86
-32.86
-32.86
-32.86
-32.86
-32.86
-32.86
-32.86
-32.86
-32.86
-32.86
-32.86
-32.86
-32.86
-32.86
-32.86
-32.86
-32.86
-32.86
-32.86
-32.86
-32.86
-32.86
-32.86
-32.86
-32.86
-32.86
-32.86
-32.86
-32.86
-32.86
-32.86
-32.86
-32.86
-32.86
-32.86
-32.86
-32.86
-32.86
-32.86
-32.86
-32.86
-32.86
-32.86
-32.86
-32.86
-32.86
-32.86
-32.86
-32.86
-32.86
-32.86
-32.86
-32.86
-32.86
-32.86
-32.86
-32.86
-32.86
-32.86
-32.86
-32.86
-32.86
-32.86
-32.86
-32.86
-32.86
-32.86
-32.86
-32.86
-32.86
-32.86
-32.86
-32.86
-32.86
-32.86
-32.86
-32.86
-32.86
-32.86
-32.86
-32.86
-32.86
-32.86
-32.86
-32.86
-32.86
-32.86
-32.86
-32.86
-32.86
-32.86
-32.86
-32.86
-32.86
-32.86
-32.86
-32.86
-32.86
-32.86
-32.86
-32.86
-32.86
-32.86
-32.86
-32.86
-32.86
-32.86
-32.86
-32.86
-32.86
-32.86
-32.86
-32.86
-32.86
-32.86
-32.86
-32.86
-32.86
-32.86
-32.86
-32.86
-32.86
-32.86
-32.86
-32.86
-32.86
-32.86
-32.86
-32.86
-32.86
-32.86
-32.86
-32.86
-32.86
-32.86
-32.86
-32.86
-32.86
-32.86
-32.86
-32.86
-32.86
-32.86
-32.86
-32.86
-32.86
-32.86
-32.86
-32.86
-32.86
-32.86
-32.86
-32.86
-32.86
-32.86
-32.86
-32.86
-32.86
-32.86
-32.86
-32.86
-32.86
-32.86
-32.86
-32.86
-32.86
-32.86
-32.86
-32.86
-32.86
-32.86
-32.86
-32.86
-32.86
-32.86
-32.86
-32.86
-32.86
-32.86
-32.86
-32.86
-32.86
-32.86
-32.86
-32.86
-32.86
-32.86
-32.86
-32.86
-32.86
-32.86
-32.86
-32.86
-32.86
-32.86
-32.86
-32.86
-32.86
-32.86
-32.86
-32.86
-32.86
-32.86
-32.86
-32.86
-32.86
-32.86
-32.86
-32.86
-32.86
-32.86
-32.86
-32.86
-32.86
-32.86
-32.86
-32.86
-32.86
-32.86
-32.86
-32.86
-32.86
-32.86
-32.86
-32.86
-32.86
-32.86
-32.86
-32.86
-32.86
-32.86
-32.86
-32.86
-32.86
-32.86
-32.86
-32.86
-32.86
-32.86
-32.86
-32.86
-32.86
-32.86
-32.86
-32.86
-32.86
-32.86
-32.86
-32.86
-32.86
-32.86
-32.86
-32.86
-32.86
-32.86
-32.86
-32.86
-32.86
-32.86
-32.86
-32.86
-32.86
-32.86
-32.86
-32.86
-32.86
-32.86
-32.86
-32.86
-32.86
-32.86
-32.86
-32.86
-32.86
-32.86
-32.86
-32.86
-32.86
-32.86
-32.86
-32.86
-32.86
-32.86
-32.86
-32.86
-32.86
-32.86
-32.86
-32.86
-32.86
-32.86
-32.86
-32.86
-32.86
-32.86
-32.86
-32.86
-32.86
-32.86
-32.86
-32.86
-32.86
-32.86
-32.86
-32.86
-32.86
-32.86
-32.86
-32.86
-32.86
-32.86
-32.86
-32.86
-32.86
-32.86
-32.86
-32.86
-32.86
-32.86
-32.86
-32.86
-32.86
-32.86
-32.86
-32.86
-32.86
-32.86
-32.86
-32.86
-32.86
-32.86
-32.86
-32.86
-32.86
-32.86
-32.86
-32.86
-32.86
-32.86
-32.86
-32.86
-32.86
-32.86
-32.86
-32.86
-32.86
-32.86
-32.86
-32.86
-32.86
-32.86
-32.86
-32.86
-32.86
-32.86
-32.86
-32.86
-32.86
-32.86
-32.86
-32.86
-32.86
-32.86
-32.86
-32.86
-32.86
-32.86
-32.86
-32.86
-32.86
-32.86
-32.86
-32.86
-32.86
-32.86
-32.86
-32.86
-32.86
-32.86
-32.86
-32.86
-32.86
-32.86
-32.86
-32.86
-32.86
-32.86
-32.86
-32.86
-32.86
-32.86
-32.86
-32.86
-32.86
-32.86
-32.86
-32.86
-32.86
-32.86
-32.86
-32.86
-32.86
-32.86
-32.86
-32.86
-32.86
-32.86
-32.86
-32.86
-32.86
-32.86
-32.86
-32.86
-32.86
-32.86
-32.86
-32.86
-32.86
-32.86
-32.86
-32.86
-32.86
-32.86
-32.86
-32.86
-32.86
-32.86
-32.86
-32.86
-32.86
-32.86
-32.86
-32.86
-32.86
-32.86
-32.86
-32.86
-32.86
-32.86
-32.86
-32.86
-32.86
-32.86
-32.86
-32.86
-32.86
-32.86
-32.86
-32.86
-32.86
-32.86
-32.86
-32.86
-32.86
-32.86
-32.86
-32.86
-32.86
-32.86
-32.86
-32.86
-32.86
-32.86
-32.86
-32.86
-32.86
-32.86
-32.86
-32.86
-32.86
-32.86
-32.86
-32.86
-32.86
-32.86
-32.86
-32.86
-32.86
-32.86
-32.86
-32.86
-32.86
-32.86
-32.86
-32.86
-32.86
-32.86
-32.86
-32.86
-32.86
-32.86
-32.86
-32.86
-32.86
-32.86
-32.86
-32.86
-32.86
-32.86
-32.86
-32.86
-32.86
-32.86
-32.86
-32.86
-32.86
-32.86
-32.86
-32.86
-32.86
-32.86
-32.86
-32.86
-32.86
-32.86
-32.86
-32.86
-32.86
-32.86
-32.86
-32.86
-32.86
-32.86
-32.86
-32.86
-32.86
-32.86
-32.86
-32.86
-32.86
-32.86
-32.86
-32.86
-32.86
-32.86
-32.86
-32.86
-32.86
-32.86
-32.86
-32.86
-32.86
-32.86
-32.86
-32.86
-32.86
-32.86
-32.86
-32.86
-32.86
-32.86
-32.86
-32.86
-32.86
-32.86
-32.86
-32.86
-32.86
-32.86
-32.86
-32.86
-32.86
-32.86
-32.86
-32.86
-32.86
-32.86
-32.86
-32.86
-32.86
-32.86
-32.86
-32.86
-32.86
-32.86
-32.86
-32.86
-32.86
-32.86
-32.86
-32.86
-32.86
-32.86
-32.86
-32.86
-32.86
-32.86
-32.86
-32.86
-32.86
-32.86
-32.86
-32.86
-32.86
-32.86
-32.86
-32.86
-32.86
-32.86
-32.86
-32.86
-32.86
-32.86
-32.86
-32.86
-32.86
-32.86
-32.86
-32.86
-32.86
-32.86
-32.86
-32.86
-32.86
-32.86
-32.86
-32.86
-32.86
-32.86
-32.86
-32.86
-32.86
-32.86
-32.86
-32.86
-32.86
-32.86
-32.86
-32.86
-32.86
-32.86
-32.86
-32.86
-32.86
-32.86
-32.86
-32.86
-32.86
-32.86
-32.86
-32.86
-32.86
-32.86
-32.86
-32.86
-32.86
-32.86
-32.86
-32.86
-32.86
-32.86
-32.86
-32.86
-32.86
-32.86
-32.86
-32.86
-32.86
-32.86
-32.86
-32.86
-32.86
-32.86
-32.86
-32.86
-32.86
-32.86
-32.86
-32.86
-32.86
-32.86
-32.86
-32.86
-32.86
-32.86
-32.86
-32.86
-32.86
-32.86
-32.86
-32.86
-32.86
-32.86
-32.86
-32.86
-32.86
-32.86
-32.86
-32.86
-32.86
-32.86
-32.86
-32.86
-32.86
-32.86
-32.86
-32.86
-32.86
-32.86
-32.86
-32.86
-32.86
-32.86
-32.86
-32.86
-32.86
-32.86
-32.86
-32.86
-32.86
-32.86
-32.86
-32.86
-32.86
-32.86
-32.86
-32.86
-32.86
-32.86
-32.86
-32.86
-32.86
-32.86
-32.86
-32.86
-32.86
-32.86
-32.86
-32.86
-32.86
-32.86
-32.86
-32.86
-32.86
-32.86
-32.86
-32.86
-32.86
-32.86
-32.86
-32.86
-32.86
-32.86
-32.86
-32.86
-32.86
-32.86
-32.86
-32.86
-32.86
-32.86
-32.86
-32.86
-32.86
-32.86
-32.86
-32.86
-32.86
-32.86
-32.86
-32.86
-32.86
-32.86
-32.86
-32.86
-32.86
-32.86
-32.86
-32.86
-32.86
-32.86
-32.86
-32.86
-32.86
-32.86
-32.86
-32.86
-32.86
-32.86
-32.86
-32.86
-32.86
-32.86
-32.86
-32.86
-32.86
-32.86
-32.86
-32.86
-32.86
-32.86
-32.86
-32.86
-32.86
-32.86
-32.86
-32.86
-32.86
-32.86
-32.86
-32.86
-32.86
-32.86
-32.86
-32.86
-32.86
-32.86
-32.86
-32.86
-32.86
-32.86
-32.86
-32.86
-32.86
-32.86
-32.86
-32.86
-32.86
-32.86
-32.86
-32.86
-32.86
-32.86
-32.86
-32.86
-32.86
-32.86
-32.86
-32.86
-32.86
-32.86
-32.86
-32.86
-32.86
-32.86
-32.86
-32.86
-32.86
-32.86
-32.86
-32.86
-32.86
-32.86
-32.86
-32.86
-32.86
-32.86
-32.86
-32.86
-32.86
-32.86
-32.86
-32.86
-32.86
-32.86
-32.86
-32.86
-32.86
-32.86
-32.86
-32.86
-32.86
-32.86
-32.86
-32.86
-32.86
-32.86
-32.86
-32.86
-32.86
-32.86
-32.86
-32.86
-32.86
-32.86
-32.86
-32.86
-32.86
-32.86
-32.86
-32.86
-32.86
-32.86
-32.86
-32.86
-32.86
-32.86
-32.86
-32.86
-32.86
-32.86
-32.86
-32.86
-32.86
-32.86
-32.86
-32.86
-32.86
-32.86
-32.86
-32.86
-32.86
-32.86
-32.86
-32.86
-32.86
-32.86
-32.86
-32.86
-32.86
-32.86
-32.86
-32.86
-32.86
-32.86
-32.86
-32.86
-32.86
-32.86
-32.86
-32.86
-32.86
-32.86
-32.86
-32.86
-32.86
-32.86
-32.86
-32.86
-32.86
-32.86
-32.86
-32.86
-32.86
-32.86
-32.86
-32.86
-32.86
-32.86
-32.86
-32.86
-32.86
-32.86
-32.86
-32.86
-32.86
-32.86
-32.86
-32.86
-32.86
-32.86
-32.86
-32.86
-32.86
-32.86
-32.86
-32.86
-32.86
-32.86
-32.86
-32.86
-32.86
-32.86
-32.86
-32.86
-32.86
-32.86
-32.86
-32.86
-32.86
-32.86
-32.86
-32.86
-32.86
-32.86
-32.86
-32.86
-32.86
-32.86
-32.86
-32.86
-32.86
-32.86
-32.86
-32.86
-32.86
-32.86
-32.86
-32.86
-32.86
-32.86
-32.86
-32.86
-32.86
-32.86
-32.86
-32.86
-32.86
-32.86
-32.86
-32.86
-32.86
-32.86
-32.86
-32.86
-32.86
-32.86
-32.86
-32.86
-32.86
-32.86
-32.86
-32.86
-32.86
-32.86
-32.86
-32.86
-32.86
-32.86
-32.86
-32.86
-32.86
-32.86
-32.86
-32.86
-32.86
-32.86
-32.86
-32.86
-32.86
-32.86
-32.86
-32.86
-32.86
-32.86
-32.86
-32.86
-32.86
-32.86
-32.86
-32.86
-32.86
-32.86
-32.86
-32.86
-32.86
-32.86
-32.86
-32.86
-32.86
-32.86
-32.86
-32.86
-32.86
-32.86
-32.86
-32.86
-32.86
-32.86
-32.86
-32.86
-32.86
-32.86
-32.86
-32.86
-32.86
-32.86
-32.86
-32.86
-32.86
-32.86
-32.86
-32.86
-32.86
-32.86
-32.86
-32.86
-32.86
-32.86
-32.86
-32.86
-32.86
-32.86
-32.86
-32.86
-32.86
-32.86
-32.86
-32.86
-32.86
-32.86
-32.86
-32.86
-32.86
-32.86
-32.86
-32.86
-32.86
-32.86
-32.86
-32.86
-32.86
-32.86
-32.86
-32.86
-32.86
-32.86
-32.86
-32.86
-32.86
-32.86
-32.86
-32.86
-32.86
-32.86
-32.86
-32.86
-32.86
-32.86
-32.86
-32.86
-32.86
-32.86
-32.86
-32.86
-32.86
-32.86
-32.86
-32.86
-32.86
-32.86
-32.86
-32.86
-32.86
-32.86
-32.86
-32.86
-32.86
-32.86
-32.86
-32.86
-32.86
-32.86
-32.86
-32.86
-32.86
-32.86
-32.86
-32.86
-32.86
-32.86
-32.86
-32.86
-32.86
-32.86
-32.86
-32.86
-32.86
-32.86
-32.86
-32.86
-32.86
-32.86
-32.86
-32.86
-32.86
-32.86
-32.86
-32.86
-32.86
-32.86
-32.86
-32.86
-32.86
-32.86
-32.86
-32.86
-32.86
-32.86
-32.86
-32.86
-32.86
-32.86
-32.86
-32.86
-32.86
-32.86
-32.86
-32.86
-32.86
-32.86
-32.86
-32.86
-32.86
-32.86
-32.86
-32.86
-32.86
-32.86
-32.86
-32.86
-32.86
-32.86
-32.86
-32.86
-32.86
-32.86
-32.86
-32.86
-32.86
-32.86
-32.86
-32.86
-32.86
-32.86
-32.86
-32.86
-32.86
-32.86
-32.86
-32.86
-32.86
-32.86
-32.86
-32.86
-32.86
-32.86
-32.86
-32.86
-32.86
-32.86
-32.86
-32.86
-32.86
-32.86
-32.86
-32.86
-32.86
-32.86
-32.86
-32.86
-32.86
-32.86
-32.86
-32.86
-32.86
-32.86
-32.86
-32.86
-32.86
-32.86
-32.86
-32.86
-32.86
-32.86
-32.86
-32.86
-32.86
-32.86
-32.86
-32.86
-32.86
-32.86
-32.86
-32.86
-32.86
-32.86
-32.86
-32.86
-32.86
-32.86
-32.86
-32.86
-32.86
-32.86
-32.86
-32.86
-32.86
-32.86
-32.86
-32.86
-32.86
-32.86
-32.86
-32.86
-32.86
-32.86
-32.86
-32.86
-32.86
-32.86
-32.86
-32.86
-32.86
-32.86
-32.86
-32.86
-32.86
-32.86
-32.86
-32.86
-32.86
-32.86
-32.86
-32.86
-32.86
-32.86
-32.86
-32.86
-32.86
-32.86
-32.86
-32.86
-32.86
-32.86
-32.86
-32.86
-32.86
-32.86
-32.86
-32.86
-32.86
-32.86
-32.86
-32.86
-32.86
-32.86
-32.86
-32.86
-32.86
-32.86
-32.86
-32.86
-32.86
-32.86
-32.86
-32.86
-32.86
-32.86
-32.86
-32.86
-32.86
-32.86
-32.86
-32.86
-32.86
-32.86
-32.86
-32.86
-32.86
-32.86
-32.86
-32.86
-32.86
-32.86
-32.86
-32.86
-32.86
-32.86
-32.86
-32.86
-32.86
-32.86
-32.86
-32.86
-32.86
-32.86
-32.86
-32.86
-32.86
-32.86
-32.86
-32.86
-32.86
-32.86
-32.86
-32.86
-32.86
-32.86
-32.86
-32.86
-32.86
-32.86
-32.86
-32.86
-32.86
-32.86
-32.86
-32.86
-32.86
-32.86
-32.86
-32.86
-32.86
-32.86
-32.86
-32.86
-32.86
-32.86
-32.86
-32.86
-32.86
-32.86
-32.86
-32.86
-32.86
-32.86
-32.86
-32.86
-32.86
-32.86
-32.86
-32.86
-32.86
-32.86
-32.86
-32.86
-32.86
-32.86
-32.86
-32.86
-32.86
-32.86
-32.86
-32.86
-32.86
-32.86
-32.86
-32.86
-32.86
-32.86
-32.86
-32.86
-32.86
-32.86
-32.86
-32.86
-32.859435910187656
-32.85755387024541
-32.86
-32.86
-32.86
-32.86
-32.86
-32.86
-32.86
-32.86
-32.86
-32.86
-32.86
-32.86
-32.86
-32.86
-32.86
-32.86
-32.86
-32.86
-32.86
-32.86
-32.86
-32.86
-32.86
-32.86
-32.86
-32.86
-32.86
-32.86
-32.86
-32.86
-32.86
-32.86
-32.86
-32.86
-32.86
-32.86
-32.86
-32.86
-32.86
-32.86
-32.86
-32.86
-32.86
-32.86
-32.86
-32.86
-32.86
-32.86
-32.86
-32.86
-32.86
-32.86
-32.86
-32.86
-32.86
-32.86
-32.86
-32.86
-32.86
-32.86
-32.86
-32.86
-32.86
-32.86
-32.86
-32.86
-32.86
-32.86
-32.86
-32.86
-32.86
-32.86
-32.86
-32.86
-32.86
-32.86
-32.86
-32.86
-32.86
-32.86
-32.86
-32.86
-32.86
-32.86
-32.86
-32.86
-32.86
-32.86
-32.86
-32.86
-32.86
-32.86
-32.86
-32.86
-32.86
-32.86
-32.86
-32.86
-32.859435910187656
-32.85755387024541
-32.86
-32.86
-32.86
-32.86
-32.86
-32.86
-32.86
-32.86
-32.86
-32.86
-32.86
-32.86
-32.86
-32.86
-32.86
-32.86
-32.86
-32.86
-32.86
-32.86
-32.86
-32.86
-32.86
-32.86
-32.86
-32.86
-32.86
-32.86
-32.86
-32.86
-32.86
-32.86
-32.86
-32.86
-32.86
-32.86
-32.86
-32.86
-32.86
-32.86
-32.86
-32.86
-32.86
-32.86
-32.86
-32.86
-32.86
-32.86
-32.86
-32.86
-32.86
-32.86
-32.86
-32.86
-32.86
-32.86
-32.86
-32.86
-32.86
-32.86
-32.86
-32.86
-32.86
-32.86
-32.86
-32.86
-32.86
-32.86
-32.86
-32.86
-32.86
-32.86
-32.86
-32.86
-32.86
-32.86
-32.86
-32.86
-32.86
-32.86
-32.86
-32.86
-32.86
-32.86
-32.86
-32.86
-32.86
-32.86
-32.86
-32.86
-32.86
-32.86
-32.86
-32.86
-32.86
-32.86
-32.86
-32.86
-32.86
-32.86
-32.86
-32.86
-32.86
-32.86
-32.86
-32.86
-32.86
-32.86
-32.86
-32.86
-32.86
-32.86
-32.86
-32.86
-32.86
-32.86
-32.86
-32.86
-32.86
-32.86
-32.86
-32.86
-32.86
-32.86
-32.86
-32.86
-32.86
-32.86
-32.86
-32.86
-32.86
-32.86
-32.86
-32.86
-32.86
-32.86
-32.86
-32.86
-32.86
-32.86
-32.86
-32.86
-32.86
-32.86
-32.86
-32.86
-32.86
-32.86
-32.86
-32.86
-32.86
-32.86
-32.86
-32.86
-32.86
-32.86
-32.86
-32.86
-32.86
-32.86
-32.86
-32.86
-32.86
-32.86
-32.86
-32.86
-32.86
-32.86
-32.86
-32.86
-32.86
-32.86
-32.86
-32.86
-32.86
-32.86
-32.86
-32.86
-32.86
-32.86
-32.86
-32.86
-32.86
-32.86
-32.86
-32.86
-32.86
-32.86
-32.86
-32.86
-32.86
-32.86
-32.86
-32.86
-32.86
-32.86
-32.86
-32.86
-32.85827060392269
-32.85462515978048
-32.85424730427091
-32.85734492403031
-32.86
-32.86
-32.86
-32.86
-32.86
-32.86
-32.86
-32.86
-32.86
-32.86
-32.86
-32.86
-32.86
-32.86
-32.86
-32.86
-32.86
-32.86
-32.86
-32.86
-32.86
-32.86
-32.86
-32.86
-32.86
-32.86
-32.86
-32.86
-32.86
-32.86
-32.86
-32.86
-32.86
-32.86
-32.86
-32.86
-32.86
-32.86
-32.86
-32.86
-32.86
-32.86
-32.86
-32.86
-32.86
-32.86
-32.86
-32.86
-32.86
-32.86
-32.86
-32.86
-32.86
-32.86
-32.86
-32.86
-32.86
-32.86
-32.86
-32.86
-32.86
-32.86
-32.86
-32.86
-32.86
-32.86
-32.86
-32.86
-32.86
-32.86
-32.86
-32.86
-32.86
-32.86
-32.86
-32.86
-32.86
-32.86
-32.86
-32.86
-32.86
-32.86
-32.86
-32.86
-32.86
-32.86
-32.86
-32.86
-32.86
-32.86
-32.86
-32.86
-32.86
-32.86
-32.86
-32.86
-32.85827060392269
-32.85462515978048
-32.85424730427091
-32.85734492403031
-32.86
-32.86
-32.86
-32.86
-32.86
-32.86
-32.86
-32.86
-32.86
-32.86
-32.86
-32.86
-32.86
-32.86
-32.86
-32.86
-32.86
-32.86
-32.86
-32.86
-32.86
-32.86
-32.86
-32.86
-32.86
-32.86
-32.86
-32.86
-32.86
-32.86
-32.86
-32.86
-32.86
-32.86
-32.86
-32.86
-32.86
-32.86
-32.86
-32.86
-32.86
-32.86
-32.86
-32.86
-32.86
-32.86
-32.86
-32.86
-32.86
-32.86
-32.86
-32.86
-32.86
-32.86
-32.86
-32.86
-32.86
-32.86
-32.86
-32.86
-32.86
-32.86
-32.86
-32.86
-32.86
-32.86
-32.86
-32.86
-32.86
-32.86
-32.86
-32.86
-32.86
-32.86
-32.86
-32.86
-32.86
-32.86
-32.86
-32.86
-32.86
-32.86
-32.86
-32.86
-32.86
-32.86
-32.86
-32.86
-32.86
-32.86
-32.86
-32.86
-32.86
-32.86
-32.86
-32.86
-32.86
-32.86
-32.86
-32.86
-32.86
-32.86
-32.86
-32.86
-32.86
-32.86
-32.86
-32.86
-32.86
-32.86
-32.86
-32.86
-32.86
-32.86
-32.86
-32.86
-32.86
-32.86
-32.86
-32.86
-32.86
-32.86
-32.86
-32.86
-32.86
-32.86
-32.86
-32.86
-32.86
-32.86
-32.86
-32.86
-32.86
-32.86
-32.86
-32.86
-32.86
-32.86
-32.86
-32.86
-32.86
-32.86
-32.86
-32.86
-32.86
-32.86
-32.86
-32.86
-32.86
-32.86
-32.86
-32.86
-32.86
-32.86
-32.86
-32.86
-32.86
-32.86
-32.86
-32.86
-32.86
-32.86
-32.86
-32.86
-32.86
-32.86
-32.86
-32.86
-32.86
-32.86
-32.86
-32.86
-32.86
-32.86
-32.86
-32.86
-32.86
-32.86
-32.86
-32.86
-32.86
-32.86
-32.86
-32.86
-32.86
-32.86
-32.86
-32.86
-32.86
-32.86
-32.86
-32.86
-32.86
-32.86
-32.86
-32.86
-32.85675361092242
-32.851676216463005
-32.849887909839055
-32.85132798163913
-32.855642808013236
-32.86
-32.86
-32.86
-32.86
-32.86
-32.86
-32.86
-32.86
-32.86
-32.86
-32.86
-32.86
-32.86
-32.86
-32.86
-32.86
-32.86
-32.86
-32.86
-32.86
-32.86
-32.86
-32.86
-32.86
-32.86
-32.86
-32.86
-32.86
-32.86
-32.86
-32.86
-32.86
-32.86
-32.86
-32.86
-32.86
-32.86
-32.86
-32.86
-32.86
-32.86
-32.86
-32.86
-32.86
-32.86
-32.86
-32.86
-32.86
-32.86
-32.86
-32.86
-32.86
-32.86
-32.86
-32.86
-32.86
-32.86
-32.86
-32.86
-32.86
-32.86
-32.86
-32.86
-32.86
-32.86
-32.86
-32.86
-32.86
-32.86
-32.86
-32.86
-32.86
-32.86
-32.86
-32.86
-32.86
-32.86
-32.86
-32.86
-32.86
-32.86
-32.86
-32.86
-32.86
-32.86
-32.86
-32.86
-32.86
-32.86
-32.86
-32.86
-32.86
-32.86
-32.86
-32.86
-32.85675361092242
-32.851676216463005
-32.849887909839055
-32.85132798163913
-32.855642808013236
-32.86
-32.86
-32.86
-32.86
-32.86
-32.86
-32.86
-32.86
-32.86
-32.86
-32.86
-32.86
-32.86
-32.86
-32.86
-32.86
-32.86
-32.86
-32.86
-32.86
-32.86
-32.86
-32.86
-32.86
-32.86
-32.86
-32.86
-32.86
-32.86
-32.86
-32.86
-32.86
-32.86
-32.86
-32.86
-32.86
-32.86
-32.86
-32.86
-32.86
-32.86
-32.86
-32.86
-32.86
-32.86
-32.86
-32.86
-32.86
-32.86
-32.86
-32.86
-32.86
-32.86
-32.86
-32.86
-32.86
-32.86
-32.86
-32.86
-32.86
-32.86
-32.86
-32.86
-32.86
-32.86
-32.86
-32.86
-32.86
-32.86
-32.86
-32.86
-32.86
-32.86
-32.86
-32.86
-32.86
-32.86
-32.86
-32.86
-32.86
-32.86
-32.86
-32.86
-32.86
-32.86
-32.86
-32.86
-32.86
-32.86
-32.86
-32.86
-32.86
-32.86
-32.86
-32.86
-32.86
-32.86
-32.86
-32.86
-32.86
-32.86
-32.86
-32.86
-32.86
-32.86
-32.86
-32.86
-32.86
-32.86
-32.86
-32.86
-32.86
-32.86
-32.86
-32.86
-32.86
-32.86
-32.86
-32.86
-32.86
-32.86
-32.86
-32.86
-32.86
-32.86
-32.86
-32.86
-32.86
-32.86
-32.86
-32.86
-32.86
-32.86
-32.86
-32.86
-32.86
-32.86
-32.86
-32.86
-32.86
-32.86
-32.86
-32.86
-32.86
-32.86
-32.86
-32.86
-32.86
-32.86
-32.86
-32.86
-32.86
-32.86
-32.86
-32.86
-32.86
-32.86
-32.86
-32.86
-32.86
-32.86
-32.86
-32.86
-32.86
-32.86
-32.86
-32.86
-32.86
-32.86
-32.86
-32.86
-32.86
-32.86
-32.86
-32.86
-32.86
-32.86
-32.86
-32.86
-32.86
-32.86
-32.86
-32.86
-32.86
-32.86
-32.86
-32.86
-32.86
-32.86
-32.86
-32.86
-32.86
-32.86
-32.86
-32.86
-32.85514186108735
-32.84883854568204
-32.84567790636391
-32.84575064682464
-32.84847667683169
-32.85411120944729
-32.86
-32.86
-32.86
-32.86
-32.86
-32.86
-32.86
-32.86
-32.86
-32.86
-32.86
-32.86
-32.86
-32.86
-32.86
-32.86
-32.86
-32.86
-32.86
-32.86
-32.86
-32.86
-32.86
-32.86
-32.86
-32.86
-32.86
-32.86
-32.86
-32.86
-32.86
-32.86
-32.86
-32.86
-32.86
-32.86
-32.86
-32.86
-32.86
-32.86
-32.86
-32.86
-32.86
-32.86
-32.86
-32.86
-32.86
-32.86
-32.86
-32.86
-32.86
-32.86
-32.86
-32.86
-32.86
-32.86
-32.86
-32.86
-32.86
-32.86
-32.86
-32.86
-32.86
-32.86
-32.86
-32.86
-32.86
-32.86
-32.86
-32.86
-32.86
-32.86
-32.86
-32.86
-32.86
-32.86
-32.86
-32.86
-32.86
-32.86
-32.86
-32.86
-32.86
-32.86
-32.86
-32.86
-32.86
-32.86
-32.86
-32.86
-32.86
-32.86
-32.86
-32.86
-32.85514186108735
-32.84883854568204
-32.84567790636391
-32.84575064682464
-32.84847667683169
-32.85411120944729
-32.86
-32.86
-32.86
-32.86
-32.86
-32.86
-32.86
-32.86
-32.86
-32.86
-32.86
-32.86
-32.86
-32.86
-32.86
-32.86
-32.86
-32.86
-32.86
-32.86
-32.86
-32.86
-32.86
-32.86
-32.86
-32.86
-32.86
-32.86
-32.86
-32.86
-32.86
-32.86
-32.86
-32.86
-32.86
-32.86
-32.86
-32.86
-32.86
-32.86
-32.86
-32.86
-32.86
-32.86
-32.86
-32.86
-32.86
-32.86
-32.86
-32.86
-32.86
-32.86
-32.86
-32.86
-32.86
-32.86
-32.86
-32.86
-32.86
-32.86
-32.86
-32.86
-32.86
-32.86
-32.86
-32.86
-32.86
-32.86
-32.86
-32.86
-32.86
-32.86
-32.86
-32.86
-32.86
-32.86
-32.86
-32.86
-32.86
-32.86
-32.86
-32.86
-32.86
-32.86
-32.86
-32.86
-32.86
-32.86
-32.86
-32.86
-32.86
-32.86
-32.86
-32.86
-32.86
-32.86
-32.86
-32.86
-32.86
-32.86
-32.86
-32.86
-32.86
-32.86
-32.86
-32.86
-32.86
-32.86
-32.86
-32.86
-32.86
-32.86
-32.86
-32.86
-32.86
-32.86
-32.86
-32.86
-32.86
-32.86
-32.86
-32.86
-32.86
-32.86
-32.86
-32.86
-32.86
-32.86
-32.86
-32.86
-32.86
-32.86
-32.86
-32.86
-32.86
-32.86
-32.86
-32.86
-32.86
-32.86
-32.86
-32.86
-32.86
-32.86
-32.86
-32.86
-32.86
-32.86
-32.86
-32.86
-32.86
-32.86
-32.86
-32.86
-32.86
-32.86
-32.86
-32.86
-32.86
-32.86
-32.86
-32.86
-32.86
-32.86
-32.86
-32.86
-32.86
-32.86
-32.86
-32.86
-32.86
-32.86
-32.86
-32.86
-32.86
-32.86
-32.86
-32.86
-32.86
-32.86
-32.86
-32.86
-32.86
-32.86
-32.86
-32.86
-32.86
-32.86
-32.86
-32.86
-32.86
-32.86
-32.86
-32.86
-32.853445067571286
-32.846164561947575
-32.841965979945954
-32.84092652622524
-32.84222094441559
-32.8462184015079
-32.85266361831755
-32.86
-32.86
-32.86
-32.86
-32.86
-32.86
-32.86
-32.86
-32.86
-32.86
-32.86
-32.86
-32.86
-32.86
-32.86
-32.86
-32.86
-32.86
-32.86
-32.86
-32.86
-32.86
-32.86
-32.86
-32.86
-32.86
-32.86
-32.86
-32.86
-32.86
-32.86
-32.86
-32.86
-32.86
-32.86
-32.86
-32.86
-32.86
-32.86
-32.86
-32.86
-32.86
-32.86
-32.86
-32.86
-32.86
-32.86
-32.86
-32.86
-32.86
-32.86
-32.86
-32.86
-32.86
-32.86
-32.86
-32.86
-32.86
-32.86
-32.86
-32.86
-32.86
-32.86
-32.86
-32.86
-32.86
-32.86
-32.86
-32.86
-32.86
-32.86
-32.86
-32.86
-32.86
-32.86
-32.86
-32.86
-32.86
-32.86
-32.86
-32.86
-32.86
-32.86
-32.86
-32.86
-32.86
-32.86
-32.86
-32.86
-32.86
-32.86
-32.86
-32.86
-32.853445067571286
-32.846164561947575
-32.841965979945954
-32.84092652622524
-32.84222094441559
-32.8462184015079
-32.85266361831755
-32.86
-32.86
-32.86
-32.86
-32.86
-32.86
-32.86
-32.86
-32.86
-32.86
-32.86
-32.86
-32.86
-32.86
-32.86
-32.86
-32.86
-32.86
-32.86
-32.86
-32.86
-32.86
-32.86
-32.86
-32.86
-32.86
-32.86
-32.86
-32.86
-32.86
-32.86
-32.86
-32.86
-32.86
-32.86
-32.86
-32.86
-32.86
-32.86
-32.86
-32.86
-32.86
-32.86
-32.86
-32.86
-32.86
-32.86
-32.86
-32.86
-32.86
-32.86
-32.86
-32.86
-32.86
-32.86
-32.86
-32.86
-32.86
-32.86
-32.86
-32.86
-32.86
-32.86
-32.86
-32.86
-32.86
-32.86
-32.86
-32.86
-32.86
-32.86
-32.86
-32.86
-32.86
-32.86
-32.86
-32.86
-32.86
-32.86
-32.86
-32.86
-32.86
-32.86
-32.86
-32.86
-32.86
-32.86
-32.86
-32.86
-32.86
-32.86
-32.86
-32.86
-32.86
-32.86
-32.86
-32.86
-32.86
-32.86
-32.86
-32.86
-32.86
-32.86
-32.86
-32.86
-32.86
-32.86
-32.86
-32.86
-32.86
-32.86
-32.86
-32.86
-32.86
-32.86
-32.86
-32.86
-32.86
-32.86
-32.86
-32.86
-32.86
-32.86
-32.86
-32.86
-32.86
-32.86
-32.86
-32.86
-32.86
-32.86
-32.86
-32.86
-32.86
-32.86
-32.86
-32.86
-32.86
-32.86
-32.86
-32.86
-32.86
-32.86
-32.86
-32.86
-32.86
-32.86
-32.86
-32.86
-32.86
-32.86
-32.86
-32.86
-32.86
-32.86
-32.86
-32.86
-32.86
-32.86
-32.86
-32.86
-32.86
-32.86
-32.86
-32.86
-32.86
-32.86
-32.86
-32.86
-32.86
-32.86
-32.86
-32.86
-32.86
-32.86
-32.86
-32.86
-32.86
-32.86
-32.86
-32.86
-32.86
-32.86
-32.86
-32.86
-32.86
-32.86
-32.86
-32.86
-32.86
-32.86
-32.86
-32.86
-32.85174887958962
-32.843650420915246
-32.838696755385406
-32.836564756867595
-32.83672973907186
-32.83905806997472
-32.84372620604404
-32.85084318221196
-32.86
-32.86
-32.86
-32.86
-32.86
-32.86
-32.86
-32.86
-32.86
-32.86
-32.86
-32.86
-32.86
-32.86
-32.86
-32.86
-32.86
-32.86
-32.86
-32.86
-32.86
-32.86
-32.86
-32.86
-32.86
-32.86
-32.86
-32.86
-32.86
-32.86
-32.86
-32.86
-32.86
-32.86
-32.86
-32.86
-32.86
-32.86
-32.86
-32.86
-32.86
-32.86
-32.86
-32.86
-32.86
-32.86
-32.86
-32.86
-32.86
-32.86
-32.86
-32.86
-32.86
-32.86
-32.86
-32.86
-32.86
-32.86
-32.86
-32.86
-32.86
-32.86
-32.86
-32.86
-32.86
-32.86
-32.86
-32.86
-32.86
-32.86
-32.86
-32.86
-32.86
-32.86
-32.86
-32.86
-32.86
-32.86
-32.86
-32.86
-32.86
-32.86
-32.86
-32.86
-32.86
-32.86
-32.86
-32.86
-32.86
-32.86
-32.86
-32.86
-32.85174887958962
-32.843650420915246
-32.838696755385406
-32.836564756867595
-32.83672973907186
-32.83905806997472
-32.84372620604404
-32.85084318221196
-32.86
-32.86
-32.86
-32.86
-32.86
-32.86
-32.86
-32.86
-32.86
-32.86
-32.86
-32.86
-32.86
-32.86
-32.86
-32.86
-32.86
-32.86
-32.86
-32.86
-32.86
-32.86
-32.86
-32.86
-32.86
-32.86
-32.86
-32.86
-32.86
-32.86
-32.86
-32.86
-32.86
-32.86
-32.86
-32.86
-32.86
-32.86
-32.86
-32.86
-32.86
-32.86
-32.86
-32.86
-32.86
-32.86
-32.86
-32.86
-32.86
-32.86
-32.86
-32.86
-32.86
-32.86
-32.86
-32.86
-32.86
-32.86
-32.86
-32.86
-32.86
-32.86
-32.86
-32.86
-32.86
-32.86
-32.86
-32.86
-32.86
-32.86
-32.86
-32.86
-32.86
-32.86
-32.86
-32.86
-32.86
-32.86
-32.86
-32.86
-32.86
-32.86
-32.86
-32.86
-32.86
-32.86
-32.86
-32.86
-32.86
-32.86
-32.86
-32.86
-32.86
-32.86
-32.86
-32.86
-32.86
-32.86
-32.86
-32.86
-32.86
-32.86
-32.86
-32.86
-32.86
-32.86
-32.86
-32.86
-32.86
-32.86
-32.86
-32.86
-32.86
-32.86
-32.86
-32.86
-32.86
-32.86
-32.86
-32.86
-32.86
-32.86
-32.86
-32.86
-32.86
-32.86
-32.86
-32.86
-32.86
-32.86
-32.86
-32.86
-32.86
-32.86
-32.86
-32.86
-32.86
-32.86
-32.86
-32.86
-32.86
-32.86
-32.86
-32.86
-32.86
-32.86
-32.86
-32.86
-32.86
-32.86
-32.86
-32.86
-32.86
-32.86
-32.86
-32.86
-32.86
-32.86
-32.86
-32.86
-32.86
-32.86
-32.86
-32.86
-32.86
-32.86
-32.86
-32.86
-32.86
-32.86
-32.86
-32.86
-32.86
-32.86
-32.86
-32.86
-32.86
-32.86
-32.86
-32.86
-32.86
-32.86
-32.86
-32.86
-32.86
-32.86
-32.86
-32.86
-32.86
-32.86
-32.86
-32.86
-32.84983805509215
-32.84118079859255
-32.83554770263035
-32.832453589994984
-32.831554713301436
-32.83265382722832
-32.83581909056937
-32.84104465343747
-32.84876446065237
-32.86
-32.86
-32.86
-32.86
-32.86
-32.86
-32.86
-32.86
-32.86
-32.86
-32.86
-32.86
-32.86
-32.86
-32.86
-32.86
-32.86
-32.86
-32.86
-32.86
-32.86
-32.86
-32.86
-32.86
-32.86
-32.86
-32.86
-32.86
-32.86
-32.86
-32.86
-32.86
-32.86
-32.86
-32.86
-32.86
-32.86
-32.86
-32.86
-32.86
-32.86
-32.86
-32.86
-32.86
-32.86
-32.86
-32.86
-32.86
-32.86
-32.86
-32.86
-32.86
-32.86
-32.86
-32.86
-32.86
-32.86
-32.86
-32.86
-32.86
-32.86
-32.86
-32.86
-32.86
-32.86
-32.86
-32.86
-32.86
-32.86
-32.86
-32.86
-32.86
-32.86
-32.86
-32.86
-32.86
-32.86
-32.86
-32.86
-32.86
-32.86
-32.86
-32.86
-32.86
-32.86
-32.86
-32.86
-32.86
-32.86
-32.86
-32.86
-32.84983805509215
-32.84118079859255
-32.83554770263035
-32.832453589994984
-32.831554713301436
-32.83265382722832
-32.83581909056937
-32.84104465343747
-32.84876446065237
-32.86
-32.86
-32.86
-32.86
-32.86
-32.86
-32.86
-32.86
-32.86
-32.86
-32.86
-32.86
-32.86
-32.86
-32.86
-32.86
-32.86
-32.86
-32.86
-32.86
-32.86
-32.86
-32.86
-32.86
-32.86
-32.86
-32.86
-32.86
-32.86
-32.86
-32.86
-32.86
-32.86
-32.86
-32.86
-32.86
-32.86
-32.86
-32.86
-32.86
-32.86
-32.86
-32.86
-32.86
-32.86
-32.86
-32.86
-32.86
-32.86
-32.86
-32.86
-32.86
-32.86
-32.86
-32.86
-32.86
-32.86
-32.86
-32.86
-32.86
-32.86
-32.86
-32.86
-32.86
-32.86
-32.86
-32.86
-32.86
-32.86
-32.86
-32.86
-32.86
-32.86
-32.86
-32.86
-32.86
-32.86
-32.86
-32.86
-32.86
-32.86
-32.86
-32.86
-32.86
-32.86
-32.86
-32.86
-32.86
-32.86
-32.86
-32.86
-32.86
-32.86
-32.86
-32.86
-32.86
-32.86
-32.86
-32.86
-32.86
-32.86
-32.86
-32.86
-32.86
-32.86
-32.86
-32.86
-32.86
-32.86
-32.86
-32.86
-32.86
-32.86
-32.86
-32.86
-32.86
-32.86
-32.86
-32.86
-32.86
-32.86
-32.86
-32.86
-32.86
-32.86
-32.86
-32.86
-32.86
-32.86
-32.86
-32.86
-32.86
-32.86
-32.86
-32.86
-32.86
-32.86
-32.86
-32.86
-32.86
-32.86
-32.86
-32.86
-32.86
-32.86
-32.86
-32.86
-32.86
-32.86
-32.86
-32.86
-32.86
-32.86
-32.86
-32.86
-32.86
-32.86
-32.86
-32.86
-32.86
-32.86
-32.86
-32.86
-32.86
-32.86
-32.86
-32.86
-32.86
-32.86
-32.86
-32.86
-32.86
-32.86
-32.86
-32.86
-32.86
-32.86
-32.86
-32.86
-32.86
-32.86
-32.86
-32.86
-32.86
-32.86
-32.86
-32.86
-32.86
-32.86
-32.86
-32.86
-32.84783274195293
-32.83863160893561
-32.832333657321456
-32.828344519602176
-32.82629915719866
-32.82635689385185
-32.82840668354046
-32.83221808335217
-32.83813348565127
-32.846360880517416
-32.86
-32.86
-32.86
-32.86
-32.86
-32.86
-32.86
-32.86
-32.86
-32.86
-32.86
-32.86
-32.86
-32.86
-32.86
-32.86
-32.86
-32.86
-32.86
-32.86
-32.86
-32.86
-32.86
-32.86
-32.86
-32.86
-32.86
-32.86
-32.86
-32.86
-32.86
-32.86
-32.86
-32.86
-32.86
-32.86
-32.86
-32.86
-32.86
-32.86
-32.86
-32.86
-32.86
-32.86
-32.86
-32.86
-32.86
-32.86
-32.86
-32.86
-32.86
-32.86
-32.86
-32.86
-32.86
-32.86
-32.86
-32.86
-32.86
-32.86
-32.86
-32.86
-32.86
-32.86
-32.86
-32.86
-32.86
-32.86
-32.86
-32.86
-32.86
-32.86
-32.86
-32.86
-32.86
-32.86
-32.86
-32.86
-32.86
-32.86
-32.86
-32.86
-32.86
-32.86
-32.86
-32.86
-32.86
-32.86
-32.86
-32.86
-32.84783274195293
-32.83863160893561
-32.832333657321456
-32.828344519602176
-32.82629915719866
-32.82635689385185
-32.82840668354046
-32.83221808335217
-32.83813348565127
-32.846360880517416
-32.86
-32.86
-32.86
-32.86
-32.86
-32.86
-32.86
-32.86
-32.86
-32.86
-32.86
-32.86
-32.86
-32.86
-32.86
-32.86
-32.86
-32.86
-32.86
-32.86
-32.86
-32.86
-32.86
-32.86
-32.86
-32.86
-32.86
-32.86
-32.86
-32.86
-32.86
-32.86
-32.86
-32.86
-32.86
-32.86
-32.86
-32.86
-32.86
-32.86
-32.86
-32.86
-32.86
-32.86
-32.86
-32.86
-32.86
-32.86
-32.86
-32.86
-32.86
-32.86
-32.86
-32.86
-32.86
-32.86
-32.86
-32.86
-32.86
-32.86
-32.86
-32.86
-32.86
-32.86
-32.86
-32.86
-32.86
-32.86
-32.86
-32.86
-32.86
-32.86
-32.86
-32.86
-32.86
-32.86
-32.86
-32.86
-32.86
-32.86
-32.86
-32.86
-32.86
-32.86
-32.86
-32.86
-32.86
-32.86
-32.86
-32.86
-32.86
-32.86
-32.86
-32.86
-32.86
-32.86
-32.86
-32.86
-32.86
-32.86
-32.86
-32.86
-32.86
-32.86
-32.86
-32.86
-32.86
-32.86
-32.86
-32.86
-32.86
-32.86
-32.86
-32.86
-32.86
-32.86
-32.86
-32.86
-32.86
-32.86
-32.86
-32.86
-32.86
-32.86
-32.86
-32.86
-32.86
-32.86
-32.86
-32.86
-32.86
-32.86
-32.86
-32.86
-32.86
-32.86
-32.86
-32.86
-32.86
-32.86
-32.86
-32.86
-32.86
-32.86
-32.86
-32.86
-32.86
-32.86
-32.86
-32.86
-32.86
-32.86
-32.86
-32.86
-32.86
-32.86
-32.86
-32.86
-32.86
-32.86
-32.86
-32.86
-32.86
-32.86
-32.86
-32.86
-32.86
-32.86
-32.86
-32.86
-32.86
-32.86
-32.86
-32.86
-32.86
-32.86
-32.86
-32.86
-32.86
-32.86
-32.86
-32.86
-32.86
-32.86
-32.86
-32.86
-32.86
-32.86
-32.86
-32.8589474045634
-32.845615639160506
-32.83591986421401
-32.82886116997773
-32.82395034677345
-32.820999554211305
-32.81994562106675
-32.820843748183385
-32.82366252156289
-32.828355318623515
-32.834881665785474
-32.84357942808136
-32.85434564474908
-32.86
-32.86
-32.86
-32.86
-32.86
-32.86
-32.86
-32.86
-32.86
-32.86
-32.86
-32.86
-32.86
-32.86
-32.86
-32.86
-32.86
-32.86
-32.86
-32.86
-32.86
-32.86
-32.86
-32.86
-32.86
-32.86
-32.86
-32.86
-32.86
-32.86
-32.86
-32.86
-32.86
-32.86
-32.86
-32.86
-32.86
-32.86
-32.86
-32.86
-32.86
-32.86
-32.86
-32.86
-32.86
-32.86
-32.86
-32.86
-32.86
-32.86
-32.86
-32.86
-32.86
-32.86
-32.86
-32.86
-32.86
-32.86
-32.86
-32.86
-32.86
-32.86
-32.86
-32.86
-32.86
-32.86
-32.86
-32.86
-32.86
-32.86
-32.86
-32.86
-32.86
-32.86
-32.86
-32.86
-32.86
-32.86
-32.86
-32.86
-32.86
-32.86
-32.86
-32.86
-32.86
-32.86
-32.86
-32.8589474045634
-32.845615639160506
-32.83591986421401
-32.82886116997773
-32.82395034677345
-32.820999554211305
-32.81994562106675
-32.820843748183385
-32.82366252156289
-32.828355318623515
-32.834881665785474
-32.84357942808136
-32.85434564474908
-32.86
-32.86
-32.86
-32.86
-32.86
-32.86
-32.86
-32.86
-32.86
-32.86
-32.86
-32.86
-32.86
-32.86
-32.86
-32.86
-32.86
-32.86
-32.86
-32.86
-32.86
-32.86
-32.86
-32.86
-32.86
-32.86
-32.86
-32.86
-32.86
-32.86
-32.86
-32.86
-32.86
-32.86
-32.86
-32.86
-32.86
-32.86
-32.86
-32.86
-32.86
-32.86
-32.86
-32.86
-32.86
-32.86
-32.86
-32.86
-32.86
-32.86
-32.86
-32.86
-32.86
-32.86
-32.86
-32.86
-32.86
-32.86
-32.86
-32.86
-32.86
-32.86
-32.86
-32.86
-32.86
-32.86
-32.86
-32.86
-32.86
-32.86
-32.86
-32.86
-32.86
-32.86
-32.86
-32.86
-32.86
-32.86
-32.86
-32.86
-32.86
-32.86
-32.86
-32.86
-32.86
-32.86
-32.86
-32.86
-32.86
-32.86
-32.86
-32.86
-32.86
-32.86
-32.86
-32.86
-32.86
-32.86
-32.86
-32.86
-32.86
-32.86
-32.86
-32.86
-32.86
-32.86
-32.86
-32.86
-32.86
-32.86
-32.86
-32.86
-32.86
-32.86
-32.86
-32.86
-32.86
-32.86
-32.86
-32.86
-32.86
-32.86
-32.86
-32.86
-32.86
-32.86
-32.86
-32.86
-32.86
-32.86
-32.86
-32.86
-32.86
-32.86
-32.86
-32.86
-32.86
-32.86
-32.86
-32.86
-32.86
-32.86
-32.86
-32.86
-32.86
-32.86
-32.86
-32.86
-32.86
-32.86
-32.86
-32.86
-32.86
-32.86
-32.86
-32.86
-32.86
-32.86
-32.86
-32.86
-32.86
-32.86
-32.86
-32.86
-32.86
-32.86
-32.86
-32.86
-32.86
-32.86
-32.86
-32.86
-32.86
-32.86
-32.86
-32.86
-32.86
-32.86
-32.86
-32.86
-32.86
-32.86
-32.86
-32.86
-32.86
-32.86
-32.86
-32.85693339208635
-32.843311163105916
-32.8330254435132
-32.825144979970865
-32.819316251456996
-32.815444044579074
-32.813373360561435
-32.8133303212233
-32.81506440589786
-32.81860562875686
-32.824035123297264
-32.831190803200755
-32.84025636142771
-32.85173344430158
-32.86
-32.86
-32.86
-32.86
-32.86
-32.86
-32.86
-32.86
-32.86
-32.86
-32.86
-32.86
-32.86
-32.86
-32.86
-32.86
-32.86
-32.86
-32.86
-32.86
-32.86
-32.86
-32.86
-32.86
-32.86
-32.86
-32.86
-32.86
-32.86
-32.86
-32.86
-32.86
-32.86
-32.86
-32.86
-32.86
-32.86
-32.86
-32.86
-32.86
-32.86
-32.86
-32.86
-32.86
-32.86
-32.86
-32.86
-32.86
-32.86
-32.86
-32.86
-32.86
-32.86
-32.86
-32.86
-32.86
-32.86
-32.86
-32.86
-32.86
-32.86
-32.86
-32.86
-32.86
-32.86
-32.86
-32.86
-32.86
-32.86
-32.86
-32.86
-32.86
-32.86
-32.86
-32.86
-32.86
-32.86
-32.86
-32.86
-32.86
-32.86
-32.86
-32.86
-32.86
-32.86
-32.86
-32.85693339208635
-32.843311163105916
-32.8330254435132
-32.825144979970865
-32.819316251456996
-32.815444044579074
-32.813373360561435
-32.8133303212233
-32.81506440589786
-32.81860562875686
-32.824035123297264
-32.831190803200755
-32.84025636142771
-32.85173344430158
-32.86
-32.86
-32.86
-32.86
-32.86
-32.86
-32.86
-32.86
-32.86
-32.86
-32.86
-32.86
-32.86
-32.86
-32.86
-32.86
-32.86
-32.86
-32.86
-32.86
-32.86
-32.86
-32.86
-32.86
-32.86
-32.86
-32.86
-32.86
-32.86
-32.86
-32.86
-32.86
-32.86
-32.86
-32.86
-32.86
-32.86
-32.86
-32.86
-32.86
-32.86
-32.86
-32.86
-32.86
-32.86
-32.86
-32.86
-32.86
-32.86
-32.86
-32.86
-32.86
-32.86
-32.86
-32.86
-32.86
-32.86
-32.86
-32.86
-32.86
-32.86
-32.86
-32.86
-32.86
-32.86
-32.86
-32.86
-32.86
-32.86
-32.86
-32.86
-32.86
-32.86
-32.86
-32.86
-32.86
-32.86
-32.86
-32.86
-32.86
-32.86
-32.86
-32.86
-32.86
-32.86
-32.86
-32.86
-32.86
-32.86
-32.86
-32.86
-32.86
-32.86
-32.86
-32.86
-32.86
-32.86
-32.86
-32.86
-32.86
-32.86
-32.86
-32.86
-32.86
-32.86
-32.86
-32.86
-32.86
-32.86
-32.86
-32.86
-32.86
-32.86
-32.86
-32.86
-32.86
-32.86
-32.86
-32.86
-32.86
-32.86
-32.86
-32.86
-32.86
-32.86
-32.86
-32.86
-32.86
-32.86
-32.86
-32.86
-32.86
-32.86
-32.86
-32.86
-32.86
-32.86
-32.86
-32.86
-32.86
-32.86
-32.86
-32.86
-32.86
-32.86
-32.86
-32.86
-32.86
-32.86
-32.86
-32.86
-32.86
-32.86
-32.86
-32.86
-32.86
-32.86
-32.86
-32.86
-32.86
-32.86
-32.86
-32.86
-32.86
-32.86
-32.86
-32.86
-32.86
-32.86
-32.86
-32.86
-32.86
-32.86
-32.86
-32.86
-32.86
-32.86
-32.86
-32.86
-32.86
-32.86
-32.86
-32.86
-32.86
-32.86
-32.86
-32.854706592483964
-32.84056754716937
-32.829833365193856
-32.82108874626146
-32.814367603210236
-32.80958477778098
-32.806750224432506
-32.80566339210033
-32.80645803953516
-32.80892258616402
-32.813295397508966
-32.819348592437144
-32.82720010395316
-32.83694926979098
-32.84865555056808
-32.86
-32.86
-32.86
-32.86
-32.86
-32.86
-32.86
-32.86
-32.86
-32.86
-32.86
-32.86
-32.86
-32.86
-32.86
-32.86
-32.86
-32.86
-32.86
-32.86
-32.86
-32.86
-32.86
-32.86
-32.86
-32.86
-32.86
-32.86
-32.86
-32.86
-32.86
-32.86
-32.86
-32.86
-32.86
-32.86
-32.86
-32.86
-32.86
-32.86
-32.86
-32.86
-32.86
-32.86
-32.86
-32.86
-32.86
-32.86
-32.86
-32.86
-32.86
-32.86
-32.86
-32.86
-32.86
-32.86
-32.86
-32.86
-32.86
-32.86
-32.86
-32.86
-32.86
-32.86
-32.86
-32.86
-32.86
-32.86
-32.86
-32.86
-32.86
-32.86
-32.86
-32.86
-32.86
-32.86
-32.86
-32.86
-32.86
-32.86
-32.86
-32.86
-32.86
-32.86
-32.86
-32.854706592483964
-32.84056754716937
-32.829833365193856
-32.82108874626146
-32.814367603210236
-32.80958477778098
-32.806750224432506
-32.80566339210033
-32.80645803953516
-32.80892258616402
-32.813295397508966
-32.819348592437144
-32.82720010395316
-32.83694926979098
-32.84865555056808
-32.86
-32.86
-32.86
-32.86
-32.86
-32.86
-32.86
-32.86
-32.86
-32.86
-32.86
-32.86
-32.86
-32.86
-32.86
-32.86
-32.86
-32.86
-32.86
-32.86
-32.86
-32.86
-32.86
-32.86
-32.86
-32.86
-32.86
-32.86
-32.86
-32.86
-32.86
-32.86
-32.86
-32.86
-32.86
-32.86
-32.86
-32.86
-32.86
-32.86
-32.86
-32.86
-32.86
-32.86
-32.86
-32.86
-32.86
-32.86
-32.86
-32.86
-32.86
-32.86
-32.86
-32.86
-32.86
-32.86
-32.86
-32.86
-32.86
-32.86
-32.86
-32.86
-32.86
-32.86
-32.86
-32.86
-32.86
-32.86
-32.86
-32.86
-32.86
-32.86
-32.86
-32.86
-32.86
-32.86
-32.86
-32.86
-32.86
-32.86
-32.86
-32.86
-32.86
-32.86
-32.86
-32.86
-32.86
-32.86
-32.86
-32.86
-32.86
-32.86
-32.86
-32.86
-32.86
-32.86
-32.86
-32.86
-32.86
-32.86
-32.86
-32.86
-32.86
-32.86
-32.86
-32.86
-32.86
-32.86
-32.86
-32.86
-32.86
-32.86
-32.86
-32.86
-32.86
-32.86
-32.86
-32.86
-32.86
-32.86
-32.86
-32.86
-32.86
-32.86
-32.86
-32.86
-32.86
-32.86
-32.86
-32.86
-32.86
-32.86
-32.86
-32.86
-32.86
-32.86
-32.86
-32.86
-32.86
-32.86
-32.86
-32.86
-32.86
-32.86
-32.86
-32.86
-32.86
-32.86
-32.86
-32.86
-32.86
-32.86
-32.86
-32.86
-32.86
-32.86
-32.86
-32.86
-32.86
-32.86
-32.86
-32.86
-32.86
-32.86
-32.86
-32.86
-32.86
-32.86
-32.86
-32.86
-32.86
-32.86
-32.86
-32.86
-32.86
-32.86
-32.86
-32.86
-32.86
-32.86
-32.86
-32.86
-32.86
-32.86
-32.86
-32.85209557282605
-32.837700354945596
-32.82620693414967
-32.81677159789309
-32.80929195741717
-32.80359472113493
-32.79981225940571
-32.79786588533808
-32.79766939420324
-32.79921622159117
-32.80257901213084
-32.80763139595727
-32.81444616520969
-32.82296474996081
-32.83320478679151
-32.84561387396438
-32.86
-32.86
-32.86
-32.86
-32.86
-32.86
-32.86
-32.86
-32.86
-32.86
-32.86
-32.86
-32.86
-32.86
-32.86
-32.86
-32.86
-32.86
-32.86
-32.86
-32.86
-32.86
-32.86
-32.86
-32.86
-32.86
-32.86
-32.86
-32.86
-32.86
-32.86
-32.86
-32.86
-32.86
-32.86
-32.86
-32.86
-32.86
-32.86
-32.86
-32.86
-32.86
-32.86
-32.86
-32.86
-32.86
-32.86
-32.86
-32.86
-32.86
-32.86
-32.86
-32.86
-32.86
-32.86
-32.86
-32.86
-32.86
-32.86
-32.86
-32.86
-32.86
-32.86
-32.86
-32.86
-32.86
-32.86
-32.86
-32.86
-32.86
-32.86
-32.86
-32.86
-32.86
-32.86
-32.86
-32.86
-32.86
-32.86
-32.86
-32.86
-32.86
-32.86
-32.86
-32.85209557282605
-32.837700354945596
-32.82620693414967
-32.81677159789309
-32.80929195741717
-32.80359472113493
-32.79981225940571
-32.79786588533808
-32.79766939420324
-32.79921622159117
-32.80257901213084
-32.80763139595727
-32.81444616520969
-32.82296474996081
-32.83320478679151
-32.84561387396438
-32.86
-32.86
-32.86
-32.86
-32.86
-32.86
-32.86
-32.86
-32.86
-32.86
-32.86
-32.86
-32.86
-32.86
-32.86
-32.86
-32.86
-32.86
-32.86
-32.86
-32.86
-32.86
-32.86
-32.86
-32.86
-32.86
-32.86
-32.86
-32.86
-32.86
-32.86
-32.86
-32.86
-32.86
-32.86
-32.86
-32.86
-32.86
-32.86
-32.86
-32.86
-32.86
-32.86
-32.86
-32.86
-32.86
-32.86
-32.86
-32.86
-32.86
-32.86
-32.86
-32.86
-32.86
-32.86
-32.86
-32.86
-32.86
-32.86
-32.86
-32.86
-32.86
-32.86
-32.86
-32.86
-32.86
-32.86
-32.86
-32.86
-32.86
-32.86
-32.86
-32.86
-32.86
-32.86
-32.86
-32.86
-32.86
-32.86
-32.86
-32.86
-32.86
-32.86
-32.86
-32.86
-32.86
-32.86
-32.86
-32.86
-32.86
-32.86
-32.86
-32.86
-32.86
-32.86
-32.86
-32.86
-32.86
-32.86
-32.86
-32.86
-32.86
-32.86
-32.86
-32.86
-32.86
-32.86
-32.86
-32.86
-32.86
-32.86
-32.86
-32.86
-32.86
-32.86
-32.86
-32.86
-32.86
-32.86
-32.86
-32.86
-32.86
-32.86
-32.86
-32.86
-32.86
-32.86
-32.86
-32.86
-32.86
-32.86
-32.86
-32.86
-32.86
-32.86
-32.86
-32.86
-32.86
-32.86
-32.86
-32.86
-32.86
-32.86
-32.86
-32.86
-32.86
-32.86
-32.86
-32.86
-32.86
-32.86
-32.86
-32.86
-32.86
-32.86
-32.86
-32.86
-32.86
-32.86
-32.86
-32.86
-32.86
-32.86
-32.86
-32.86
-32.86
-32.86
-32.86
-32.86
-32.86
-32.86
-32.86
-32.86
-32.86
-32.86
-32.86
-32.86
-32.86
-32.86
-32.86
-32.86
-32.86
-32.86
-32.86
-32.849123940146725
-32.83444518730409
-32.822303916615546
-32.81211903278633
-32.80387090687867
-32.797439548411376
-32.792816197120715
-32.78997538047388
-32.78883171237011
-32.78953939855034
-32.79191105272264
-32.796054573805236
-32.801767506533764
-32.809333458043966
-32.81848388415086
-32.829477516624934
-32.84229499238241
-32.86
-32.86
-32.86
-32.86
-32.86
-32.86
-32.86
-32.86
-32.86
-32.86
-32.86
-32.86
-32.86
-32.86
-32.86
-32.86
-32.86
-32.86
-32.86
-32.86
-32.86
-32.86
-32.86
-32.86
-32.86
-32.86
-32.86
-32.86
-32.86
-32.86
-32.86
-32.86
-32.86
-32.86
-32.86
-32.86
-32.86
-32.86
-32.86
-32.86
-32.86
-32.86
-32.86
-32.86
-32.86
-32.86
-32.86
-32.86
-32.86
-32.86
-32.86
-32.86
-32.86
-32.86
-32.86
-32.86
-32.86
-32.86
-32.86
-32.86
-32.86
-32.86
-32.86
-32.86
-32.86
-32.86
-32.86
-32.86
-32.86
-32.86
-32.86
-32.86
-32.86
-32.86
-32.86
-32.86
-32.86
-32.86
-32.86
-32.86
-32.86
-32.86
-32.86
-32.849123940146725
-32.83444518730409
-32.822303916615546
-32.81211903278633
-32.80387090687867
-32.797439548411376
-32.792816197120715
-32.78997538047388
-32.78883171237011
-32.78953939855034
-32.79191105272264
-32.796054573805236
-32.801767506533764
-32.809333458043966
-32.81848388415086
-32.829477516624934
-32.84229499238241
-32.86
-32.86
-32.86
-32.86
-32.86
-32.86
-32.86
-32.86
-32.86
-32.86
-32.86
-32.86
-32.86
-32.86
-32.86
-32.86
-32.86
-32.86
-32.86
-32.86
-32.86
-32.86
-32.86
-32.86
-32.86
-32.86
-32.86
-32.86
-32.86
-32.86
-32.86
-32.86
-32.86
-32.86
-32.86
-32.86
-32.86
-32.86
-32.86
-32.86
-32.86
-32.86
-32.86
-32.86
-32.86
-32.86
-32.86
-32.86
-32.86
-32.86
-32.86
-32.86
-32.86
-32.86
-32.86
-32.86
-32.86
-32.86
-32.86
-32.86
-32.86
-32.86
-32.86
-32.86
-32.86
-32.86
-32.86
-32.86
-32.86
-32.86
-32.86
-32.86
-32.86
-32.86
-32.86
-32.86
-32.86
-32.86
-32.86
-32.86
-32.86
-32.86
-32.86
-32.86
-32.86
-32.86
-32.86
-32.86
-32.86
-32.86
-32.86
-32.86
-32.86
-32.86
-32.86
-32.86
-32.86
-32.86
-32.86
-32.86
-32.86
-32.86
-32.86
-32.86
-32.86
-32.86
-32.86
-32.86
-32.86
-32.86
-32.86
-32.86
-32.86
-32.86
-32.86
-32.86
-32.86
-32.86
-32.86
-32.86
-32.86
-32.86
-32.86
-32.86
-32.86
-32.86
-32.86
-32.86
-32.86
-32.86
-32.86
-32.86
-32.86
-32.86
-32.86
-32.86
-32.86
-32.86
-32.86
-32.86
-32.86
-32.86
-32.86
-32.86
-32.86
-32.86
-32.86
-32.86
-32.86
-32.86
-32.86
-32.86
-32.86
-32.86
-32.86
-32.86
-32.86
-32.86
-32.86
-32.86
-32.86
-32.86
-32.86
-32.86
-32.86
-32.86
-32.86
-32.86
-32.86
-32.86
-32.86
-32.86
-32.86
-32.86
-32.86
-32.86
-32.86
-32.86
-32.86
-32.86
-32.86
-32.86
-32.86
-32.84593958824082
-32.8308608689911
-32.818159648900256
-32.80728950874543
-32.79820694208087
-32.7910141393361
-32.78559829093618
-32.78187345969898
-32.779989891134086
-32.77973917144867
-32.78125914069943
-32.78448694569791
-32.78930337421253
-32.7958915926369
-32.80401495902139
-32.81384089009392
-32.82533584201354
-32.83868912438378
-32.86
-32.86
-32.86
-32.86
-32.86
-32.86
-32.86
-32.86
-32.86
-32.86
-32.86
-32.86
-32.86
-32.86
-32.86
-32.86
-32.86
-32.86
-32.86
-32.86
-32.86
-32.86
-32.86
-32.86
-32.86
-32.86
-32.86
-32.86
-32.86
-32.86
-32.86
-32.86
-32.86
-32.86
-32.86
-32.86
-32.86
-32.86
-32.86
-32.86
-32.86
-32.86
-32.86
-32.86
-32.86
-32.86
-32.86
-32.86
-32.86
-32.86
-32.86
-32.86
-32.86
-32.86
-32.86
-32.86
-32.86
-32.86
-32.86
-32.86
-32.86
-32.86
-32.86
-32.86
-32.86
-32.86
-32.86
-32.86
-32.86
-32.86
-32.86
-32.86
-32.86
-32.86
-32.86
-32.86
-32.86
-32.86
-32.86
-32.86
-32.86
-32.86
-32.84593958824082
-32.8308608689911
-32.818159648900256
-32.80728950874543
-32.79820694208087
-32.7910141393361
-32.78559829093618
-32.78187345969898
-32.779989891134086
-32.77973917144867
-32.78125914069943
-32.78448694569791
-32.78930337421253
-32.7958915926369
-32.80401495902139
-32.81384089009392
-32.82533584201354
-32.83868912438378
-32.86
-32.86
-32.86
-32.86
-32.86
-32.86
-32.86
-32.86
-32.86
-32.86
-32.86
-32.86
-32.86
-32.86
-32.86
-32.86
-32.86
-32.86
-32.86
-32.86
-32.86
-32.86
-32.86
-32.86
-32.86
-32.86
-32.86
-32.86
-32.86
-32.86
-32.86
-32.86
-32.86
-32.86
-32.86
-32.86
-32.86
-32.86
-32.86
-32.86
-32.86
-32.86
-32.86
-32.86
-32.86
-32.86
-32.86
-32.86
-32.86
-32.86
-32.86
-32.86
-32.86
-32.86
-32.86
-32.86
-32.86
-32.86
-32.86
-32.86
-32.86
-32.86
-32.86
-32.86
-32.86
-32.86
-32.86
-32.86
-32.86
-32.86
-32.86
-32.86
-32.86
-32.86
-32.86
-32.86
-32.86
-32.86
-32.86
-32.86
-32.86
-32.86
-32.86
-32.86
-32.86
-32.86
-32.86
-32.86
-32.86
-32.86
-32.86
-32.86
-32.86
-32.86
-32.86
-32.86
-32.86
-32.86
-32.86
-32.86
-32.86
-32.86
-32.86
-32.86
-32.86
-32.86
-32.86
-32.86
-32.86
-32.86
-32.86
-32.86
-32.86
-32.86
-32.86
-32.86
-32.86
-32.86
-32.86
-32.86
-32.86
-32.86
-32.86
-32.86
-32.86
-32.86
-32.86
-32.86
-32.86
-32.86
-32.86
-32.86
-32.86
-32.86
-32.86
-32.86
-32.86
-32.86
-32.86
-32.86
-32.86
-32.86
-32.86
-32.86
-32.86
-32.86
-32.86
-32.86
-32.86
-32.86
-32.86
-32.86
-32.86
-32.86
-32.86
-32.86
-32.86
-32.86
-32.86
-32.86
-32.86
-32.86
-32.86
-32.86
-32.86
-32.86
-32.86
-32.86
-32.86
-32.86
-32.86
-32.86
-32.86
-32.86
-32.86
-32.86
-32.86
-32.86
-32.86
-32.86
-32.86
-32.86
-32.84250947723933
-32.8269626343835
-32.81371671177435
-32.80213628440542
-32.79241055792746
-32.784437659696465
-32.77826605740188
-32.77372137489865
-32.77100459792069
-32.76997551496433
-32.77059183213155
-32.77292809935555
-32.77692672652676
-32.782629607619064
-32.789741912664546
-32.79875261433457
-32.80911546291192
-32.821304968999364
-32.83528087903552
-32.85123624136795
-32.86
-32.86
-32.86
-32.86
-32.86
-32.86
-32.86
-32.86
-32.86
-32.86
-32.86
-32.86
-32.86
-32.86
-32.86
-32.86
-32.86
-32.86
-32.86
-32.86
-32.86
-32.86
-32.86
-32.86
-32.86
-32.86
-32.86
-32.86
-32.86
-32.86
-32.86
-32.86
-32.86
-32.86
-32.86
-32.86
-32.86
-32.86
-32.86
-32.86
-32.86
-32.86
-32.86
-32.86
-32.86
-32.86
-32.86
-32.86
-32.86
-32.86
-32.86
-32.86
-32.86
-32.86
-32.86
-32.86
-32.86
-32.86
-32.86
-32.86
-32.86
-32.86
-32.86
-32.86
-32.86
-32.86
-32.86
-32.86
-32.86
-32.86
-32.86
-32.86
-32.86
-32.86
-32.86
-32.86
-32.86
-32.86
-32.86
-32.86
-32.84250947723933
-32.8269626343835
-32.81371671177435
-32.80213628440542
-32.79241055792746
-32.784437659696465
-32.77826605740188
-32.77372137489865
-32.77100459792069
-32.76997551496433
-32.77059183213155
-32.77292809935555
-32.77692672652676
-32.782629607619064
-32.789741912664546
-32.79875261433457
-32.80911546291192
-32.821304968999364
-32.83528087903552
-32.85123624136795
-32.86
-32.86
-32.86
-32.86
-32.86
-32.86
-32.86
-32.86
-32.86
-32.86
-32.86
-32.86
-32.86
-32.86
-32.86
-32.86
-32.86
-32.86
-32.86
-32.86
-32.86
-32.86
-32.86
-32.86
-32.86
-32.86
-32.86
-32.86
-32.86
-32.86
-32.86
-32.86
-32.86
-32.86
-32.86
-32.86
-32.86
-32.86
-32.86
-32.86
-32.86
-32.86
-32.86
-32.86
-32.86
-32.86
-32.86
-32.86
-32.86
-32.86
-32.86
-32.86
-32.86
-32.86
-32.86
-32.86
-32.86
-32.86
-32.86
-32.86
-32.86
-32.86
-32.86
-32.86
-32.86
-32.86
-32.86
-32.86
-32.86
-32.86
-32.86
-32.86
-32.86
-32.86
-32.86
-32.86
-32.86
-32.86
-32.86
-32.86
-32.86
-32.86
-32.86
-32.86
-32.86
-32.86
-32.86
-32.86
-32.86
-32.86
-32.86
-32.86
-32.86
-32.86
-32.86
-32.86
-32.86
-32.86
-32.86
-32.86
-32.86
-32.86
-32.86
-32.86
-32.86
-32.86
-32.86
-32.86
-32.86
-32.86
-32.86
-32.86
-32.86
-32.86
-32.86
-32.86
-32.86
-32.86
-32.86
-32.86
-32.86
-32.86
-32.86
-32.86
-32.86
-32.86
-32.86
-32.86
-32.86
-32.86
-32.86
-32.86
-32.86
-32.86
-32.86
-32.86
-32.86
-32.86
-32.86
-32.86
-32.86
-32.86
-32.86
-32.86
-32.86
-32.86
-32.86
-32.86
-32.86
-32.86
-32.86
-32.86
-32.86
-32.86
-32.86
-32.86
-32.86
-32.86
-32.86
-32.86
-32.86
-32.86
-32.86
-32.86
-32.86
-32.86
-32.86
-32.86
-32.86
-32.86
-32.86
-32.86
-32.86
-32.86
-32.86
-32.86
-32.86
-32.86
-32.86
-32.857255650011425
-32.83872643238167
-32.82280884251836
-32.808905628702185
-32.79677025938122
-32.78634967028914
-32.77774364563163
-32.77079251244683
-32.76543230931368
-32.76199078575287
-32.76004853477744
-32.7599914315816
-32.7614499229634
-32.76457022946589
-32.76937240914395
-32.775709271194174
-32.7836244521771
-32.79307033646918
-32.804226534707226
-32.8170170277423
-32.83157230702199
-32.84784697287578
-32.86
-32.86
-32.86
-32.86
-32.86
-32.86
-32.86
-32.86
-32.86
-32.86
-32.86
-32.86
-32.86
-32.86
-32.86
-32.86
-32.86
-32.86
-32.86
-32.86
-32.86
-32.86
-32.86
-32.86
-32.86
-32.86
-32.86
-32.86
-32.86
-32.86
-32.86
-32.86
-32.86
-32.86
-32.86
-32.86
-32.86
-32.86
-32.86
-32.86
-32.86
-32.86
-32.86
-32.86
-32.86
-32.86
-32.86
-32.86
-32.86
-32.86
-32.86
-32.86
-32.86
-32.86
-32.86
-32.86
-32.86
-32.86
-32.86
-32.86
-32.86
-32.86
-32.86
-32.86
-32.86
-32.86
-32.86
-32.86
-32.86
-32.86
-32.86
-32.86
-32.86
-32.86
-32.86
-32.86
-32.86
-32.86
-32.857255650011425
-32.83872643238167
-32.82280884251836
-32.808905628702185
-32.79677025938122
-32.78634967028914
-32.77774364563163
-32.77079251244683
-32.76543230931368
-32.76199078575287
-32.76004853477744
-32.7599914315816
-32.7614499229634
-32.76457022946589
-32.76937240914395
-32.775709271194174
-32.7836244521771
-32.79307033646918
-32.804226534707226
-32.8170170277423
-32.83157230702199
-32.84784697287578
-32.86
-32.86
-32.86
-32.86
-32.86
-32.86
-32.86
-32.86
-32.86
-32.86
-32.86
-32.86
-32.86
-32.86
-32.86
-32.86
-32.86
-32.86
-32.86
-32.86
-32.86
-32.86
-32.86
-32.86
-32.86
-32.86
-32.86
-32.86
-32.86
-32.86
-32.86
-32.86
-32.86
-32.86
-32.86
-32.86
-32.86
-32.86
-32.86
-32.86
-32.86
-32.86
-32.86
-32.86
-32.86
-32.86
-32.86
-32.86
-32.86
-32.86
-32.86
-32.86
-32.86
-32.86
-32.86
-32.86
-32.86
-32.86
-32.86
-32.86
-32.86
-32.86
-32.86
-32.86
-32.86
-32.86
-32.86
-32.86
-32.86
-32.86
-32.86
-32.86
-32.86
-32.86
-32.86
-32.86
-32.86
-32.86
-32.86
-32.86
-32.86
-32.86
-32.86
-32.86
-32.86
-32.86
-32.86
-32.86
-32.86
-32.86
-32.86
-32.86
-32.86
-32.86
-32.86
-32.86
-32.86
-32.86
-32.86
-32.86
-32.86
-32.86
-32.86
-32.86
-32.86
-32.86
-32.86
-32.86
-32.86
-32.86
-32.86
-32.86
-32.86
-32.86
-32.86
-32.86
-32.86
-32.86
-32.86
-32.86
-32.86
-32.86
-32.86
-32.86
-32.86
-32.86
-32.86
-32.86
-32.86
-32.86
-32.86
-32.86
-32.86
-32.86
-32.86
-32.86
-32.86
-32.86
-32.86
-32.86
-32.86
-32.86
-32.86
-32.86
-32.86
-32.86
-32.86
-32.86
-32.86
-32.86
-32.86
-32.86
-32.86
-32.86
-32.86
-32.86
-32.86
-32.86
-32.86
-32.86
-32.86
-32.86
-32.86
-32.86
-32.86
-32.86
-32.86
-32.86
-32.86
-32.86
-32.86
-32.86
-32.86
-32.86
-32.86
-32.86
-32.86
-32.86
-32.85336370173674
-32.834667000453535
-32.818374439115075
-32.80389998420892
-32.79115110190225
-32.7801603335825
-32.770764246175645
-32.76312593736885
-32.75711028666644
-32.7528303013189
-32.75021696196293
-32.749312061312914
-32.74995498456846
-32.752331938599575
-32.756129912552396
-32.761551190302484
-32.7687711991634
-32.77753077304534
-32.787695023852976
-32.79959632283936
-32.813024655495866
-32.82807022197079
-32.845336733858765
-32.86
-32.86
-32.86
-32.86
-32.86
-32.86
-32.86
-32.86
-32.86
-32.86
-32.86
-32.86
-32.86
-32.86
-32.86
-32.86
-32.86
-32.86
-32.86
-32.86
-32.86
-32.86
-32.86
-32.86
-32.86
-32.86
-32.86
-32.86
-32.86
-32.86
-32.86
-32.86
-32.86
-32.86
-32.86
-32.86
-32.86
-32.86
-32.86
-32.86
-32.86
-32.86
-32.86
-32.86
-32.86
-32.86
-32.86
-32.86
-32.86
-32.86
-32.86
-32.86
-32.86
-32.86
-32.86
-32.86
-32.86
-32.86
-32.86
-32.86
-32.86
-32.86
-32.86
-32.86
-32.86
-32.86
-32.86
-32.86
-32.86
-32.86
-32.86
-32.86
-32.86
-32.86
-32.86
-32.86
-32.86
-32.85336370173674
-32.834667000453535
-32.818374439115075
-32.80389998420892
-32.79115110190225
-32.7801603335825
-32.770764246175645
-32.76312593736885
-32.75711028666644
-32.7528303013189
-32.75021696196293
-32.749312061312914
-32.74995498456846
-32.752331938599575
-32.756129912552396
-32.761551190302484
-32.7687711991634
-32.77753077304534
-32.787695023852976
-32.79959632283936
-32.813024655495866
-32.82807022197079
-32.845336733858765
-32.86
-32.86
-32.86
-32.86
-32.86
-32.86
-32.86
-32.86
-32.86
-32.86
-32.86
-32.86
-32.86
-32.86
-32.86
-32.86
-32.86
-32.86
-32.86
-32.86
-32.86
-32.86
-32.86
-32.86
-32.86
-32.86
-32.86
-32.86
-32.86
-32.86
-32.86
-32.86
-32.86
-32.86
-32.86
-32.86
-32.86
-32.86
-32.86
-32.86
-32.86
-32.86
-32.86
-32.86
-32.86
-32.86
-32.86
-32.86
-32.86
-32.86
-32.86
-32.86
-32.86
-32.86
-32.86
-32.86
-32.86
-32.86
-32.86
-32.86
-32.86
-32.86
-32.86
-32.86
-32.86
-32.86
-32.86
-32.86
-32.86
-32.86
-32.86
-32.86
-32.86
-32.86
-32.86
-32.86
-32.86
-32.86
-32.86
-32.86
-32.86
-32.86
-32.86
-32.86
-32.86
-32.86
-32.86
-32.86
-32.86
-32.86
-32.86
-32.86
-32.86
-32.86
-32.86
-32.86
-32.86
-32.86
-32.86
-32.86
-32.86
-32.86
-32.86
-32.86
-32.86
-32.86
-32.86
-32.86
-32.86
-32.86
-32.86
-32.86
-32.86
-32.86
-32.86
-32.86
-32.86
-32.86
-32.86
-32.86
-32.86
-32.86
-32.86
-32.86
-32.86
-32.86
-32.86
-32.86
-32.86
-32.86
-32.86
-32.86
-32.86
-32.86
-32.86
-32.86
-32.86
-32.86
-32.86
-32.86
-32.86
-32.86
-32.86
-32.86
-32.86
-32.86
-32.86
-32.86
-32.86
-32.86
-32.86
-32.86
-32.86
-32.86
-32.86
-32.86
-32.86
-32.86
-32.86
-32.86
-32.86
-32.86
-32.86
-32.86
-32.86
-32.86
-32.86
-32.86
-32.86
-32.86
-32.86
-32.86
-32.86
-32.86
-32.86
-32.86
-32.86
-32.8494416279937
-32.83041569409696
-32.81359910964821
-32.79865678883147
-32.78532961755511
-32.77375540114959
-32.76368674916526
-32.75537695156988
-32.74870011599189
-32.74361765816551
-32.74034791953521
-32.73862939679628
-32.73856436395227
-32.739917656035786
-32.74308220459354
-32.74784253895232
-32.75415868366902
-32.76196292213512
-32.771408652015126
-32.78221498243388
-32.79490658657029
-32.80887487604603
-32.82510538979083
-32.84241320352187
-32.86
-32.86
-32.86
-32.86
-32.86
-32.86
-32.86
-32.86
-32.86
-32.86
-32.86
-32.86
-32.86
-32.86
-32.86
-32.86
-32.86
-32.86
-32.86
-32.86
-32.86
-32.86
-32.86
-32.86
-32.86
-32.86
-32.86
-32.86
-32.86
-32.86
-32.86
-32.86
-32.86
-32.86
-32.86
-32.86
-32.86
-32.86
-32.86
-32.86
-32.86
-32.86
-32.86
-32.86
-32.86
-32.86
-32.86
-32.86
-32.86
-32.86
-32.86
-32.86
-32.86
-32.86
-32.86
-32.86
-32.86
-32.86
-32.86
-32.86
-32.86
-32.86
-32.86
-32.86
-32.86
-32.86
-32.86
-32.86
-32.86
-32.86
-32.86
-32.86
-32.86
-32.86
-32.86
-32.86
-32.8494416279937
-32.83041569409696
-32.81359910964821
-32.79865678883147
-32.78532961755511
-32.77375540114959
-32.76368674916526
-32.75537695156988
-32.74870011599189
-32.74361765816551
-32.74034791953521
-32.73862939679628
-32.73856436395227
-32.739917656035786
-32.74308220459354
-32.74784253895232
-32.75415868366902
-32.76196292213512
-32.771408652015126
-32.78221498243388
-32.79490658657029
-32.80887487604603
-32.82510538979083
-32.84241320352187
-32.86
-32.86
-32.86
-32.86
-32.86
-32.86
-32.86
-32.86
-32.86
-32.86
-32.86
-32.86
-32.86
-32.86
-32.86
-32.86
-32.86
-32.86
-32.86
-32.86
-32.86
-32.86
-32.86
-32.86
-32.86
-32.86
-32.86
-32.86
-32.86
-32.86
-32.86
-32.86
-32.86
-32.86
-32.86
-32.86
-32.86
-32.86
-32.86
-32.86
-32.86
-32.86
-32.86
-32.86
-32.86
-32.86
-32.86
-32.86
-32.86
-32.86
-32.86
-32.86
-32.86
-32.86
-32.86
-32.86
-32.86
-32.86
-32.86
-32.86
-32.86
-32.86
-32.86
-32.86
-32.86
-32.86
-32.86
-32.86
-32.86
-32.86
-32.86
-32.86
-32.86
-32.86
-32.86
-32.86
-32.86
-32.86
-32.86
-32.86
-32.86
-32.86
-32.86
-32.86
-32.86
-32.86
-32.86
-32.86
-32.86
-32.86
-32.86
-32.86
-32.86
-32.86
-32.86
-32.86
-32.86
-32.86
-32.86
-32.86
-32.86
-32.86
-32.86
-32.86
-32.86
-32.86
-32.86
-32.86
-32.86
-32.86
-32.86
-32.86
-32.86
-32.86
-32.86
-32.86
-32.86
-32.86
-32.86
-32.86
-32.86
-32.86
-32.86
-32.86
-32.86
-32.86
-32.86
-32.86
-32.86
-32.86
-32.86
-32.86
-32.86
-32.86
-32.86
-32.86
-32.86
-32.86
-32.86
-32.86
-32.86
-32.86
-32.86
-32.86
-32.86
-32.86
-32.86
-32.86
-32.86
-32.86
-32.86
-32.86
-32.86
-32.86
-32.86
-32.86
-32.86
-32.86
-32.86
-32.86
-32.86
-32.86
-32.86
-32.86
-32.86
-32.86
-32.86
-32.86
-32.86
-32.86
-32.86
-32.86
-32.86
-32.86
-32.86
-32.86
-32.844960719042504
-32.82587290979437
-32.808727663792865
-32.79315673760655
-32.77932664187886
-32.76705997993253
-32.75646306225291
-32.74752209800088
-32.74019188914021
-32.73440637226755
-32.73037257922586
-32.72796911453086
-32.727122529211066
-32.7279350112229
-32.73030163344111
-32.73409890098747
-32.739534936331246
-32.74663129845775
-32.75533519084039
-32.76545392892708
-32.77713886499278
-32.7904678960901
-32.80556061885878
-32.82194560337296
-32.84013194206424
-32.86
-32.86
-32.86
-32.86
-32.86
-32.86
-32.86
-32.86
-32.86
-32.86
-32.86
-32.86
-32.86
-32.86
-32.86
-32.86
-32.86
-32.86
-32.86
-32.86
-32.86
-32.86
-32.86
-32.86
-32.86
-32.86
-32.86
-32.86
-32.86
-32.86
-32.86
-32.86
-32.86
-32.86
-32.86
-32.86
-32.86
-32.86
-32.86
-32.86
-32.86
-32.86
-32.86
-32.86
-32.86
-32.86
-32.86
-32.86
-32.86
-32.86
-32.86
-32.86
-32.86
-32.86
-32.86
-32.86
-32.86
-32.86
-32.86
-32.86
-32.86
-32.86
-32.86
-32.86
-32.86
-32.86
-32.86
-32.86
-32.86
-32.86
-32.86
-32.86
-32.86
-32.86
-32.86
-32.844960719042504
-32.82587290979437
-32.808727663792865
-32.79315673760655
-32.77932664187886
-32.76705997993253
-32.75646306225291
-32.74752209800088
-32.74019188914021
-32.73440637226755
-32.73037257922586
-32.72796911453086
-32.727122529211066
-32.7279350112229
-32.73030163344111
-32.73409890098747
-32.739534936331246
-32.74663129845775
-32.75533519084039
-32.76545392892708
-32.77713886499278
-32.7904678960901
-32.80556061885878
-32.82194560337296
-32.84013194206424
-32.86
-32.86
-32.86
-32.86
-32.86
-32.86
-32.86
-32.86
-32.86
-32.86
-32.86
-32.86
-32.86
-32.86
-32.86
-32.86
-32.86
-32.86
-32.86
-32.86
-32.86
-32.86
-32.86
-32.86
-32.86
-32.86
-32.86
-32.86
-32.86
-32.86
-32.86
-32.86
-32.86
-32.86
-32.86
-32.86
-32.86
-32.86
-32.86
-32.86
-32.86
-32.86
-32.86
-32.86
-32.86
-32.86
-32.86
-32.86
-32.86
-32.86
-32.86
-32.86
-32.86
-32.86
-32.86
-32.86
-32.86
-32.86
-32.86
-32.86
-32.86
-32.86
-32.86
-32.86
-32.86
-32.86
-32.86
-32.86
-32.86
-32.86
-32.86
-32.86
-32.86
-32.86
-32.86
-32.86
-32.86
-32.86
-32.86
-32.86
-32.86
-32.86
-32.86
-32.86
-32.86
-32.86
-32.86
-32.86
-32.86
-32.86
-32.86
-32.86
-32.86
-32.86
-32.86
-32.86
-32.86
-32.86
-32.86
-32.86
-32.86
-32.86
-32.86
-32.86
-32.86
-32.86
-32.86
-32.86
-32.86
-32.86
-32.86
-32.86
-32.86
-32.86
-32.86
-32.86
-32.86
-32.86
-32.86
-32.86
-32.86
-32.86
-32.86
-32.86
-32.86
-32.86
-32.86
-32.86
-32.86
-32.86
-32.86
-32.86
-32.86
-32.86
-32.86
-32.86
-32.86
-32.86
-32.86
-32.86
-32.86
-32.86
-32.86
-32.86
-32.86
-32.86
-32.86
-32.86
-32.86
-32.86
-32.86
-32.86
-32.86
-32.86
-32.86
-32.86
-32.86
-32.86
-32.86
-32.86
-32.86
-32.86
-32.86
-32.86
-32.86
-32.86
-32.86
-32.86
-32.86
-32.86
-32.86
-32.86
-32.86
-32.86
-32.86
-32.840481808250175
-32.82108194213742
-32.803480670987305
-32.78749894112197
-32.77309683916265
-32.76031615658498
-32.749119107760535
-32.739517714987606
-32.731616245878364
-32.72518765110064
-32.72047569774986
-32.71740669509224
-32.71584798128377
-32.715775328543586
-32.71745501925671
-32.72053392693231
-32.725336398533706
-32.73163666975487
-32.73943960453523
-32.74866410008011
-32.75976417857883
-32.772097056524636
-32.786577301061705
-32.801935763158866
-32.819566260413275
-32.83805399754891
-32.86
-32.86
-32.86
-32.86
-32.86
-32.86
-32.86
-32.86
-32.86
-32.86
-32.86
-32.86
-32.86
-32.86
-32.86
-32.86
-32.86
-32.86
-32.86
-32.86
-32.86
-32.86
-32.86
-32.86
-32.86
-32.86
-32.86
-32.86
-32.86
-32.86
-32.86
-32.86
-32.86
-32.86
-32.86
-32.86
-32.86
-32.86
-32.86
-32.86
-32.86
-32.86
-32.86
-32.86
-32.86
-32.86
-32.86
-32.86
-32.86
-32.86
-32.86
-32.86
-32.86
-32.86
-32.86
-32.86
-32.86
-32.86
-32.86
-32.86
-32.86
-32.86
-32.86
-32.86
-32.86
-32.86
-32.86
-32.86
-32.86
-32.86
-32.86
-32.86
-32.86
-32.86
-32.840481808250175
-32.82108194213742
-32.803480670987305
-32.78749894112197
-32.77309683916265
-32.76031615658498
-32.749119107760535
-32.739517714987606
-32.731616245878364
-32.72518765110064
-32.72047569774986
-32.71740669509224
-32.71584798128377
-32.715775328543586
-32.71745501925671
-32.72053392693231
-32.725336398533706
-32.73163666975487
-32.73943960453523
-32.74866410008011
-32.75976417857883
-32.772097056524636
-32.786577301061705
-32.801935763158866
-32.819566260413275
-32.83805399754891
-32.86
-32.86
-32.86
-32.86
-32.86
-32.86
-32.86
-32.86
-32.86
-32.86
-32.86
-32.86
-32.86
-32.86
-32.86
-32.86
-32.86
-32.86
-32.86
-32.86
-32.86
-32.86
-32.86
-32.86
-32.86
-32.86
-32.86
-32.86
-32.86
-32.86
-32.86
-32.86
-32.86
-32.86
-32.86
-32.86
-32.86
-32.86
-32.86
-32.86
-32.86
-32.86
-32.86
-32.86
-32.86
-32.86
-32.86
-32.86
-32.86
-32.86
-32.86
-32.86
-32.86
-32.86
-32.86
-32.86
-32.86
-32.86
-32.86
-32.86
-32.86
-32.86
-32.86
-32.86
-32.86
-32.86
-32.86
-32.86
-32.86
-32.86
-32.86
-32.86
-32.86
-32.86
-32.86
-32.86
-32.86
-32.86
-32.86
-32.86
-32.86
-32.86
-32.86
-32.86
-32.86
-32.86
-32.86
-32.86
-32.86
-32.86
-32.86
-32.86
-32.86
-32.86
-32.86
-32.86
-32.86
-32.86
-32.86
-32.86
-32.86
-32.86
-32.86
-32.86
-32.86
-32.86
-32.86
-32.86
-32.86
-32.86
-32.86
-32.86
-32.86
-32.86
-32.86
-32.86
-32.86
-32.86
-32.86
-32.86
-32.86
-32.86
-32.86
-32.86
-32.86
-32.86
-32.86
-32.86
-32.86
-32.86
-32.86
-32.86
-32.86
-32.86
-32.86
-32.86
-32.86
-32.86
-32.86
-32.86
-32.86
-32.86
-32.86
-32.86
-32.86
-32.86
-32.86
-32.86
-32.86
-32.86
-32.86
-32.86
-32.86
-32.86
-32.86
-32.86
-32.86
-32.86
-32.86
-32.86
-32.86
-32.86
-32.86
-32.86
-32.86
-32.86
-32.86
-32.86
-32.86
-32.86
-32.86
-32.86
-32.86
-32.857877341953916
-32.83576482966285
-32.81604619432072
-32.79791181566932
-32.78159116800349
-32.76675746477936
-32.75352885953485
-32.74185191265033
-32.73164018793926
-32.72297025043383
-32.7158563722568
-32.71047108322666
-32.70671332659362
-32.70448276783269
-32.703796031612725
-32.70472973100333
-32.70718227197537
-32.71117090763319
-32.71650115490019
-32.723742298131455
-32.73247570676079
-32.74258371316892
-32.75434522715075
-32.76792700040845
-32.782646804515885
-32.79901539675207
-32.81690650273725
-32.83636259697258
-32.86
-32.86
-32.86
-32.86
-32.86
-32.86
-32.86
-32.86
-32.86
-32.86
-32.86
-32.86
-32.86
-32.86
-32.86
-32.86
-32.86
-32.86
-32.86
-32.86
-32.86
-32.86
-32.86
-32.86
-32.86
-32.86
-32.86
-32.86
-32.86
-32.86
-32.86
-32.86
-32.86
-32.86
-32.86
-32.86
-32.86
-32.86
-32.86
-32.86
-32.86
-32.86
-32.86
-32.86
-32.86
-32.86
-32.86
-32.86
-32.86
-32.86
-32.86
-32.86
-32.86
-32.86
-32.86
-32.86
-32.86
-32.86
-32.86
-32.86
-32.86
-32.86
-32.86
-32.86
-32.86
-32.86
-32.86
-32.86
-32.86
-32.86
-32.86
-32.86
-32.857877341953916
-32.83576482966285
-32.81604619432072
-32.79791181566932
-32.78159116800349
-32.76675746477936
-32.75352885953485
-32.74185191265033
-32.73164018793926
-32.72297025043383
-32.7158563722568
-32.71047108322666
-32.70671332659362
-32.70448276783269
-32.703796031612725
-32.70472973100333
-32.70718227197537
-32.71117090763319
-32.71650115490019
-32.723742298131455
-32.73247570676079
-32.74258371316892
-32.75434522715075
-32.76792700040845
-32.782646804515885
-32.79901539675207
-32.81690650273725
-32.83636259697258
-32.86
-32.86
-32.86
-32.86
-32.86
-32.86
-32.86
-32.86
-32.86
-32.86
-32.86
-32.86
-32.86
-32.86
-32.86
-32.86
-32.86
-32.86
-32.86
-32.86
-32.86
-32.86
-32.86
-32.86
-32.86
-32.86
-32.86
-32.86
-32.86
-32.86
-32.86
-32.86
-32.86
-32.86
-32.86
-32.86
-32.86
-32.86
-32.86
-32.86
-32.86
-32.86
-32.86
-32.86
-32.86
-32.86
-32.86
-32.86
-32.86
-32.86
-32.86
-32.86
-32.86
-32.86
-32.86
-32.86
-32.86
-32.86
-32.86
-32.86
-32.86
-32.86
-32.86
-32.86
-32.86
-32.86
-32.86
-32.86
-32.86
-32.86
-32.86
-32.86
-32.86
-32.86
-32.86
-32.86
-32.86
-32.86
-32.86
-32.86
-32.86
-32.86
-32.86
-32.86
-32.86
-32.86
-32.86
-32.86
-32.86
-32.86
-32.86
-32.86
-32.86
-32.86
-32.86
-32.86
-32.86
-32.86
-32.86
-32.86
-32.86
-32.86
-32.86
-32.86
-32.86
-32.86
-32.86
-32.86
-32.86
-32.86
-32.86
-32.86
-32.86
-32.86
-32.86
-32.86
-32.86
-32.86
-32.86
-32.86
-32.86
-32.86
-32.86
-32.86
-32.86
-32.86
-32.86
-32.86
-32.86
-32.86
-32.86
-32.86
-32.86
-32.86
-32.86
-32.86
-32.86
-32.86
-32.86
-32.86
-32.86
-32.86
-32.86
-32.86
-32.86
-32.86
-32.86
-32.86
-32.86
-32.86
-32.86
-32.86
-32.86
-32.86
-32.86
-32.86
-32.86
-32.86
-32.86
-32.86
-32.86
-32.86
-32.86
-32.86
-32.86
-32.86
-32.86
-32.86
-32.86
-32.86
-32.86
-32.86
-32.852939123864594
-32.830729252948196
-32.810726962452755
-32.79233144406614
-32.77553444410555
-32.76024296928987
-32.746422318842576
-32.734122608542094
-32.72345208422962
-32.71418976514665
-32.70675020876682
-32.7005144815429
-32.69623989036026
-32.693368988507004
-32.69193573614129
-32.6921033746991
-32.69378039390275
-32.6971886764463
-32.70208172310097
-32.70845419625732
-32.71632446991299
-32.72574302062842
-32.73670362870241
-32.749639747863476
-32.76351621108708
-32.77952426259541
-32.79618385575711
-32.81538052052727
-32.83544817864391
-32.86
-32.86
-32.86
-32.86
-32.86
-32.86
-32.86
-32.86
-32.86
-32.86
-32.86
-32.86
-32.86
-32.86
-32.86
-32.86
-32.86
-32.86
-32.86
-32.86
-32.86
-32.86
-32.86
-32.86
-32.86
-32.86
-32.86
-32.86
-32.86
-32.86
-32.86
-32.86
-32.86
-32.86
-32.86
-32.86
-32.86
-32.86
-32.86
-32.86
-32.86
-32.86
-32.86
-32.86
-32.86
-32.86
-32.86
-32.86
-32.86
-32.86
-32.86
-32.86
-32.86
-32.86
-32.86
-32.86
-32.86
-32.86
-32.86
-32.86
-32.86
-32.86
-32.86
-32.86
-32.86
-32.86
-32.86
-32.86
-32.86
-32.86
-32.86
-32.852939123864594
-32.830729252948196
-32.810726962452755
-32.79233144406614
-32.77553444410555
-32.76024296928987
-32.746422318842576
-32.734122608542094
-32.72345208422962
-32.71418976514665
-32.70675020876682
-32.7005144815429
-32.69623989036026
-32.693368988507004
-32.69193573614129
-32.6921033746991
-32.69378039390275
-32.6971886764463
-32.70208172310097
-32.70845419625732
-32.71632446991299
-32.72574302062842
-32.73670362870241
-32.749639747863476
-32.76351621108708
-32.77952426259541
-32.79618385575711
-32.81538052052727
-32.83544817864391
-32.86
-32.86
-32.86
-32.86
-32.86
-32.86
-32.86
-32.86
-32.86
-32.86
-32.86
-32.86
-32.86
-32.86
-32.86
-32.86
-32.86
-32.86
-32.86
-32.86
-32.86
-32.86
-32.86
-32.86
-32.86
-32.86
-32.86
-32.86
-32.86
-32.86
-32.86
-32.86
-32.86
-32.86
-32.86
-32.86
-32.86
-32.86
-32.86
-32.86
-32.86
-32.86
-32.86
-32.86
-32.86
-32.86
-32.86
-32.86
-32.86
-32.86
-32.86
-32.86
-32.86
-32.86
-32.86
-32.86
-32.86
-32.86
-32.86
-32.86
-32.86
-32.86
-32.86
-32.86
-32.86
-32.86
-32.86
-32.86
-32.86
-32.86
-32.86
-32.86
-32.86
-32.86
-32.86
-32.86
-32.86
-32.86
-32.86
-32.86
-32.86
-32.86
-32.86
-32.86
-32.86
-32.86
-32.86
-32.86
-32.86
-32.86
-32.86
-32.86
-32.86
-32.86
-32.86
-32.86
-32.86
-32.86
-32.86
-32.86
-32.86
-32.86
-32.86
-32.86
-32.86
-32.86
-32.86
-32.86
-32.86
-32.86
-32.86
-32.86
-32.86
-32.86
-32.86
-32.86
-32.86
-32.86
-32.86
-32.86
-32.86
-32.86
-32.86
-32.86
-32.86
-32.86
-32.86
-32.86
-32.86
-32.86
-32.86
-32.86
-32.86
-32.86
-32.86
-32.86
-32.86
-32.86
-32.86
-32.86
-32.86
-32.86
-32.86
-32.86
-32.86
-32.86
-32.86
-32.86
-32.86
-32.86
-32.86
-32.86
-32.86
-32.86
-32.86
-32.86
-32.86
-32.86
-32.86
-32.86
-32.86
-32.86
-32.86
-32.86
-32.86
-32.86
-32.86
-32.86
-32.86
-32.86
-32.86
-32.8478079090213
-32.82552773657466
-32.8052259758995
-32.786421920695986
-32.76921010313913
-32.753439494593636
-32.73921830620696
-32.7263608706911
-32.715192255862455
-32.705657497001354
-32.697345425862125
-32.69067092027029
-32.68577574099987
-32.68236279152225
-32.680159976143756
-32.679726225639406
-32.680875501260886
-32.68338390722596
-32.68748867581443
-32.69314824095112
-32.70042817781212
-32.70925918819622
-32.719494769994924
-32.731726930274675
-32.74501959118234
-32.75988425649456
-32.776299469296944
-32.79430180110986
-32.81387654433662
-32.83501271653636
-32.86
-32.86
-32.86
-32.86
-32.86
-32.86
-32.86
-32.86
-32.86
-32.86
-32.86
-32.86
-32.86
-32.86
-32.86
-32.86
-32.86
-32.86
-32.86
-32.86
-32.86
-32.86
-32.86
-32.86
-32.86
-32.86
-32.86
-32.86
-32.86
-32.86
-32.86
-32.86
-32.86
-32.86
-32.86
-32.86
-32.86
-32.86
-32.86
-32.86
-32.86
-32.86
-32.86
-32.86
-32.86
-32.86
-32.86
-32.86
-32.86
-32.86
-32.86
-32.86
-32.86
-32.86
-32.86
-32.86
-32.86
-32.86
-32.86
-32.86
-32.86
-32.86
-32.86
-32.86
-32.86
-32.86
-32.86
-32.86
-32.86
-32.86
-32.8478079090213
-32.82552773657466
-32.8052259758995
-32.786421920695986
-32.76921010313913
-32.753439494593636
-32.73921830620696
-32.7263608706911
-32.715192255862455
-32.705657497001354
-32.697345425862125
-32.69067092027029
-32.68577574099987
-32.68236279152225
-32.680159976143756
-32.679726225639406
-32.680875501260886
-32.68338390722596
-32.68748867581443
-32.69314824095112
-32.70042817781212
-32.70925918819622
-32.719494769994924
-32.731726930274675
-32.74501959118234
-32.75988425649456
-32.776299469296944
-32.79430180110986
-32.81387654433662
-32.83501271653636
-32.86
-32.86
-32.86
-32.86
-32.86
-32.86
-32.86
-32.86
-32.86
-32.86
-32.86
-32.86
-32.86
-32.86
-32.86
-32.86
-32.86
-32.86
-32.86
-32.86
-32.86
-32.86
-32.86
-32.86
-32.86
-32.86
-32.86
-32.86
-32.86
-32.86
-32.86
-32.86
-32.86
-32.86
-32.86
-32.86
-32.86
-32.86
-32.86
-32.86
-32.86
-32.86
-32.86
-32.86
-32.86
-32.86
-32.86
-32.86
-32.86
-32.86
-32.86
-32.86
-32.86
-32.86
-32.86
-32.86
-32.86
-32.86
-32.86
-32.86
-32.86
-32.86
-32.86
-32.86
-32.86
-32.86
-32.86
-32.86
-32.86
-32.86
-32.86
-32.86
-32.86
-32.86
-32.86
-32.86
-32.86
-32.86
-32.86
-32.86
-32.86
-32.86
-32.86
-32.86
-32.86
-32.86
-32.86
-32.86
-32.86
-32.86
-32.86
-32.86
-32.86
-32.86
-32.86
-32.86
-32.86
-32.86
-32.86
-32.86
-32.86
-32.86
-32.86
-32.86
-32.86
-32.86
-32.86
-32.86
-32.86
-32.86
-32.86
-32.86
-32.86
-32.86
-32.86
-32.86
-32.86
-32.86
-32.86
-32.86
-32.86
-32.86
-32.86
-32.86
-32.86
-32.86
-32.86
-32.86
-32.86
-32.86
-32.86
-32.86
-32.86
-32.86
-32.86
-32.86
-32.86
-32.86
-32.86
-32.86
-32.86
-32.86
-32.86
-32.86
-32.86
-32.86
-32.86
-32.86
-32.86
-32.86
-32.86
-32.86
-32.86
-32.86
-32.86
-32.86
-32.86
-32.86
-32.86
-32.86
-32.86
-32.86
-32.86
-32.86
-32.86
-32.86
-32.86
-32.86
-32.86
-32.86
-32.84244656048293
-32.82011395536872
-32.799458905850045
-32.78026420980199
-32.76284036027288
-32.74652597941847
-32.73183494924904
-32.71864968121509
-32.70708878057364
-32.69674923105095
-32.68804124715003
-32.680845111126715
-32.675344984457176
-32.6711416046448
-32.66841127978107
-32.66742080774371
-32.66806250147364
-32.66985315103979
-32.67327542683173
-32.678453260530205
-32.68491686493957
-32.692972065692516
-32.702458291563254
-32.71400600706102
-32.72658404639101
-32.741149083455774
-32.75650005172317
-32.77421598922446
-32.79280655217537
-32.813389678091916
-32.83543281532595
-32.86
-32.86
-32.86
-32.86
-32.86
-32.86
-32.86
-32.86
-32.86
-32.86
-32.86
-32.86
-32.86
-32.86
-32.86
-32.86
-32.86
-32.86
-32.86
-32.86
-32.86
-32.86
-32.86
-32.86
-32.86
-32.86
-32.86
-32.86
-32.86
-32.86
-32.86
-32.86
-32.86
-32.86
-32.86
-32.86
-32.86
-32.86
-32.86
-32.86
-32.86
-32.86
-32.86
-32.86
-32.86
-32.86
-32.86
-32.86
-32.86
-32.86
-32.86
-32.86
-32.86
-32.86
-32.86
-32.86
-32.86
-32.86
-32.86
-32.86
-32.86
-32.86
-32.86
-32.86
-32.86
-32.86
-32.86
-32.86
-32.86
-32.84244656048293
-32.82011395536872
-32.799458905850045
-32.78026420980199
-32.76284036027288
-32.74652597941847
-32.73183494924904
-32.71864968121509
-32.70708878057364
-32.69674923105095
-32.68804124715003
-32.680845111126715
-32.675344984457176
-32.6711416046448
-32.66841127978107
-32.66742080774371
-32.66806250147364
-32.66985315103979
-32.67327542683173
-32.678453260530205
-32.68491686493957
-32.692972065692516
-32.702458291563254
-32.71400600706102
-32.72658404639101
-32.741149083455774
-32.75650005172317
-32.77421598922446
-32.79280655217537
-32.813389678091916
-32.83543281532595
-32.86
-32.86
-32.86
-32.86
-32.86
-32.86
-32.86
-32.86
-32.86
-32.86
-32.86
-32.86
-32.86
-32.86
-32.86
-32.86
-32.86
-32.86
-32.86
-32.86
-32.86
-32.86
-32.86
-32.86
-32.86
-32.86
-32.86
-32.86
-32.86
-32.86
-32.86
-32.86
-32.86
-32.86
-32.86
-32.86
-32.86
-32.86
-32.86
-32.86
-32.86
-32.86
-32.86
-32.86
-32.86
-32.86
-32.86
-32.86
-32.86
-32.86
-32.86
-32.86
-32.86
-32.86
-32.86
-32.86
-32.86
-32.86
-32.86
-32.86
-32.86
-32.86
-32.86
-32.86
-32.86
-32.86
-32.86
-32.86
-32.86
-32.86
-32.86
-32.86
-32.86
-32.86
-32.86
-32.86
-32.86
-32.86
-32.86
-32.86
-32.86
-32.86
-32.86
-32.86
-32.86
-32.86
-32.86
-32.86
-32.86
-32.86
-32.86
-32.86
-32.86
-32.86
-32.86
-32.86
-32.86
-32.86
-32.86
-32.86
-32.86
-32.86
-32.86
-32.86
-32.86
-32.86
-32.86
-32.86
-32.86
-32.86
-32.86
-32.86
-32.86
-32.86
-32.86
-32.86
-32.86
-32.86
-32.86
-32.86
-32.86
-32.86
-32.86
-32.86
-32.86
-32.86
-32.86
-32.86
-32.86
-32.86
-32.86
-32.86
-32.86
-32.86
-32.86
-32.86
-32.86
-32.86
-32.86
-32.86
-32.86
-32.86
-32.86
-32.86
-32.86
-32.86
-32.86
-32.86
-32.86
-32.86
-32.86
-32.86
-32.86
-32.86
-32.86
-32.86
-32.86
-32.86
-32.86
-32.86
-32.86
-32.86
-32.86
-32.86
-32.86
-32.86
-32.86
-32.86
-32.86
-32.837081284890445
-32.81458372672283
-32.79362925364571
-32.77421911554078
-32.75618091220515
-32.739577985735714
-32.7244963377436
-32.71092658723311
-32.698636608945776
-32.687905243042856
-32.678619435603125
-32.67098389104623
-32.66486580355005
-32.660118515069996
-32.656704040565344
-32.65535147537679
-32.655174617105565
-32.65628787954492
-32.65918522891587
-32.66386479541165
-32.669729301314185
-32.67701078884216
-32.68599620572704
-32.69668662590776
-32.70878385797244
-32.722273186153245
-32.737416240894305
-32.75408026510083
-32.77246211633961
-32.79193753569765
-32.81363684115123
-32.836261923990854
-32.86
-32.86
-32.86
-32.86
-32.86
-32.86
-32.86
-32.86
-32.86
-32.86
-32.86
-32.86
-32.86
-32.86
-32.86
-32.86
-32.86
-32.86
-32.86
-32.86
-32.86
-32.86
-32.86
-32.86
-32.86
-32.86
-32.86
-32.86
-32.86
-32.86
-32.86
-32.86
-32.86
-32.86
-32.86
-32.86
-32.86
-32.86
-32.86
-32.86
-32.86
-32.86
-32.86
-32.86
-32.86
-32.86
-32.86
-32.86
-32.86
-32.86
-32.86
-32.86
-32.86
-32.86
-32.86
-32.86
-32.86
-32.86
-32.86
-32.86
-32.86
-32.86
-32.86
-32.86
-32.86
-32.86
-32.86
-32.86
-32.837081284890445
-32.81458372672283
-32.79362925364571
-32.77421911554078
-32.75618091220515
-32.739577985735714
-32.7244963377436
-32.71092658723311
-32.698636608945776
-32.687905243042856
-32.678619435603125
-32.67098389104623
-32.66486580355005
-32.660118515069996
-32.656704040565344
-32.65535147537679
-32.655174617105565
-32.65628787954492
-32.65918522891587
-32.66386479541165
-32.669729301314185
-32.67701078884216
-32.68599620572704
-32.69668662590776
-32.70878385797244
-32.722273186153245
-32.737416240894305
-32.75408026510083
-32.77246211633961
-32.79193753569765
-32.81363684115123
-32.836261923990854
-32.86
-32.86
-32.86
-32.86
-32.86
-32.86
-32.86
-32.86
-32.86
-32.86
-32.86
-32.86
-32.86
-32.86
-32.86
-32.86
-32.86
-32.86
-32.86
-32.86
-32.86
-32.86
-32.86
-32.86
-32.86
-32.86
-32.86
-32.86
-32.86
-32.86
-32.86
-32.86
-32.86
-32.86
-32.86
-32.86
-32.86
-32.86
-32.86
-32.86
-32.86
-32.86
-32.86
-32.86
-32.86
-32.86
-32.86
-32.86
-32.86
-32.86
-32.86
-32.86
-32.86
-32.86
-32.86
-32.86
-32.86
-32.86
-32.86
-32.86
-32.86
-32.86
-32.86
-32.86
-32.86
-32.86
-32.86
-32.86
-32.86
-32.86
-32.86
-32.86
-32.86
-32.86
-32.86
-32.86
-32.86
-32.86
-32.86
-32.86
-32.86
-32.86
-32.86
-32.86
-32.86
-32.86
-32.86
-32.86
-32.86
-32.86
-32.86
-32.86
-32.86
-32.86
-32.86
-32.86
-32.86
-32.86
-32.86
-32.86
-32.86
-32.86
-32.86
-32.86
-32.86
-32.86
-32.86
-32.86
-32.86
-32.86
-32.86
-32.86
-32.86
-32.86
-32.86
-32.86
-32.86
-32.86
-32.86
-32.86
-32.86
-32.86
-32.86
-32.86
-32.86
-32.86
-32.86
-32.86
-32.86
-32.86
-32.86
-32.86
-32.86
-32.86
-32.86
-32.86
-32.86
-32.86
-32.86
-32.86
-32.86
-32.86
-32.86
-32.86
-32.86
-32.86
-32.86
-32.86
-32.86
-32.86
-32.86
-32.86
-32.86
-32.86
-32.86
-32.86
-32.86
-32.86
-32.86
-32.86
-32.86
-32.86
-32.86
-32.86
-32.86
-32.86
-32.86
-32.85602291788972
-32.83150684449004
-32.80879268944664
-32.78762790110195
-32.767973161545385
-32.749534455172956
-32.732536354277464
-32.71708690629555
-32.70299054241447
-32.690282004782404
-32.678939642871775
-32.669292207557774
-32.66110583864352
-32.65457908379354
-32.64904285848898
-32.645307234701654
-32.643201451550574
-32.6424969405663
-32.64317002027425
-32.645561047294855
-32.649364152202885
-32.65446909661606
-32.66122559640358
-32.669839744837454
-32.67956868388757
-32.690950364118635
-32.704381668026194
-32.718528077001416
-32.73478158393755
-32.752304794005816
-32.77128178670289
-32.792140554103526
-32.81432255420005
-32.83868613396299
-32.86
-32.86
-32.86
-32.86
-32.86
-32.86
-32.86
-32.86
-32.86
-32.86
-32.86
-32.86
-32.86
-32.86
-32.86
-32.86
-32.86
-32.86
-32.86
-32.86
-32.86
-32.86
-32.86
-32.86
-32.86
-32.86
-32.86
-32.86
-32.86
-32.86
-32.86
-32.86
-32.86
-32.86
-32.86
-32.86
-32.86
-32.86
-32.86
-32.86
-32.86
-32.86
-32.86
-32.86
-32.86
-32.86
-32.86
-32.86
-32.86
-32.86
-32.86
-32.86
-32.86
-32.86
-32.86
-32.86
-32.86
-32.86
-32.86
-32.86
-32.86
-32.86
-32.86
-32.86
-32.86
-32.86
-32.85602291788972
-32.83150684449004
-32.80879268944664
-32.78762790110195
-32.767973161545385
-32.749534455172956
-32.732536354277464
-32.71708690629555
-32.70299054241447
-32.690282004782404
-32.678939642871775
-32.669292207557774
-32.66110583864352
-32.65457908379354
-32.64904285848898
-32.645307234701654
-32.643201451550574
-32.6424969405663
-32.64317002027425
-32.645561047294855
-32.649364152202885
-32.65446909661606
-32.66122559640358
-32.669839744837454
-32.67956868388757
-32.690950364118635
-32.704381668026194
-32.718528077001416
-32.73478158393755
-32.752304794005816
-32.77128178670289
-32.792140554103526
-32.81432255420005
-32.83868613396299
-32.86
-32.86
-32.86
-32.86
-32.86
-32.86
-32.86
-32.86
-32.86
-32.86
-32.86
-32.86
-32.86
-32.86
-32.86
-32.86
-32.86
-32.86
-32.86
-32.86
-32.86
-32.86
-32.86
-32.86
-32.86
-32.86
-32.86
-32.86
-32.86
-32.86
-32.86
-32.86
-32.86
-32.86
-32.86
-32.86
-32.86
-32.86
-32.86
-32.86
-32.86
-32.86
-32.86
-32.86
-32.86
-32.86
-32.86
-32.86
-32.86
-32.86
-32.86
-32.86
-32.86
-32.86
-32.86
-32.86
-32.86
-32.86
-32.86
-32.86
-32.86
-32.86
-32.86
-32.86
-32.86
-32.86
-32.86
-32.86
-32.86
-32.86
-32.86
-32.86
-32.86
-32.86
-32.86
-32.86
-32.86
-32.86
-32.86
-32.86
-32.86
-32.86
-32.86
-32.86
-32.86
-32.86
-32.86
-32.86
-32.86
-32.86
-32.86
-32.86
-32.86
-32.86
-32.86
-32.86
-32.86
-32.86
-32.86
-32.86
-32.86
-32.86
-32.86
-32.86
-32.86
-32.86
-32.86
-32.86
-32.86
-32.86
-32.86
-32.86
-32.86
-32.86
-32.86
-32.86
-32.86
-32.86
-32.86
-32.86
-32.86
-32.86
-32.86
-32.86
-32.86
-32.86
-32.86
-32.86
-32.86
-32.86
-32.86
-32.86
-32.86
-32.86
-32.86
-32.86
-32.86
-32.86
-32.86
-32.86
-32.86
-32.86
-32.86
-32.86
-32.86
-32.86
-32.86
-32.86
-32.86
-32.86
-32.86
-32.86
-32.86
-32.86
-32.86
-32.86
-32.86
-32.86
-32.86
-32.86
-32.86
-32.86
-32.86
-32.86
-32.86
-32.86
-32.8504117229809
-32.825814004472825
-32.80292315131591
-32.78146568896952
-32.761425326590675
-32.74268943486164
-32.72548921634366
-32.70958838182673
-32.695008031527784
-32.68189310986318
-32.67021176281792
-32.660049373308496
-32.65142280886552
-32.64412763305993
-32.638142590784554
-32.634035702804866
-32.63140579432453
-32.62991914255705
-32.6301126821114
-32.6318097204327
-32.63504780586471
-32.639579325253706
-32.64603245883788
-32.653779689383235
-32.66300372051893
-32.673714019468385
-32.68620204700868
-32.70043401700596
-32.715461099186776
-32.73293089983245
-32.75104437949086
-32.771300717885595
-32.79287131366201
-32.81616082781077
-32.84188689090192
-32.86
-32.86
-32.86
-32.86
-32.86
-32.86
-32.86
-32.86
-32.86
-32.86
-32.86
-32.86
-32.86
-32.86
-32.86
-32.86
-32.86
-32.86
-32.86
-32.86
-32.86
-32.86
-32.86
-32.86
-32.86
-32.86
-32.86
-32.86
-32.86
-32.86
-32.86
-32.86
-32.86
-32.86
-32.86
-32.86
-32.86
-32.86
-32.86
-32.86
-32.86
-32.86
-32.86
-32.86
-32.86
-32.86
-32.86
-32.86
-32.86
-32.86
-32.86
-32.86
-32.86
-32.86
-32.86
-32.86
-32.86
-32.86
-32.86
-32.86
-32.86
-32.86
-32.86
-32.86
-32.86
-32.8504117229809
-32.825814004472825
-32.80292315131591
-32.78146568896952
-32.761425326590675
-32.74268943486164
-32.72548921634366
-32.70958838182673
-32.695008031527784
-32.68189310986318
-32.67021176281792
-32.660049373308496
-32.65142280886552
-32.64412763305993
-32.638142590784554
-32.634035702804866
-32.63140579432453
-32.62991914255705
-32.6301126821114
-32.6318097204327
-32.63504780586471
-32.639579325253706
-32.64603245883788
-32.653779689383235
-32.66300372051893
-32.673714019468385
-32.68620204700868
-32.70043401700596
-32.715461099186776
-32.73293089983245
-32.75104437949086
-32.771300717885595
-32.79287131366201
-32.81616082781077
-32.84188689090192
-32.86
-32.86
-32.86
-32.86
-32.86
-32.86
-32.86
-32.86
-32.86
-32.86
-32.86
-32.86
-32.86
-32.86
-32.86
-32.86
-32.86
-32.86
-32.86
-32.86
-32.86
-32.86
-32.86
-32.86
-32.86
-32.86
-32.86
-32.86
-32.86
-32.86
-32.86
-32.86
-32.86
-32.86
-32.86
-32.86
-32.86
-32.86
-32.86
-32.86
-32.86
-32.86
-32.86
-32.86
-32.86
-32.86
-32.86
-32.86
-32.86
-32.86
-32.86
-32.86
-32.86
-32.86
-32.86
-32.86
-32.86
-32.86
-32.86
-32.86
-32.86
-32.86
-32.86
-32.86
-32.86
-32.86
-32.86
-32.86
-32.86
-32.86
-32.86
-32.86
-32.86
-32.86
-32.86
-32.86
-32.86
-32.86
-32.86
-32.86
-32.86
-32.86
-32.86
-32.86
-32.86
-32.86
-32.86
-32.86
-32.86
-32.86
-32.86
-32.86
-32.86
-32.86
-32.86
-32.86
-32.86
-32.86
-32.86
-32.86
-32.86
-32.86
-32.86
-32.86
-32.86
-32.86
-32.86
-32.86
-32.86
-32.86
-32.86
-32.86
-32.86
-32.86
-32.86
-32.86
-32.86
-32.86
-32.86
-32.86
-32.86
-32.86
-32.86
-32.86
-32.86
-32.86
-32.86
-32.86
-32.86
-32.86
-32.86
-32.86
-32.86
-32.86
-32.86
-32.86
-32.86
-32.86
-32.86
-32.86
-32.86
-32.86
-32.86
-32.86
-32.86
-32.86
-32.86
-32.86
-32.86
-32.86
-32.86
-32.86
-32.86
-32.86
-32.86
-32.86
-32.86
-32.86
-32.86
-32.86
-32.86
-32.86
-32.86
-32.86
-32.86
-32.845010849174386
-32.820029437693535
-32.79694430771906
-32.77521750048681
-32.75482696247492
-32.73586441995199
-32.71831983830592
-32.70200306797493
-32.68700848350895
-32.67344753668942
-32.66141952148846
-32.65087443909001
-32.64160123470282
-32.63396619506176
-32.62754401490165
-32.62287820127983
-32.61950960929947
-32.617439270052685
-32.61714873618517
-32.618505102325294
-32.620994944543206
-32.62505305990233
-32.63074547220646
-32.63820039718276
-32.6466499335993
-32.656808324929095
-32.66885547502799
-32.68212686569029
-32.69699396704507
-32.713507962150295
-32.73156239026232
-32.75091158353477
-32.77209525825355
-32.794648665474
-32.81908949238267
-32.84570206258753
-32.86
-32.86
-32.86
-32.86
-32.86
-32.86
-32.86
-32.86
-32.86
-32.86
-32.86
-32.86
-32.86
-32.86
-32.86
-32.86
-32.86
-32.86
-32.86
-32.86
-32.86
-32.86
-32.86
-32.86
-32.86
-32.86
-32.86
-32.86
-32.86
-32.86
-32.86
-32.86
-32.86
-32.86
-32.86
-32.86
-32.86
-32.86
-32.86
-32.86
-32.86
-32.86
-32.86
-32.86
-32.86
-32.86
-32.86
-32.86
-32.86
-32.86
-32.86
-32.86
-32.86
-32.86
-32.86
-32.86
-32.86
-32.86
-32.86
-32.86
-32.86
-32.86
-32.86
-32.86
-32.845010849174386
-32.820029437693535
-32.79694430771906
-32.77521750048681
-32.75482696247492
-32.73586441995199
-32.71831983830592
-32.70200306797493
-32.68700848350895
-32.67344753668942
-32.66141952148846
-32.65087443909001
-32.64160123470282
-32.63396619506176
-32.62754401490165
-32.62287820127983
-32.61950960929947
-32.617439270052685
-32.61714873618517
-32.618505102325294
-32.620994944543206
-32.62505305990233
-32.63074547220646
-32.63820039718276
-32.6466499335993
-32.656808324929095
-32.66885547502799
-32.68212686569029
-32.69699396704507
-32.713507962150295
-32.73156239026232
-32.75091158353477
-32.77209525825355
-32.794648665474
-32.81908949238267
-32.84570206258753
-32.86
-32.86
-32.86
-32.86
-32.86
-32.86
-32.86
-32.86
-32.86
-32.86
-32.86
-32.86
-32.86
-32.86
-32.86
-32.86
-32.86
-32.86
-32.86
-32.86
-32.86
-32.86
-32.86
-32.86
-32.86
-32.86
-32.86
-32.86
-32.86
-32.86
-32.86
-32.86
-32.86
-32.86
-32.86
-32.86
-32.86
-32.86
-32.86
-32.86
-32.86
-32.86
-32.86
-32.86
-32.86
-32.86
-32.86
-32.86
-32.86
-32.86
-32.86
-32.86
-32.86
-32.86
-32.86
-32.86
-32.86
-32.86
-32.86
-32.86
-32.86
-32.86
-32.86
-32.86
-32.86
-32.86
-32.86
-32.86
-32.86
-32.86
-32.86
-32.86
-32.86
-32.86
-32.86
-32.86
-32.86
-32.86
-32.86
-32.86
-32.86
-32.86
-32.86
-32.86
-32.86
-32.86
-32.86
-32.86
-32.86
-32.86
-32.86
-32.86
-32.86
-32.86
-32.86
-32.86
-32.86
-32.86
-32.86
-32.86
-32.86
-32.86
-32.86
-32.86
-32.86
-32.86
-32.86
-32.86
-32.86
-32.86
-32.86
-32.86
-32.86
-32.86
-32.86
-32.86
-32.86
-32.86
-32.86
-32.86
-32.86
-32.86
-32.86
-32.86
-32.86
-32.86
-32.86
-32.86
-32.86
-32.86
-32.86
-32.86
-32.86
-32.86
-32.86
-32.86
-32.86
-32.86
-32.86
-32.86
-32.86
-32.86
-32.86
-32.86
-32.86
-32.86
-32.86
-32.86
-32.86
-32.86
-32.86
-32.86
-32.86
-32.86
-32.86
-32.86
-32.86
-32.86
-32.86
-32.86
-32.86
-32.86
-32.86
-32.86
-32.83899449746844
-32.814263138371466
-32.790871953779664
-32.76882851015626
-32.74826184354565
-32.729023447377884
-32.7110699283486
-32.6944140153497
-32.679008938090014
-32.665115673734704
-32.65272542222321
-32.64160991188436
-32.632022780184066
-32.62369326818292
-32.61699355129889
-32.61168719853193
-32.607817540289595
-32.60521067676217
-32.604638840938485
-32.60521429127986
-32.60716178465639
-32.6107778845321
-32.61608817753318
-32.622621899425575
-32.6307460121911
-32.64038269683375
-32.65158991433828
-32.664569617012916
-32.678747177405604
-32.694803718884415
-32.712072168599796
-32.73093171850011
-32.75171498293905
-32.77361070608942
-32.797743203847936
-32.822743082311796
-32.86
-32.86
-32.86
-32.86
-32.86
-32.86
-32.86
-32.86
-32.86
-32.86
-32.86
-32.86
-32.86
-32.86
-32.86
-32.86
-32.86
-32.86
-32.86
-32.86
-32.86
-32.86
-32.86
-32.86
-32.86
-32.86
-32.86
-32.86
-32.86
-32.86
-32.86
-32.86
-32.86
-32.86
-32.86
-32.86
-32.86
-32.86
-32.86
-32.86
-32.86
-32.86
-32.86
-32.86
-32.86
-32.86
-32.86
-32.86
-32.86
-32.86
-32.86
-32.86
-32.86
-32.86
-32.86
-32.86
-32.86
-32.86
-32.86
-32.86
-32.86
-32.86
-32.86
-32.86
-32.83899449746844
-32.814263138371466
-32.790871953779664
-32.76882851015626
-32.74826184354565
-32.729023447377884
-32.7110699283486
-32.6944140153497
-32.679008938090014
-32.665115673734704
-32.65272542222321
-32.64160991188436
-32.632022780184066
-32.62369326818292
-32.61699355129889
-32.61168719853193
-32.607817540289595
-32.60521067676217
-32.604638840938485
-32.60521429127986
-32.60716178465639
-32.6107778845321
-32.61608817753318
-32.622621899425575
-32.6307460121911
-32.64038269683375
-32.65158991433828
-32.664569617012916
-32.678747177405604
-32.694803718884415
-32.712072168599796
-32.73093171850011
-32.75171498293905
-32.77361070608942
-32.797743203847936
-32.822743082311796
-32.86
-32.86
-32.86
-32.86
-32.86
-32.86
-32.86
-32.86
-32.86
-32.86
-32.86
-32.86
-32.86
-32.86
-32.86
-32.86
-32.86
-32.86
-32.86
-32.86
-32.86
-32.86
-32.86
-32.86
-32.86
-32.86
-32.86
-32.86
-32.86
-32.86
-32.86
-32.86
-32.86
-32.86
-32.86
-32.86
-32.86
-32.86
-32.86
-32.86
-32.86
-32.86
-32.86
-32.86
-32.86
-32.86
-32.86
-32.86
-32.86
-32.86
-32.86
-32.86
-32.86
-32.86
-32.86
-32.86
-32.86
-32.86
-32.86
-32.86
-32.86
-32.86
-32.86
-32.86
-32.86
-32.86
-32.86
-32.86
-32.86
-32.86
-32.86
-32.86
-32.86
-32.86
-32.86
-32.86
-32.86
-32.86
-32.86
-32.86
-32.86
-32.86
-32.86
-32.86
-32.86
-32.86
-32.86
-32.86
-32.86
-32.86
-32.86
-32.86
-32.86
-32.86
-32.86
-32.86
-32.86
-32.86
-32.86
-32.86
-32.86
-32.86
-32.86
-32.86
-32.86
-32.86
-32.86
-32.86
-32.86
-32.86
-32.86
-32.86
-32.86
-32.86
-32.86
-32.86
-32.86
-32.86
-32.86
-32.86
-32.86
-32.86
-32.86
-32.86
-32.86
-32.86
-32.86
-32.86
-32.86
-32.86
-32.86
-32.86
-32.86
-32.86
-32.86
-32.86
-32.86
-32.86
-32.86
-32.86
-32.86
-32.86
-32.86
-32.86
-32.86
-32.86
-32.86
-32.86
-32.86
-32.86
-32.86
-32.86
-32.86
-32.86
-32.86
-32.86
-32.86
-32.86
-32.86
-32.86
-32.86
-32.86
-32.86
-32.85969600734267
-32.83316611264804
-32.80844852933173
-32.78481797497628
-32.76259798841923
-32.74178444836441
-32.72209640331937
-32.70381754337253
-32.68674114221913
-32.67099858645858
-32.65685536923087
-32.643980248890344
-32.63254083697054
-32.622274709343564
-32.61363982138166
-32.606428239974534
-32.60079762827737
-32.59629680173031
-32.5932909286838
-32.59202549022554
-32.59218504030361
-32.59367532466229
-32.59680944030054
-32.601357379286135
-32.60758032205111
-32.61506179256269
-32.62410671848709
-32.635080163958875
-32.64711830376439
-32.66086486638078
-32.67616535049531
-32.69336795814562
-32.71145760783969
-32.73162070238907
-32.753244630266195
-32.776154570782346
-32.8013730330149
-32.82717694716849
-32.86
-32.86
-32.86
-32.86
-32.86
-32.86
-32.86
-32.86
-32.86
-32.86
-32.86
-32.86
-32.86
-32.86
-32.86
-32.86
-32.86
-32.86
-32.86
-32.86
-32.86
-32.86
-32.86
-32.86
-32.86
-32.86
-32.86
-32.86
-32.86
-32.86
-32.86
-32.86
-32.86
-32.86
-32.86
-32.86
-32.86
-32.86
-32.86
-32.86
-32.86
-32.86
-32.86
-32.86
-32.86
-32.86
-32.86
-32.86
-32.86
-32.86
-32.86
-32.86
-32.86
-32.86
-32.86
-32.86
-32.86
-32.86
-32.86
-32.86
-32.86
-32.86
-32.85969600734267
-32.83316611264804
-32.80844852933173
-32.78481797497628
-32.76259798841923
-32.74178444836441
-32.72209640331937
-32.70381754337253
-32.68674114221913
-32.67099858645858
-32.65685536923087
-32.643980248890344
-32.63254083697054
-32.622274709343564
-32.61363982138166
-32.606428239974534
-32.60079762827737
-32.59629680173031
-32.5932909286838
-32.59202549022554
-32.59218504030361
-32.59367532466229
-32.59680944030054
-32.601357379286135
-32.60758032205111
-32.61506179256269
-32.62410671848709
-32.635080163958875
-32.64711830376439
-32.66086486638078
-32.67616535049531
-32.69336795814562
-32.71145760783969
-32.73162070238907
-32.753244630266195
-32.776154570782346
-32.8013730330149
-32.82717694716849
-32.86
-32.86
-32.86
-32.86
-32.86
-32.86
-32.86
-32.86
-32.86
-32.86
-32.86
-32.86
-32.86
-32.86
-32.86
-32.86
-32.86
-32.86
-32.86
-32.86
-32.86
-32.86
-32.86
-32.86
-32.86
-32.86
-32.86
-32.86
-32.86
-32.86
-32.86
-32.86
-32.86
-32.86
-32.86
-32.86
-32.86
-32.86
-32.86
-32.86
-32.86
-32.86
-32.86
-32.86
-32.86
-32.86
-32.86
-32.86
-32.86
-32.86
-32.86
-32.86
-32.86
-32.86
-32.86
-32.86
-32.86
-32.86
-32.86
-32.86
-32.86
-32.86
-32.86
-32.86
-32.86
-32.86
-32.86
-32.86
-32.86
-32.86
-32.86
-32.86
-32.86
-32.86
-32.86
-32.86
-32.86
-32.86
-32.86
-32.86
-32.86
-32.86
-32.86
-32.86
-32.86
-32.86
-32.86
-32.86
-32.86
-32.86
-32.86
-32.86
-32.86
-32.86
-32.86
-32.86
-32.86
-32.86
-32.86
-32.86
-32.86
-32.86
-32.86
-32.86
-32.86
-32.86
-32.86
-32.86
-32.86
-32.86
-32.86
-32.86
-32.86
-32.86
-32.86
-32.86
-32.86
-32.86
-32.86
-32.86
-32.86
-32.86
-32.86
-32.86
-32.86
-32.86
-32.86
-32.86
-32.86
-32.86
-32.86
-32.86
-32.86
-32.86
-32.86
-32.86
-32.86
-32.86
-32.86
-32.86
-32.86
-32.86
-32.86
-32.86
-32.86
-32.86
-32.86
-32.86
-32.86
-32.86
-32.86
-32.86
-32.86
-32.86
-32.86
-32.86
-32.86
-32.86
-32.86
-32.86
-32.86
-32.86
-32.853689940898384
-32.827181834353034
-32.802385384855945
-32.77875562645793
-32.7562102922445
-32.73503052907958
-32.71524989472881
-32.69647323778354
-32.67910204953995
-32.66315767222473
-32.64854046152436
-32.635381406030746
-32.623365893683115
-32.61270328112726
-32.6035863842729
-32.59619423197165
-32.589869408370454
-32.5849586577876
-32.581579611184296
-32.579898517746926
-32.57935870545152
-32.580271566088776
-32.58297418586741
-32.58719839575601
-32.592592891563754
-32.59968484145049
-32.60843035775629
-32.618491148226674
-32.630266624469925
-32.64329512055044
-32.65834432040021
-32.674656194704696
-32.692638631258504
-32.71218247358448
-32.73317551718814
-32.75565598154931
-32.78000982598645
-32.805518855942296
-32.83301315467415
-32.86
-32.86
-32.86
-32.86
-32.86
-32.86
-32.86
-32.86
-32.86
-32.86
-32.86
-32.86
-32.86
-32.86
-32.86
-32.86
-32.86
-32.86
-32.86
-32.86
-32.86
-32.86
-32.86
-32.86
-32.86
-32.86
-32.86
-32.86
-32.86
-32.86
-32.86
-32.86
-32.86
-32.86
-32.86
-32.86
-32.86
-32.86
-32.86
-32.86
-32.86
-32.86
-32.86
-32.86
-32.86
-32.86
-32.86
-32.86
-32.86
-32.86
-32.86
-32.86
-32.86
-32.86
-32.86
-32.86
-32.86
-32.86
-32.86
-32.86
-32.86
-32.853689940898384
-32.827181834353034
-32.802385384855945
-32.77875562645793
-32.7562102922445
-32.73503052907958
-32.71524989472881
-32.69647323778354
-32.67910204953995
-32.66315767222473
-32.64854046152436
-32.635381406030746
-32.623365893683115
-32.61270328112726
-32.6035863842729
-32.59619423197165
-32.589869408370454
-32.5849586577876
-32.581579611184296
-32.579898517746926
-32.57935870545152
-32.580271566088776
-32.58297418586741
-32.58719839575601
-32.592592891563754
-32.59968484145049
-32.60843035775629
-32.618491148226674
-32.630266624469925
-32.64329512055044
-32.65834432040021
-32.674656194704696
-32.692638631258504
-32.71218247358448
-32.73317551718814
-32.75565598154931
-32.78000982598645
-32.805518855942296
-32.83301315467415
-32.86
-32.86
-32.86
-32.86
-32.86
-32.86
-32.86
-32.86
-32.86
-32.86
-32.86
-32.86
-32.86
-32.86
-32.86
-32.86
-32.86
-32.86
-32.86
-32.86
-32.86
-32.86
-32.86
-32.86
-32.86
-32.86
-32.86
-32.86
-32.86
-32.86
-32.86
-32.86
-32.86
-32.86
-32.86
-32.86
-32.86
-32.86
-32.86
-32.86
-32.86
-32.86
-32.86
-32.86
-32.86
-32.86
-32.86
-32.86
-32.86
-32.86
-32.86
-32.86
-32.86
-32.86
-32.86
-32.86
-32.86
-32.86
-32.86
-32.86
-32.86
-32.86
-32.86
-32.86
-32.86
-32.86
-32.86
-32.86
-32.86
-32.86
-32.86
-32.86
-32.86
-32.86
-32.86
-32.86
-32.86
-32.86
-32.86
-32.86
-32.86
-32.86
-32.86
-32.86
-32.86
-32.86
-32.86
-32.86
-32.86
-32.86
-32.86
-32.86
-32.86
-32.86
-32.86
-32.86
-32.86
-32.86
-32.86
-32.86
-32.86
-32.86
-32.86
-32.86
-32.86
-32.86
-32.86
-32.86
-32.86
-32.86
-32.86
-32.86
-32.86
-32.86
-32.86
-32.86
-32.86
-32.86
-32.86
-32.86
-32.86
-32.86
-32.86
-32.86
-32.86
-32.86
-32.86
-32.86
-32.86
-32.86
-32.86
-32.86
-32.86
-32.86
-32.86
-32.86
-32.86
-32.86
-32.86
-32.86
-32.86
-32.86
-32.86
-32.86
-32.86
-32.86
-32.86
-32.86
-32.86
-32.86
-32.86
-32.86
-32.86
-32.86
-32.86
-32.86
-32.86
-32.86
-32.86
-32.86
-32.86
-32.84776237466991
-32.82124149356132
-32.79637232129281
-32.772454661531704
-32.749738018596624
-32.72835119093795
-32.708203338852734
-32.68937489357004
-32.67161181756475
-32.65518704250443
-32.640356659536934
-32.62664172463611
-32.61426222077283
-32.60328247183346
-32.5938310551927
-32.58588456854953
-32.57918764461057
-32.57378028961348
-32.570110966723405
-32.56762561422368
-32.56677889414616
-32.56734933500682
-32.569487531808285
-32.573016141603986
-32.578125771711406
-32.58467007463218
-32.59279814055749
-32.60264550285913
-32.6135369542142
-32.62632221913488
-32.64070059028319
-32.656700106066054
-32.67393856274281
-32.6928827190522
-32.71374228416014
-32.73534939827776
-32.75948620369003
-32.78417987850753
-32.81078406421055
-32.839432908686305
-32.86
-32.86
-32.86
-32.86
-32.86
-32.86
-32.86
-32.86
-32.86
-32.86
-32.86
-32.86
-32.86
-32.86
-32.86
-32.86
-32.86
-32.86
-32.86
-32.86
-32.86
-32.86
-32.86
-32.86
-32.86
-32.86
-32.86
-32.86
-32.86
-32.86
-32.86
-32.86
-32.86
-32.86
-32.86
-32.86
-32.86
-32.86
-32.86
-32.86
-32.86
-32.86
-32.86
-32.86
-32.86
-32.86
-32.86
-32.86
-32.86
-32.86
-32.86
-32.86
-32.86
-32.86
-32.86
-32.86
-32.86
-32.86
-32.86
-32.86
-32.84776237466991
-32.82124149356132
-32.79637232129281
-32.772454661531704
-32.749738018596624
-32.72835119093795
-32.708203338852734
-32.68937489357004
-32.67161181756475
-32.65518704250443
-32.640356659536934
-32.62664172463611
-32.61426222077283
-32.60328247183346
-32.5938310551927
-32.58588456854953
-32.57918764461057
-32.57378028961348
-32.570110966723405
-32.56762561422368
-32.56677889414616
-32.56734933500682
-32.569487531808285
-32.573016141603986
-32.578125771711406
-32.58467007463218
-32.59279814055749
-32.60264550285913
-32.6135369542142
-32.62632221913488
-32.64070059028319
-32.656700106066054
-32.67393856274281
-32.6928827190522
-32.71374228416014
-32.73534939827776
-32.75948620369003
-32.78417987850753
-32.81078406421055
-32.839432908686305
-32.86
-32.86
-32.86
-32.86
-32.86
-32.86
-32.86
-32.86
-32.86
-32.86
-32.86
-32.86
-32.86
-32.86
-32.86
-32.86
-32.86
-32.86
-32.86
-32.86
-32.86
-32.86
-32.86
-32.86
-32.86
-32.86
-32.86
-32.86
-32.86
-32.86
-32.86
-32.86
-32.86
-32.86
-32.86
-32.86
-32.86
-32.86
-32.86
-32.86
-32.86
-32.86
-32.86
-32.86
-32.86
-32.86
-32.86
-32.86
-32.86
-32.86
-32.86
-32.86
-32.86
-32.86
-32.86
-32.86
-32.86
-32.86
-32.86
-32.86
-32.86
-32.86
-32.86
-32.86
-32.86
-32.86
-32.86
-32.86
-32.86
-32.86
-32.86
-32.86
-32.86
-32.86
-32.86
-32.86
-32.86
-32.86
-32.86
-32.86
-32.86
-32.86
-32.86
-32.86
-32.86
-32.86
-32.86
-32.86
-32.86
-32.86
-32.86
-32.86
-32.86
-32.86
-32.86
-32.86
-32.86
-32.86
-32.86
-32.86
-32.86
-32.86
-32.86
-32.86
-32.86
-32.86
-32.86
-32.86
-32.86
-32.86
-32.86
-32.86
-32.86
-32.86
-32.86
-32.86
-32.86
-32.86
-32.86
-32.86
-32.86
-32.86
-32.86
-32.86
-32.86
-32.86
-32.86
-32.86
-32.86
-32.86
-32.86
-32.86
-32.86
-32.86
-32.86
-32.86
-32.86
-32.86
-32.86
-32.86
-32.86
-32.86
-32.86
-32.86
-32.86
-32.86
-32.86
-32.86
-32.86
-32.86
-32.86
-32.86
-32.86
-32.86
-32.86
-32.86
-32.86
-32.86
-32.86
-32.86
-32.84186985866159
-32.815301154289635
-32.79016617636634
-32.76618111887489
-32.7431933160901
-32.72154365506638
-32.70130974783078
-32.68204305518495
-32.66406489315494
-32.64740747884056
-32.63216121243526
-32.618022300723204
-32.60530543148349
-32.59404793655658
-32.584139125026496
-32.575851488982664
-32.5685353809007
-32.56285028102442
-32.55856881017332
-32.55591215783592
-32.55433551464872
-32.55451414681231
-32.556249447628616
-32.55941222963047
-32.563730169378466
-32.569921642069126
-32.57779257099014
-32.58683039730292
-32.59744411127419
-32.609669388821494
-32.62367208717415
-32.638989096158305
-32.65575163288948
-32.674267915996644
-32.694445778094625
-32.71606978338968
-32.739026829398775
-32.76379913140111
-32.78987016209796
-32.81759562020468
-32.847188381411954
-32.86
-32.86
-32.86
-32.86
-32.86
-32.86
-32.86
-32.86
-32.86
-32.86
-32.86
-32.86
-32.86
-32.86
-32.86
-32.86
-32.86
-32.86
-32.86
-32.86
-32.86
-32.86
-32.86
-32.86
-32.86
-32.86
-32.86
-32.86
-32.86
-32.86
-32.86
-32.86
-32.86
-32.86
-32.86
-32.86
-32.86
-32.86
-32.86
-32.86
-32.86
-32.86
-32.86
-32.86
-32.86
-32.86
-32.86
-32.86
-32.86
-32.86
-32.86
-32.86
-32.86
-32.86
-32.86
-32.86
-32.86
-32.86
-32.86
-32.84186985866159
-32.815301154289635
-32.79016617636634
-32.76618111887489
-32.7431933160901
-32.72154365506638
-32.70130974783078
-32.68204305518495
-32.66406489315494
-32.64740747884056
-32.63216121243526
-32.618022300723204
-32.60530543148349
-32.59404793655658
-32.584139125026496
-32.575851488982664
-32.5685353809007
-32.56285028102442
-32.55856881017332
-32.55591215783592
-32.55433551464872
-32.55451414681231
-32.556249447628616
-32.55941222963047
-32.563730169378466
-32.569921642069126
-32.57779257099014
-32.58683039730292
-32.59744411127419
-32.609669388821494
-32.62367208717415
-32.638989096158305
-32.65575163288948
-32.674267915996644
-32.694445778094625
-32.71606978338968
-32.739026829398775
-32.76379913140111
-32.78987016209796
-32.81759562020468
-32.847188381411954
-32.86
-32.86
-32.86
-32.86
-32.86
-32.86
-32.86
-32.86
-32.86
-32.86
-32.86
-32.86
-32.86
-32.86
-32.86
-32.86
-32.86
-32.86
-32.86
-32.86
-32.86
-32.86
-32.86
-32.86
-32.86
-32.86
-32.86
-32.86
-32.86
-32.86
-32.86
-32.86
-32.86
-32.86
-32.86
-32.86
-32.86
-32.86
-32.86
-32.86
-32.86
-32.86
-32.86
-32.86
-32.86
-32.86
-32.86
-32.86
-32.86
-32.86
-32.86
-32.86
-32.86
-32.86
-32.86
-32.86
-32.86
-32.86
-32.86
-32.86
-32.86
-32.86
-32.86
-32.86
-32.86
-32.86
-32.86
-32.86
-32.86
-32.86
-32.86
-32.86
-32.86
-32.86
-32.86
-32.86
-32.86
-32.86
-32.86
-32.86
-32.86
-32.86
-32.86
-32.86
-32.86
-32.86
-32.86
-32.86
-32.86
-32.86
-32.86
-32.86
-32.86
-32.86
-32.86
-32.86
-32.86
-32.86
-32.86
-32.86
-32.86
-32.86
-32.86
-32.86
-32.86
-32.86
-32.86
-32.86
-32.86
-32.86
-32.86
-32.86
-32.86
-32.86
-32.86
-32.86
-32.86
-32.86
-32.86
-32.86
-32.86
-32.86
-32.86
-32.86
-32.86
-32.86
-32.86
-32.86
-32.86
-32.86
-32.86
-32.86
-32.86
-32.86
-32.86
-32.86
-32.86
-32.86
-32.86
-32.86
-32.86
-32.86
-32.86
-32.86
-32.86
-32.86
-32.86
-32.86
-32.86
-32.86
-32.86
-32.86
-32.86
-32.86
-32.86
-32.86
-32.86
-32.86
-32.86
-32.83602687824038
-32.80929091627043
-32.78410191579855
-32.75985272167924
-32.73674060650537
-32.71483170287
-32.6942327283012
-32.6748517030804
-32.656529050258285
-32.63959114739411
-32.62401603629972
-32.609655549827686
-32.59649118182001
-32.584835741355135
-32.574694888559314
-32.565744765321405
-32.55808289033336
-32.55198954195119
-32.54746382577926
-32.544091627525894
-32.54213673243275
-32.54200217787795
-32.54327407064955
-32.54580723493612
-32.54982741678255
-32.55568959285449
-32.56278092253207
-32.57154148238145
-32.581563963853114
-32.593534906466836
-32.6068647421837
-32.621782583438346
-32.63812448799725
-32.65616151683046
-32.67586378759056
-32.69695029587725
-32.71969631225105
-32.74377844631068
-32.76934911060952
-32.7965667218423
-32.82560390350519
-32.86
-32.86
-32.86
-32.86
-32.86
-32.86
-32.86
-32.86
-32.86
-32.86
-32.86
-32.86
-32.86
-32.86
-32.86
-32.86
-32.86
-32.86
-32.86
-32.86
-32.86
-32.86
-32.86
-32.86
-32.86
-32.86
-32.86
-32.86
-32.86
-32.86
-32.86
-32.86
-32.86
-32.86
-32.86
-32.86
-32.86
-32.86
-32.86
-32.86
-32.86
-32.86
-32.86
-32.86
-32.86
-32.86
-32.86
-32.86
-32.86
-32.86
-32.86
-32.86
-32.86
-32.86
-32.86
-32.86
-32.86
-32.86
-32.86
-32.83602687824038
-32.80929091627043
-32.78410191579855
-32.75985272167924
-32.73674060650537
-32.71483170287
-32.6942327283012
-32.6748517030804
-32.656529050258285
-32.63959114739411
-32.62401603629972
-32.609655549827686
-32.59649118182001
-32.584835741355135
-32.574694888559314
-32.565744765321405
-32.55808289033336
-32.55198954195119
-32.54746382577926
-32.544091627525894
-32.54213673243275
-32.54200217787795
-32.54327407064955
-32.54580723493612
-32.54982741678255
-32.55568959285449
-32.56278092253207
-32.57154148238145
-32.581563963853114
-32.593534906466836
-32.6068647421837
-32.621782583438346
-32.63812448799725
-32.65616151683046
-32.67586378759056
-32.69695029587725
-32.71969631225105
-32.74377844631068
-32.76934911060952
-32.7965667218423
-32.82560390350519
-32.86
-32.86
-32.86
-32.86
-32.86
-32.86
-32.86
-32.86
-32.86
-32.86
-32.86
-32.86
-32.86
-32.86
-32.86
-32.86
-32.86
-32.86
-32.86
-32.86
-32.86
-32.86
-32.86
-32.86
-32.86
-32.86
-32.86
-32.86
-32.86
-32.86
-32.86
-32.86
-32.86
-32.86
-32.86
-32.86
-32.86
-32.86
-32.86
-32.86
-32.86
-32.86
-32.86
-32.86
-32.86
-32.86
-32.86
-32.86
-32.86
-32.86
-32.86
-32.86
-32.86
-32.86
-32.86
-32.86
-32.86
-32.86
-32.86
-32.86
-32.86
-32.86
-32.86
-32.86
-32.86
-32.86
-32.86
-32.86
-32.86
-32.86
-32.86
-32.86
-32.86
-32.86
-32.86
-32.86
-32.86
-32.86
-32.86
-32.86
-32.86
-32.86
-32.86
-32.86
-32.86
-32.86
-32.86
-32.86
-32.86
-32.86
-32.86
-32.86
-32.86
-32.86
-32.86
-32.86
-32.86
-32.86
-32.86
-32.86
-32.86
-32.86
-32.86
-32.86
-32.86
-32.86
-32.86
-32.86
-32.86
-32.86
-32.86
-32.86
-32.86
-32.86
-32.86
-32.86
-32.86
-32.86
-32.86
-32.86
-32.86
-32.86
-32.86
-32.86
-32.86
-32.86
-32.86
-32.86
-32.86
-32.86
-32.86
-32.86
-32.86
-32.86
-32.86
-32.86
-32.86
-32.86
-32.86
-32.86
-32.86
-32.86
-32.86
-32.86
-32.86
-32.86
-32.86
-32.86
-32.86
-32.86
-32.86
-32.86
-32.86
-32.86
-32.86
-32.86
-32.86
-32.86
-32.858738305398404
-32.83018389658036
-32.803361205870004
-32.778011593056
-32.75360310490617
-32.73025687223772
-32.708126854113594
-32.687375134517005
-32.66760742528458
-32.64903237440015
-32.6318110391227
-32.6159968007717
-32.601169937260295
-32.58776361718459
-32.57584982444212
-32.5651483073486
-32.55593814900068
-32.547837019157804
-32.541405703615844
-32.53639675017416
-32.53271839664783
-32.53024136038798
-32.52964316238479
-32.53056863493961
-32.532660255648786
-32.53614453812837
-32.54155567188797
-32.548404906838144
-32.55638336885229
-32.56628305738558
-32.57756549630454
-32.59061297669188
-32.604919038320645
-32.6209275945816
-32.638612841189094
-32.65768793573988
-32.67843081547726
-32.70061440718321
-32.72429919158079
-32.74966850366331
-32.77633039725869
-32.80487163584291
-32.835172327023606
-32.86
-32.86
-32.86
-32.86
-32.86
-32.86
-32.86
-32.86
-32.86
-32.86
-32.86
-32.86
-32.86
-32.86
-32.86
-32.86
-32.86
-32.86
-32.86
-32.86
-32.86
-32.86
-32.86
-32.86
-32.86
-32.86
-32.86
-32.86
-32.86
-32.86
-32.86
-32.86
-32.86
-32.86
-32.86
-32.86
-32.86
-32.86
-32.86
-32.86
-32.86
-32.86
-32.86
-32.86
-32.86
-32.86
-32.86
-32.86
-32.86
-32.86
-32.86
-32.86
-32.86
-32.86
-32.86
-32.86
-32.86
-32.858738305398404
-32.83018389658036
-32.803361205870004
-32.778011593056
-32.75360310490617
-32.73025687223772
-32.708126854113594
-32.687375134517005
-32.66760742528458
-32.64903237440015
-32.6318110391227
-32.6159968007717
-32.601169937260295
-32.58776361718459
-32.57584982444212
-32.5651483073486
-32.55593814900068
-32.547837019157804
-32.541405703615844
-32.53639675017416
-32.53271839664783
-32.53024136038798
-32.52964316238479
-32.53056863493961
-32.532660255648786
-32.53614453812837
-32.54155567188797
-32.548404906838144
-32.55638336885229
-32.56628305738558
-32.57756549630454
-32.59061297669188
-32.604919038320645
-32.6209275945816
-32.638612841189094
-32.65768793573988
-32.67843081547726
-32.70061440718321
-32.72429919158079
-32.74966850366331
-32.77633039725869
-32.80487163584291
-32.835172327023606
-32.86
-32.86
-32.86
-32.86
-32.86
-32.86
-32.86
-32.86
-32.86
-32.86
-32.86
-32.86
-32.86
-32.86
-32.86
-32.86
-32.86
-32.86
-32.86
-32.86
-32.86
-32.86
-32.86
-32.86
-32.86
-32.86
-32.86
-32.86
-32.86
-32.86
-32.86
-32.86
-32.86
-32.86
-32.86
-32.86
-32.86
-32.86
-32.86
-32.86
-32.86
-32.86
-32.86
-32.86
-32.86
-32.86
-32.86
-32.86
-32.86
-32.86
-32.86
-32.86
-32.86
-32.86
-32.86
-32.86
-32.86
-32.86
-32.86
-32.86
-32.86
-32.86
-32.86
-32.86
-32.86
-32.86
-32.86
-32.86
-32.86
-32.86
-32.86
-32.86
-32.86
-32.86
-32.86
-32.86
-32.86
-32.86
-32.86
-32.86
-32.86
-32.86
-32.86
-32.86
-32.86
-32.86
-32.86
-32.86
-32.86
-32.86
-32.86
-32.86
-32.86
-32.86
-32.86
-32.86
-32.86
-32.86
-32.86
-32.86
-32.86
-32.86
-32.86
-32.86
-32.86
-32.86
-32.86
-32.86
-32.86
-32.86
-32.86
-32.86
-32.86
-32.86
-32.86
-32.86
-32.86
-32.86
-32.86
-32.86
-32.86
-32.86
-32.86
-32.86
-32.86
-32.86
-32.86
-32.86
-32.86
-32.86
-32.86
-32.86
-32.86
-32.86
-32.86
-32.86
-32.86
-32.86
-32.86
-32.86
-32.86
-32.86
-32.86
-32.86
-32.86
-32.86
-32.86
-32.86
-32.86
-32.86
-32.86
-32.86
-32.86
-32.86
-32.86
-32.86
-32.86
-32.852904168513206
-32.82443028594102
-32.797431501130305
-32.771859778214505
-32.74733131576987
-32.72382632394046
-32.70147318917341
-32.68044127342906
-32.66048957396505
-32.6416516958066
-32.6241590179048
-32.60792623658456
-32.59297320564305
-32.57913650834326
-32.56683346566968
-32.55598334017853
-32.546143137779495
-32.53768901316829
-32.531058516819094
-32.5256185601974
-32.5213340895782
-32.518664067566384
-32.51781192003622
-32.51799805223804
-32.51970143199782
-32.52298446446578
-32.52793238822781
-32.534102357626104
-32.54195064327134
-32.551159159227026
-32.562257400064524
-32.57464606323512
-32.588623166506956
-32.60420276703177
-32.62134735678188
-32.640124452176664
-32.660174062304776
-32.68207172398326
-32.705571118498675
-32.73041260927222
-32.75668085893433
-32.784829660502716
-32.814604648882955
-32.84629466588969
-32.86
-32.86
-32.86
-32.86
-32.86
-32.86
-32.86
-32.86
-32.86
-32.86
-32.86
-32.86
-32.86
-32.86
-32.86
-32.86
-32.86
-32.86
-32.86
-32.86
-32.86
-32.86
-32.86
-32.86
-32.86
-32.86
-32.86
-32.86
-32.86
-32.86
-32.86
-32.86
-32.86
-32.86
-32.86
-32.86
-32.86
-32.86
-32.86
-32.86
-32.86
-32.86
-32.86
-32.86
-32.86
-32.86
-32.86
-32.86
-32.86
-32.86
-32.86
-32.86
-32.86
-32.86
-32.86
-32.86
-32.852904168513206
-32.82443028594102
-32.797431501130305
-32.771859778214505
-32.74733131576987
-32.72382632394046
-32.70147318917341
-32.68044127342906
-32.66048957396505
-32.6416516958066
-32.6241590179048
-32.60792623658456
-32.59297320564305
-32.57913650834326
-32.56683346566968
-32.55598334017853
-32.546143137779495
-32.53768901316829
-32.531058516819094
-32.5256185601974
-32.5213340895782
-32.518664067566384
-32.51781192003622
-32.51799805223804
-32.51970143199782
-32.52298446446578
-32.52793238822781
-32.534102357626104
-32.54195064327134
-32.551159159227026
-32.562257400064524
-32.57464606323512
-32.588623166506956
-32.60420276703177
-32.62134735678188
-32.640124452176664
-32.660174062304776
-32.68207172398326
-32.705571118498675
-32.73041260927222
-32.75668085893433
-32.784829660502716
-32.814604648882955
-32.84629466588969
-32.86
-32.86
-32.86
-32.86
-32.86
-32.86
-32.86
-32.86
-32.86
-32.86
-32.86
-32.86
-32.86
-32.86
-32.86
-32.86
-32.86
-32.86
-32.86
-32.86
-32.86
-32.86
-32.86
-32.86
-32.86
-32.86
-32.86
-32.86
-32.86
-32.86
-32.86
-32.86
-32.86
-32.86
-32.86
-32.86
-32.86
-32.86
-32.86
-32.86
-32.86
-32.86
-32.86
-32.86
-32.86
-32.86
-32.86
-32.86
-32.86
-32.86
-32.86
-32.86
-32.86
-32.86
-32.86
-32.86
-32.86
-32.86
-32.86
-32.86
-32.86
-32.86
-32.86
-32.86
-32.86
-32.86
-32.86
-32.86
-32.86
-32.86
-32.86
-32.86
-32.86
-32.86
-32.86
-32.86
-32.86
-32.86
-32.86
-32.86
-32.86
-32.86
-32.86
-32.86
-32.86
-32.86
-32.86
-32.86
-32.86
-32.86
-32.86
-32.86
-32.86
-32.86
-32.86
-32.86
-32.86
-32.86
-32.86
-32.86
-32.86
-32.86
-32.86
-32.86
-32.86
-32.86
-32.86
-32.86
-32.86
-32.86
-32.86
-32.86
-32.86
-32.86
-32.86
-32.86
-32.86
-32.86
-32.86
-32.86
-32.86
-32.86
-32.86
-32.86
-32.86
-32.86
-32.86
-32.86
-32.86
-32.86
-32.86
-32.86
-32.86
-32.86
-32.86
-32.86
-32.86
-32.86
-32.86
-32.86
-32.86
-32.86
-32.86
-32.86
-32.86
-32.86
-32.86
-32.86
-32.86
-32.86
-32.86
-32.86
-32.86
-32.86
-32.86
-32.86
-32.847025705109786
-32.81854352405217
-32.79148052346336
-32.76581103506897
-32.74104899503798
-32.7173580962606
-32.69485573356988
-32.67355854990963
-32.65339473857617
-32.634194178589695
-32.61643754328062
-32.6001066866541
-32.58468293078116
-32.57065756779224
-32.55804419191357
-32.54670054674907
-32.5366317495046
-32.527939991873026
-32.520765109355516
-32.514910356863524
-32.51040096462139
-32.507397271063574
-32.5058696077311
-32.50584525090067
-32.507125613013905
-32.50998721127814
-32.5144398202887
-32.520329241325506
-32.52752035118726
-32.53664640608966
-32.54712843060644
-32.55914015598494
-32.57262858003231
-32.58781820404804
-32.60464323271768
-32.62287984353063
-32.642557967458785
-32.66414480728644
-32.68712969603954
-32.71145163709077
-32.73758801781063
-32.765504091635904
-32.7947971043821
-32.8257387758686
-32.86
-32.86
-32.86
-32.86
-32.86
-32.86
-32.86
-32.86
-32.86
-32.86
-32.86
-32.86
-32.86
-32.86
-32.86
-32.86
-32.86
-32.86
-32.86
-32.86
-32.86
-32.86
-32.86
-32.86
-32.86
-32.86
-32.86
-32.86
-32.86
-32.86
-32.86
-32.86
-32.86
-32.86
-32.86
-32.86
-32.86
-32.86
-32.86
-32.86
-32.86
-32.86
-32.86
-32.86
-32.86
-32.86
-32.86
-32.86
-32.86
-32.86
-32.86
-32.86
-32.86
-32.86
-32.86
-32.86
-32.847025705109786
-32.81854352405217
-32.79148052346336
-32.76581103506897
-32.74104899503798
-32.7173580962606
-32.69485573356988
-32.67355854990963
-32.65339473857617
-32.634194178589695
-32.61643754328062
-32.6001066866541
-32.58468293078116
-32.57065756779224
-32.55804419191357
-32.54670054674907
-32.5366317495046
-32.527939991873026
-32.520765109355516
-32.514910356863524
-32.51040096462139
-32.507397271063574
-32.5058696077311
-32.50584525090067
-32.507125613013905
-32.50998721127814
-32.5144398202887
-32.520329241325506
-32.52752035118726
-32.53664640608966
-32.54712843060644
-32.55914015598494
-32.57262858003231
-32.58781820404804
-32.60464323271768
-32.62287984353063
-32.642557967458785
-32.66414480728644
-32.68712969603954
-32.71145163709077
-32.73758801781063
-32.765504091635904
-32.7947971043821
-32.8257387758686
-32.86
-32.86
-32.86
-32.86
-32.86
-32.86
-32.86
-32.86
-32.86
-32.86
-32.86
-32.86
-32.86
-32.86
-32.86
-32.86
-32.86
-32.86
-32.86
-32.86
-32.86
-32.86
-32.86
-32.86
-32.86
-32.86
-32.86
-32.86
-32.86
-32.86
-32.86
-32.86
-32.86
-32.86
-32.86
-32.86
-32.86
-32.86
-32.86
-32.86
-32.86
-32.86
-32.86
-32.86
-32.86
-32.86
-32.86
-32.86
-32.86
-32.86
-32.86
-32.86
-32.86
-32.86
-32.86
-32.86
-32.86
-32.86
-32.86
-32.86
-32.86
-32.86
-32.86
-32.86
-32.86
-32.86
-32.86
-32.86
-32.86
-32.86
-32.86
-32.86
-32.86
-32.86
-32.86
-32.86
-32.86
-32.86
-32.86
-32.86
-32.86
-32.86
-32.86
-32.86
-32.86
-32.86
-32.86
-32.86
-32.86
-32.86
-32.86
-32.86
-32.86
-32.86
-32.86
-32.86
-32.86
-32.86
-32.86
-32.86
-32.86
-32.86
-32.86
-32.86
-32.86
-32.86
-32.86
-32.86
-32.86
-32.86
-32.86
-32.86
-32.86
-32.86
-32.86
-32.86
-32.86
-32.86
-32.86
-32.86
-32.86
-32.86
-32.86
-32.86
-32.86
-32.86
-32.86
-32.86
-32.86
-32.86
-32.86
-32.86
-32.86
-32.86
-32.86
-32.86
-32.86
-32.86
-32.86
-32.86
-32.86
-32.86
-32.86
-32.86
-32.86
-32.86
-32.86
-32.86
-32.86
-32.86
-32.86
-32.86
-32.86
-32.86
-32.86
-32.86
-32.84112914054141
-32.81268371588943
-32.78555081306293
-32.759723291459636
-32.734890442971356
-32.7109704058002
-32.68819529516429
-32.6668053355372
-32.64626914140348
-32.62702479832948
-32.608979287733575
-32.59221363229266
-32.576714776749725
-32.562267996274414
-32.54931734547653
-32.537784197164406
-32.52724237198434
-32.51826783388454
-32.51079490180477
-32.50454257930229
-32.49958756096178
-32.496255294967945
-32.49446048765504
-32.49386109271748
-32.49481852742383
-32.497357722277066
-32.50139672960966
-32.50669903980705
-32.513733395271
-32.52229632055254
-32.53248565289565
-32.54401367991635
-32.55709304096803
-32.57198005776161
-32.58837361197384
-32.606144897065974
-32.62557577006623
-32.64679534765183
-32.66935190072011
-32.69341182723744
-32.719286471819125
-32.746680072731245
-32.77545858707437
-32.80614013094879
-32.83902166147585
-32.86
-32.86
-32.86
-32.86
-32.86
-32.86
-32.86
-32.86
-32.86
-32.86
-32.86
-32.86
-32.86
-32.86
-32.86
-32.86
-32.86
-32.86
-32.86
-32.86
-32.86
-32.86
-32.86
-32.86
-32.86
-32.86
-32.86
-32.86
-32.86
-32.86
-32.86
-32.86
-32.86
-32.86
-32.86
-32.86
-32.86
-32.86
-32.86
-32.86
-32.86
-32.86
-32.86
-32.86
-32.86
-32.86
-32.86
-32.86
-32.86
-32.86
-32.86
-32.86
-32.86
-32.86
-32.86
-32.84112914054141
-32.81268371588943
-32.78555081306293
-32.759723291459636
-32.734890442971356
-32.7109704058002
-32.68819529516429
-32.6668053355372
-32.64626914140348
-32.62702479832948
-32.608979287733575
-32.59221363229266
-32.576714776749725
-32.562267996274414
-32.54931734547653
-32.537784197164406
-32.52724237198434
-32.51826783388454
-32.51079490180477
-32.50454257930229
-32.49958756096178
-32.496255294967945
-32.49446048765504
-32.49386109271748
-32.49481852742383
-32.497357722277066
-32.50139672960966
-32.50669903980705
-32.513733395271
-32.52229632055254
-32.53248565289565
-32.54401367991635
-32.55709304096803
-32.57198005776161
-32.58837361197384
-32.606144897065974
-32.62557577006623
-32.64679534765183
-32.66935190072011
-32.69341182723744
-32.719286471819125
-32.746680072731245
-32.77545858707437
-32.80614013094879
-32.83902166147585
-32.86
-32.86
-32.86
-32.86
-32.86
-32.86
-32.86
-32.86
-32.86
-32.86
-32.86
-32.86
-32.86
-32.86
-32.86
-32.86
-32.86
-32.86
-32.86
-32.86
-32.86
-32.86
-32.86
-32.86
-32.86
-32.86
-32.86
-32.86
-32.86
-32.86
-32.86
-32.86
-32.86
-32.86
-32.86
-32.86
-32.86
-32.86
-32.86
-32.86
-32.86
-32.86
-32.86
-32.86
-32.86
-32.86
-32.86
-32.86
-32.86
-32.86
-32.86
-32.86
-32.86
-32.86
-32.86
-32.86
-32.86
-32.86
-32.86
-32.86
-32.86
-32.86
-32.86
-32.86
-32.86
-32.86
-32.86
-32.86
-32.86
-32.86
-32.86
-32.86
-32.86
-32.86
-32.86
-32.86
-32.86
-32.86
-32.86
-32.86
-32.86
-32.86
-32.86
-32.86
-32.86
-32.86
-32.86
-32.86
-32.86
-32.86
-32.86
-32.86
-32.86
-32.86
-32.86
-32.86
-32.86
-32.86
-32.86
-32.86
-32.86
-32.86
-32.86
-32.86
-32.86
-32.86
-32.86
-32.86
-32.86
-32.86
-32.86
-32.86
-32.86
-32.86
-32.86
-32.86
-32.86
-32.86
-32.86
-32.86
-32.86
-32.86
-32.86
-32.86
-32.86
-32.86
-32.86
-32.86
-32.86
-32.86
-32.86
-32.86
-32.86
-32.86
-32.86
-32.86
-32.86
-32.86
-32.86
-32.86
-32.86
-32.86
-32.86
-32.86
-32.86
-32.86
-32.86
-32.86
-32.86
-32.86
-32.86
-32.86
-32.86
-32.86
-32.86
-32.83529711236868
-32.8068774860853
-32.779679379833965
-32.75372995312199
-32.72867000837747
-32.70461395016496
-32.681653771558395
-32.65997746834996
-32.63943769540778
-32.61982754377058
-32.601480757332
-32.58460759935651
-32.5687188355582
-32.55401530450398
-32.54092253099738
-32.52887228002625
-32.51803622002047
-32.50885591469817
-32.500943866480526
-32.494322895942894
-32.48909493478164
-32.48541223241835
-32.48305297552411
-32.48218525017992
-32.4828088934826
-32.484898308688926
-32.488547254462546
-32.49355709440669
-32.50010855482297
-32.50849520711624
-32.518128212263775
-32.529334153119166
-32.542052354967254
-32.55659390030676
-32.57254557842539
-32.589976395200004
-32.60910812116589
-32.62986992630063
-32.65196757643125
-32.67583636689158
-32.70138772707723
-32.728217643016734
-32.75678354490775
-32.787294905700676
-32.81951908309207
-32.86
-32.86
-32.86
-32.86
-32.86
-32.86
-32.86
-32.86
-32.86
-32.86
-32.86
-32.86
-32.86
-32.86
-32.86
-32.86
-32.86
-32.86
-32.86
-32.86
-32.86
-32.86
-32.86
-32.86
-32.86
-32.86
-32.86
-32.86
-32.86
-32.86
-32.86
-32.86
-32.86
-32.86
-32.86
-32.86
-32.86
-32.86
-32.86
-32.86
-32.86
-32.86
-32.86
-32.86
-32.86
-32.86
-32.86
-32.86
-32.86
-32.86
-32.86
-32.86
-32.86
-32.86
-32.86
-32.83529711236868
-32.8068774860853
-32.779679379833965
-32.75372995312199
-32.72867000837747
-32.70461395016496
-32.681653771558395
-32.65997746834996
-32.63943769540778
-32.61982754377058
-32.601480757332
-32.58460759935651
-32.5687188355582
-32.55401530450398
-32.54092253099738
-32.52887228002625
-32.51803622002047
-32.50885591469817
-32.500943866480526
-32.494322895942894
-32.48909493478164
-32.48541223241835
-32.48305297552411
-32.48218525017992
-32.4828088934826
-32.484898308688926
-32.488547254462546
-32.49355709440669
-32.50010855482297
-32.50849520711624
-32.518128212263775
-32.529334153119166
-32.542052354967254
-32.55659390030676
-32.57254557842539
-32.589976395200004
-32.60910812116589
-32.62986992630063
-32.65196757643125
-32.67583636689158
-32.70138772707723
-32.728217643016734
-32.75678354490775
-32.787294905700676
-32.81951908309207
-32.86
-32.86
-32.86
-32.86
-32.86
-32.86
-32.86
-32.86
-32.86
-32.86
-32.86
-32.86
-32.86
-32.86
-32.86
-32.86
-32.86
-32.86
-32.86
-32.86
-32.86
-32.86
-32.86
-32.86
-32.86
-32.86
-32.86
-32.86
-32.86
-32.86
-32.86
-32.86
-32.86
-32.86
-32.86
-32.86
-32.86
-32.86
-32.86
-32.86
-32.86
-32.86
-32.86
-32.86
-32.86
-32.86
-32.86
-32.86
-32.86
-32.86
-32.86
-32.86
-32.86
-32.86
-32.86
-32.86
-32.86
-32.86
-32.86
-32.86
-32.86
-32.86
-32.86
-32.86
-32.86
-32.86
-32.86
-32.86
-32.86
-32.86
-32.86
-32.86
-32.86
-32.86
-32.86
-32.86
-32.86
-32.86
-32.86
-32.86
-32.86
-32.86
-32.86
-32.86
-32.86
-32.86
-32.86
-32.86
-32.86
-32.86
-32.86
-32.86
-32.86
-32.86
-32.86
-32.86
-32.86
-32.86
-32.86
-32.86
-32.86
-32.86
-32.86
-32.86
-32.86
-32.86
-32.86
-32.86
-32.86
-32.86
-32.86
-32.86
-32.86
-32.86
-32.86
-32.86
-32.86
-32.86
-32.86
-32.86
-32.86
-32.86
-32.86
-32.86
-32.86
-32.86
-32.86
-32.86
-32.86
-32.86
-32.86
-32.86
-32.86
-32.86
-32.86
-32.86
-32.86
-32.86
-32.86
-32.86
-32.86
-32.86
-32.86
-32.86
-32.86
-32.86
-32.86
-32.86
-32.86
-32.86
-32.86
-32.86
-32.86
-32.86
-32.85900211126283
-32.8294970733585
-32.80110341458612
-32.773782818253444
-32.74769745644822
-32.72260535438601
-32.69830770509296
-32.67519106227211
-32.653405456300575
-32.6324685628359
-32.612750312486604
-32.59425571363867
-32.57697478690322
-32.560874990494746
-32.54591813288255
-32.532454212133544
-32.52022524816647
-32.509085694340115
-32.499508309048466
-32.49133253621575
-32.4843858762087
-32.478749039900165
-32.47476058615461
-32.47221079535446
-32.47075615504732
-32.47104089232697
-32.47297384518584
-32.47614678568316
-32.480592113888854
-32.48708828204022
-32.49488354847699
-32.504251929514396
-32.51505341062468
-32.527551666701235
-32.541665715633904
-32.55712717863874
-32.574226214340634
-32.593171687901986
-32.61344331284358
-32.63510008155473
-32.658915128743146
-32.68407744541288
-32.71060874911078
-32.73896011547667
-32.76901311659589
-32.80053157891691
-32.83364503295861
-32.86
-32.86
-32.86
-32.86
-32.86
-32.86
-32.86
-32.86
-32.86
-32.86
-32.86
-32.86
-32.86
-32.86
-32.86
-32.86
-32.86
-32.86
-32.86
-32.86
-32.86
-32.86
-32.86
-32.86
-32.86
-32.86
-32.86
-32.86
-32.86
-32.86
-32.86
-32.86
-32.86
-32.86
-32.86
-32.86
-32.86
-32.86
-32.86
-32.86
-32.86
-32.86
-32.86
-32.86
-32.86
-32.86
-32.86
-32.86
-32.86
-32.86
-32.86
-32.86
-32.86
-32.85900211126283
-32.8294970733585
-32.80110341458612
-32.773782818253444
-32.74769745644822
-32.72260535438601
-32.69830770509296
-32.67519106227211
-32.653405456300575
-32.6324685628359
-32.612750312486604
-32.59425571363867
-32.57697478690322
-32.560874990494746
-32.54591813288255
-32.532454212133544
-32.52022524816647
-32.509085694340115
-32.499508309048466
-32.49133253621575
-32.4843858762087
-32.478749039900165
-32.47476058615461
-32.47221079535446
-32.47075615504732
-32.47104089232697
-32.47297384518584
-32.47614678568316
-32.480592113888854
-32.48708828204022
-32.49488354847699
-32.504251929514396
-32.51505341062468
-32.527551666701235
-32.541665715633904
-32.55712717863874
-32.574226214340634
-32.593171687901986
-32.61344331284358
-32.63510008155473
-32.658915128743146
-32.68407744541288
-32.71060874911078
-32.73896011547667
-32.76901311659589
-32.80053157891691
-32.83364503295861
-32.86
-32.86
-32.86
-32.86
-32.86
-32.86
-32.86
-32.86
-32.86
-32.86
-32.86
-32.86
-32.86
-32.86
-32.86
-32.86
-32.86
-32.86
-32.86
-32.86
-32.86
-32.86
-32.86
-32.86
-32.86
-32.86
-32.86
-32.86
-32.86
-32.86
-32.86
-32.86
-32.86
-32.86
-32.86
-32.86
-32.86
-32.86
-32.86
-32.86
-32.86
-32.86
-32.86
-32.86
-32.86
-32.86
-32.86
-32.86
-32.86
-32.86
-32.86
-32.86
-32.86
-32.86
-32.86
-32.86
-32.86
-32.86
-32.86
-32.86
-32.86
-32.86
-32.86
-32.86
-32.86
-32.86
-32.86
-32.86
-32.86
-32.86
-32.86
-32.86
-32.86
-32.86
-32.86
-32.86
-32.86
-32.86
-32.86
-32.86
-32.86
-32.86
-32.86
-32.86
-32.86
-32.86
-32.86
-32.86
-32.86
-32.86
-32.86
-32.86
-32.86
-32.86
-32.86
-32.86
-32.86
-32.86
-32.86
-32.86
-32.86
-32.86
-32.86
-32.86
-32.86
-32.86
-32.86
-32.86
-32.86
-32.86
-32.86
-32.86
-32.86
-32.86
-32.86
-32.86
-32.86
-32.86
-32.86
-32.86
-32.86
-32.86
-32.86
-32.86
-32.86
-32.86
-32.86
-32.86
-32.86
-32.86
-32.86
-32.86
-32.86
-32.86
-32.86
-32.86
-32.86
-32.86
-32.86
-32.86
-32.86
-32.86
-32.86
-32.86
-32.86
-32.86
-32.86
-32.86
-32.86
-32.86
-32.86
-32.86
-32.86
-32.853325552648855
-32.823826100865624
-32.79544384417346
-32.76797742246279
-32.741805331605235
-32.716470720186734
-32.692124855540875
-32.66879257868136
-32.64673163234048
-32.625826868675624
-32.605797082871135
-32.58699958721705
-32.56957897687675
-32.5531024819295
-32.537946217002876
-32.52431963760306
-32.51168166402819
-32.500250707397036
-32.490506067795316
-32.481905141441274
-32.474498979774886
-32.46871721014246
-32.46449774576338
-32.46134889008274
-32.459614296521515
-32.45977456337428
-32.461164404438605
-32.46398073156169
-32.46830172140947
-32.474234032824405
-32.48184976365143
-32.490684116046005
-32.501155118393875
-32.51344530951137
-32.52710130944585
-32.54200679257393
-32.55920295410238
-32.57759935427614
-32.597385312368196
-32.619116484830855
-32.642458891422315
-32.667168579552595
-32.69338171738874
-32.72153271228844
-32.75124649207149
-32.78238140125593
-32.81565132677844
-32.86
-32.86
-32.86
-32.86
-32.86
-32.86
-32.86
-32.86
-32.86
-32.86
-32.86
-32.86
-32.86
-32.86
-32.86
-32.86
-32.86
-32.86
-32.86
-32.86
-32.86
-32.86
-32.86
-32.86
-32.86
-32.86
-32.86
-32.86
-32.86
-32.86
-32.86
-32.86
-32.86
-32.86
-32.86
-32.86
-32.86
-32.86
-32.86
-32.86
-32.86
-32.86
-32.86
-32.86
-32.86
-32.86
-32.86
-32.86
-32.86
-32.86
-32.86
-32.86
-32.86
-32.853325552648855
-32.823826100865624
-32.79544384417346
-32.76797742246279
-32.741805331605235
-32.716470720186734
-32.692124855540875
-32.66879257868136
-32.64673163234048
-32.625826868675624
-32.605797082871135
-32.58699958721705
-32.56957897687675
-32.5531024819295
-32.537946217002876
-32.52431963760306
-32.51168166402819
-32.500250707397036
-32.490506067795316
-32.481905141441274
-32.474498979774886
-32.46871721014246
-32.46449774576338
-32.46134889008274
-32.459614296521515
-32.45977456337428
-32.461164404438605
-32.46398073156169
-32.46830172140947
-32.474234032824405
-32.48184976365143
-32.490684116046005
-32.501155118393875
-32.51344530951137
-32.52710130944585
-32.54200679257393
-32.55920295410238
-32.57759935427614
-32.597385312368196
-32.619116484830855
-32.642458891422315
-32.667168579552595
-32.69338171738874
-32.72153271228844
-32.75124649207149
-32.78238140125593
-32.81565132677844
-32.86
-32.86
-32.86
-32.86
-32.86
-32.86
-32.86
-32.86
-32.86
-32.86
-32.86
-32.86
-32.86
-32.86
-32.86
-32.86
-32.86
-32.86
-32.86
-32.86
-32.86
-32.86
-32.86
-32.86
-32.86
-32.86
-32.86
-32.86
-32.86
-32.86
-32.86
-32.86
-32.86
-32.86
-32.86
-32.86
-32.86
-32.86
-32.86
-32.86
-32.86
-32.86
-32.86
-32.86
-32.86
-32.86
-32.86
-32.86
-32.86
-32.86
-32.86
-32.86
-32.86
-32.86
-32.86
-32.86
-32.86
-32.86
-32.86
-32.86
-32.86
-32.86
-32.86
-32.86
-32.86
-32.86
-32.86
-32.86
-32.86
-32.86
-32.86
-32.86
-32.86
-32.86
-32.86
-32.86
-32.86
-32.86
-32.86
-32.86
-32.86
-32.86
-32.86
-32.86
-32.86
-32.86
-32.86
-32.86
-32.86
-32.86
-32.86
-32.86
-32.86
-32.86
-32.86
-32.86
-32.86
-32.86
-32.86
-32.86
-32.86
-32.86
-32.86
-32.86
-32.86
-32.86
-32.86
-32.86
-32.86
-32.86
-32.86
-32.86
-32.86
-32.86
-32.86
-32.86
-32.86
-32.86
-32.86
-32.86
-32.86
-32.86
-32.86
-32.86
-32.86
-32.86
-32.86
-32.86
-32.86
-32.86
-32.86
-32.86
-32.86
-32.86
-32.86
-32.86
-32.86
-32.86
-32.86
-32.86
-32.86
-32.86
-32.86
-32.86
-32.86
-32.86
-32.86
-32.86
-32.86
-32.86
-32.86
-32.86
-32.86
-32.84781187947179
-32.81824949558542
-32.7897934638087
-32.76228110391318
-32.73590417461337
-32.710525784892944
-32.68594351731906
-32.66244256032914
-32.640329384080815
-32.61910090717606
-32.598901417597475
-32.58000424159671
-32.562229366161596
-32.545539594073496
-32.53022291462776
-32.516204429264775
-32.50333848697607
-32.49173553372649
-32.48159288873505
-32.47269646226715
-32.465067913782974
-32.45892637750708
-32.45426033883076
-32.4509734205278
-32.448815406764936
-32.44857977141739
-32.449773925290145
-32.45222748478932
-32.456241633463065
-32.461961375029716
-32.469064595799
-32.47745248104393
-32.48788363491159
-32.49968587699324
-32.51284091786279
-32.52780855127121
-32.54449072866279
-32.56247585728555
-32.582191334688225
-32.60347223233138
-32.62636403469417
-32.65066781460338
-32.67699321381615
-32.70485786539291
-32.73417204122378
-32.76518232049007
-32.798143494245274
-32.833239511336195
-32.86
-32.86
-32.86
-32.86
-32.86
-32.86
-32.86
-32.86
-32.86
-32.86
-32.86
-32.86
-32.86
-32.86
-32.86
-32.86
-32.86
-32.86
-32.86
-32.86
-32.86
-32.86
-32.86
-32.86
-32.86
-32.86
-32.86
-32.86
-32.86
-32.86
-32.86
-32.86
-32.86
-32.86
-32.86
-32.86
-32.86
-32.86
-32.86
-32.86
-32.86
-32.86
-32.86
-32.86
-32.86
-32.86
-32.86
-32.86
-32.86
-32.86
-32.86
-32.86
-32.84781187947179
-32.81824949558542
-32.7897934638087
-32.76228110391318
-32.73590417461337
-32.710525784892944
-32.68594351731906
-32.66244256032914
-32.640329384080815
-32.61910090717606
-32.598901417597475
-32.58000424159671
-32.562229366161596
-32.545539594073496
-32.53022291462776
-32.516204429264775
-32.50333848697607
-32.49173553372649
-32.48159288873505
-32.47269646226715
-32.465067913782974
-32.45892637750708
-32.45426033883076
-32.4509734205278
-32.448815406764936
-32.44857977141739
-32.449773925290145
-32.45222748478932
-32.456241633463065
-32.461961375029716
-32.469064595799
-32.47745248104393
-32.48788363491159
-32.49968587699324
-32.51284091786279
-32.52780855127121
-32.54449072866279
-32.56247585728555
-32.582191334688225
-32.60347223233138
-32.62636403469417
-32.65066781460338
-32.67699321381615
-32.70485786539291
-32.73417204122378
-32.76518232049007
-32.798143494245274
-32.833239511336195
-32.86
-32.86
-32.86
-32.86
-32.86
-32.86
-32.86
-32.86
-32.86
-32.86
-32.86
-32.86
-32.86
-32.86
-32.86
-32.86
-32.86
-32.86
-32.86
-32.86
-32.86
-32.86
-32.86
-32.86
-32.86
-32.86
-32.86
-32.86
-32.86
-32.86
-32.86
-32.86
-32.86
-32.86
-32.86
-32.86
-32.86
-32.86
-32.86
-32.86
-32.86
-32.86
-32.86
-32.86
-32.86
-32.86
-32.86
-32.86
-32.86
-32.86
-32.86
-32.86
-32.86
-32.86
-32.86
-32.86
-32.86
-32.86
-32.86
-32.86
-32.86
-32.86
-32.86
-32.86
-32.86
-32.86
-32.86
-32.86
-32.86
-32.86
-32.86
-32.86
-32.86
-32.86
-32.86
-32.86
-32.86
-32.86
-32.86
-32.86
-32.86
-32.86
-32.86
-32.86
-32.86
-32.86
-32.86
-32.86
-32.86
-32.86
-32.86
-32.86
-32.86
-32.86
-32.86
-32.86
-32.86
-32.86
-32.86
-32.86
-32.86
-32.86
-32.86
-32.86
-32.86
-32.86
-32.86
-32.86
-32.86
-32.86
-32.86
-32.86
-32.86
-32.86
-32.86
-32.86
-32.86
-32.86
-32.86
-32.86
-32.86
-32.86
-32.86
-32.86
-32.86
-32.86
-32.86
-32.86
-32.86
-32.86
-32.86
-32.86
-32.86
-32.86
-32.86
-32.86
-32.86
-32.86
-32.86
-32.86
-32.86
-32.86
-32.86
-32.86
-32.86
-32.86
-32.86
-32.86
-32.86
-32.86
-32.86
-32.86
-32.84230280098297
-32.81277861051886
-32.784275035161485
-32.756591807093855
-32.73013636362851
-32.70451788999764
-32.67992021256035
-32.65633629862056
-32.63390126460523
-32.61254604158402
-32.592167070459034
-32.57303132300968
-32.55512811277107
-32.53815848273558
-32.52258717885647
-32.50839900284894
-32.49516339497699
-32.483315096735446
-32.47298720321357
-32.463766756492795
-32.45567392202409
-32.44938561925918
-32.44450879503804
-32.44072710634434
-32.43828564016098
-32.43787762568238
-32.43861326775723
-32.44071007921219
-32.44464872494719
-32.449980283737894
-32.45647384842855
-32.46483326536698
-32.474883735008284
-32.48631089990359
-32.49926867163101
-32.51389511312072
-32.530191957905174
-32.54784973863619
-32.567152051573665
-32.588441589221105
-32.6109898223913
-32.63503295305154
-32.66106221401986
-32.688597722826465
-32.71749356829001
-32.74837353098042
-32.78127540717921
-32.815443252218124
-32.86
-32.86
-32.86
-32.86
-32.86
-32.86
-32.86
-32.86
-32.86
-32.86
-32.86
-32.86
-32.86
-32.86
-32.86
-32.86
-32.86
-32.86
-32.86
-32.86
-32.86
-32.86
-32.86
-32.86
-32.86
-32.86
-32.86
-32.86
-32.86
-32.86
-32.86
-32.86
-32.86
-32.86
-32.86
-32.86
-32.86
-32.86
-32.86
-32.86
-32.86
-32.86
-32.86
-32.86
-32.86
-32.86
-32.86
-32.86
-32.86
-32.86
-32.86
-32.86
-32.84230280098297
-32.81277861051886
-32.784275035161485
-32.756591807093855
-32.73013636362851
-32.70451788999764
-32.67992021256035
-32.65633629862056
-32.63390126460523
-32.61254604158402
-32.592167070459034
-32.57303132300968
-32.55512811277107
-32.53815848273558
-32.52258717885647
-32.50839900284894
-32.49516339497699
-32.483315096735446
-32.47298720321357
-32.463766756492795
-32.45567392202409
-32.44938561925918
-32.44450879503804
-32.44072710634434
-32.43828564016098
-32.43787762568238
-32.43861326775723
-32.44071007921219
-32.44464872494719
-32.449980283737894
-32.45647384842855
-32.46483326536698
-32.474883735008284
-32.48631089990359
-32.49926867163101
-32.51389511312072
-32.530191957905174
-32.54784973863619
-32.567152051573665
-32.588441589221105
-32.6109898223913
-32.63503295305154
-32.66106221401986
-32.688597722826465
-32.71749356829001
-32.74837353098042
-32.78127540717921
-32.815443252218124
-32.86
-32.86
-32.86
-32.86
-32.86
-32.86
-32.86
-32.86
-32.86
-32.86
-32.86
-32.86
-32.86
-32.86
-32.86
-32.86
-32.86
-32.86
-32.86
-32.86
-32.86
-32.86
-32.86
-32.86
-32.86
-32.86
-32.86
-32.86
-32.86
-32.86
-32.86
-32.86
-32.86
-32.86
-32.86
-32.86
-32.86
-32.86
-32.86
-32.86
-32.86
-32.86
-32.86
-32.86
-32.86
-32.86
-32.86
-32.86
-32.86
-32.86
-32.86
-32.86
-32.86
-32.86
-32.86
-32.86
-32.86
-32.86
-32.86
-32.86
-32.86
-32.86
-32.86
-32.86
-32.86
-32.86
-32.86
-32.86
-32.86
-32.86
-32.86
-32.86
-32.86
-32.86
-32.86
-32.86
-32.86
-32.86
-32.86
-32.86
-32.86
-32.86
-32.86
-32.86
-32.86
-32.86
-32.86
-32.86
-32.86
-32.86
-32.86
-32.86
-32.86
-32.86
-32.86
-32.86
-32.86
-32.86
-32.86
-32.86
-32.86
-32.86
-32.86
-32.86
-32.86
-32.86
-32.86
-32.86
-32.86
-32.86
-32.86
-32.86
-32.86
-32.86
-32.86
-32.86
-32.86
-32.86
-32.86
-32.86
-32.86
-32.86
-32.86
-32.86
-32.86
-32.86
-32.86
-32.86
-32.86
-32.86
-32.86
-32.86
-32.86
-32.86
-32.86
-32.86
-32.86
-32.86
-32.86
-32.86
-32.86
-32.86
-32.86
-32.86
-32.86
-32.86
-32.86
-32.86
-32.86
-32.86
-32.86
-32.86
-32.83697940682982
-32.80737225509995
-32.77879795449485
-32.75106934541147
-32.72438245203521
-32.69878238394676
-32.67394462627214
-32.65019112254816
-32.62771305025201
-32.60608360458477
-32.58553168319516
-32.56634134912285
-32.54808547177057
-32.53086235926055
-32.515234372426
-32.50066446002127
-32.48720677144196
-32.47519204394763
-32.46450018541179
-32.45500450924917
-32.44673908817295
-32.44014126830911
-32.434800810504136
-32.43081428473273
-32.42819992164896
-32.42733657824554
-32.42788108768279
-32.42967312319255
-32.43320781030971
-32.43822634153331
-32.444552653344495
-32.452653859824125
-32.462332206424854
-32.47336017102473
-32.48605147820423
-32.500577591520354
-32.51635449891929
-32.533583455396496
-32.55306348080194
-32.57381698843636
-32.595924489871294
-32.61989726721993
-32.64565305432394
-32.67276061151648
-32.70155988654737
-32.73250165489862
-32.76474579671018
-32.79864402117869
-32.835043948012455
-32.86
-32.86
-32.86
-32.86
-32.86
-32.86
-32.86
-32.86
-32.86
-32.86
-32.86
-32.86
-32.86
-32.86
-32.86
-32.86
-32.86
-32.86
-32.86
-32.86
-32.86
-32.86
-32.86
-32.86
-32.86
-32.86
-32.86
-32.86
-32.86
-32.86
-32.86
-32.86
-32.86
-32.86
-32.86
-32.86
-32.86
-32.86
-32.86
-32.86
-32.86
-32.86
-32.86
-32.86
-32.86
-32.86
-32.86
-32.86
-32.86
-32.86
-32.86
-32.83697940682982
-32.80737225509995
-32.77879795449485
-32.75106934541147
-32.72438245203521
-32.69878238394676
-32.67394462627214
-32.65019112254816
-32.62771305025201
-32.60608360458477
-32.58553168319516
-32.56634134912285
-32.54808547177057
-32.53086235926055
-32.515234372426
-32.50066446002127
-32.48720677144196
-32.47519204394763
-32.46450018541179
-32.45500450924917
-32.44673908817295
-32.44014126830911
-32.434800810504136
-32.43081428473273
-32.42819992164896
-32.42733657824554
-32.42788108768279
-32.42967312319255
-32.43320781030971
-32.43822634153331
-32.444552653344495
-32.452653859824125
-32.462332206424854
-32.47336017102473
-32.48605147820423
-32.500577591520354
-32.51635449891929
-32.533583455396496
-32.55306348080194
-32.57381698843636
-32.595924489871294
-32.61989726721993
-32.64565305432394
-32.67276061151648
-32.70155988654737
-32.73250165489862
-32.76474579671018
-32.79864402117869
-32.835043948012455
-32.86
-32.86
-32.86
-32.86
-32.86
-32.86
-32.86
-32.86
-32.86
-32.86
-32.86
-32.86
-32.86
-32.86
-32.86
-32.86
-32.86
-32.86
-32.86
-32.86
-32.86
-32.86
-32.86
-32.86
-32.86
-32.86
-32.86
-32.86
-32.86
-32.86
-32.86
-32.86
-32.86
-32.86
-32.86
-32.86
-32.86
-32.86
-32.86
-32.86
-32.86
-32.86
-32.86
-32.86
-32.86
-32.86
-32.86
-32.86
-32.86
-32.86
-32.86
-32.86
-32.86
-32.86
-32.86
-32.86
-32.86
-32.86
-32.86
-32.86
-32.86
-32.86
-32.86
-32.86
-32.86
-32.86
-32.86
-32.86
-32.86
-32.86
-32.86
-32.86
-32.86
-32.86
-32.86
-32.86
-32.86
-32.86
-32.86
-32.86
-32.86
-32.86
-32.86
-32.86
-32.86
-32.86
-32.86
-32.86
-32.86
-32.86
-32.86
-32.86
-32.86
-32.86
-32.86
-32.86
-32.86
-32.86
-32.86
-32.86
-32.86
-32.86
-32.86
-32.86
-32.86
-32.86
-32.86
-32.86
-32.86
-32.86
-32.86
-32.86
-32.86
-32.86
-32.86
-32.86
-32.86
-32.86
-32.86
-32.86
-32.86
-32.86
-32.86
-32.86
-32.86
-32.86
-32.86
-32.86
-32.86
-32.86
-32.86
-32.86
-32.86
-32.86
-32.86
-32.86
-32.86
-32.86
-32.86
-32.86
-32.86
-32.86
-32.86
-32.86
-32.86
-32.86
-32.86
-32.86
-32.86
-32.86
-32.86
-32.83165358369795
-32.80206242874339
-32.77335728000962
-32.74553750475832
-32.71884233075141
-32.69304688732915
-32.66808481628493
-32.64429681362679
-32.6215342899729
-32.59976245902948
-32.579082687959385
-32.55967163766838
-32.54129145070346
-32.52387737400551
-32.507900487194846
-32.49320971090722
-32.47951064832811
-32.46716843605396
-32.45630660921791
-32.446505201484044
-32.43785638499463
-32.43112833377826
-32.425594867216304
-32.421166005794085
-32.418291168420126
-32.41728859910376
-32.417398665846186
-32.418782255329134
-32.4222760284996
-32.4268419343405
-32.43285859339958
-32.44092758588769
-32.450239223691185
-32.46079921448086
-32.47346489615019
-32.48751815341013
-32.50299020972978
-32.52027835312147
-32.53923713836294
-32.55963334892176
-32.58165493796294
-32.60548986751518
-32.630847859748414
-32.65759897809154
-32.68634240346873
-32.716908991421086
-32.74845475840181
-32.78261279683812
-32.817915795144685
-32.86
-32.86
-32.86
-32.86
-32.86
-32.86
-32.86
-32.86
-32.86
-32.86
-32.86
-32.86
-32.86
-32.86
-32.86
-32.86
-32.86
-32.86
-32.86
-32.86
-32.86
-32.86
-32.86
-32.86
-32.86
-32.86
-32.86
-32.86
-32.86
-32.86
-32.86
-32.86
-32.86
-32.86
-32.86
-32.86
-32.86
-32.86
-32.86
-32.86
-32.86
-32.86
-32.86
-32.86
-32.86
-32.86
-32.86
-32.86
-32.86
-32.86
-32.86
-32.83165358369795
-32.80206242874339
-32.77335728000962
-32.74553750475832
-32.71884233075141
-32.69304688732915
-32.66808481628493
-32.64429681362679
-32.6215342899729
-32.59976245902948
-32.579082687959385
-32.55967163766838
-32.54129145070346
-32.52387737400551
-32.507900487194846
-32.49320971090722
-32.47951064832811
-32.46716843605396
-32.45630660921791
-32.446505201484044
-32.43785638499463
-32.43112833377826
-32.425594867216304
-32.421166005794085
-32.418291168420126
-32.41728859910376
-32.417398665846186
-32.418782255329134
-32.4222760284996
-32.4268419343405
-32.43285859339958
-32.44092758588769
-32.450239223691185
-32.46079921448086
-32.47346489615019
-32.48751815341013
-32.50299020972978
-32.52027835312147
-32.53923713836294
-32.55963334892176
-32.58165493796294
-32.60548986751518
-32.630847859748414
-32.65759897809154
-32.68634240346873
-32.716908991421086
-32.74845475840181
-32.78261279683812
-32.817915795144685
-32.86
-32.86
-32.86
-32.86
-32.86
-32.86
-32.86
-32.86
-32.86
-32.86
-32.86
-32.86
-32.86
-32.86
-32.86
-32.86
-32.86
-32.86
-32.86
-32.86
-32.86
-32.86
-32.86
-32.86
-32.86
-32.86
-32.86
-32.86
-32.86
-32.86
-32.86
-32.86
-32.86
-32.86
-32.86
-32.86
-32.86
-32.86
-32.86
-32.86
-32.86
-32.86
-32.86
-32.86
-32.86
-32.86
-32.86
-32.86
-32.86
-32.86
-32.86
-32.86
-32.86
-32.86
-32.86
-32.86
-32.86
-32.86
-32.86
-32.86
-32.86
-32.86
-32.86
-32.86
-32.86
-32.86
-32.86
-32.86
-32.86
-32.86
-32.86
-32.86
-32.86
-32.86
-32.86
-32.86
-32.86
-32.86
-32.86
-32.86
-32.86
-32.86
-32.86
-32.86
-32.86
-32.86
-32.86
-32.86
-32.86
-32.86
-32.86
-32.86
-32.86
-32.86
-32.86
-32.86
-32.86
-32.86
-32.86
-32.86
-32.86
-32.86
-32.86
-32.86
-32.86
-32.86
-32.86
-32.86
-32.86
-32.86
-32.86
-32.86
-32.86
-32.86
-32.86
-32.86
-32.86
-32.86
-32.86
-32.86
-32.86
-32.86
-32.86
-32.86
-32.86
-32.86
-32.86
-32.86
-32.86
-32.86
-32.86
-32.86
-32.86
-32.86
-32.86
-32.86
-32.86
-32.86
-32.86
-32.86
-32.86
-32.86
-32.86
-32.86
-32.86
-32.86
-32.86
-32.86
-32.86
-32.86
-32.85735255934608
-32.826349348447316
-32.79673660561153
-32.76803145687775
-32.74007189247383
-32.71332112160882
-32.68744514773176
-32.66236396022142
-32.63840970917792
-32.6155939499412
-32.59359399154438
-32.572656979916836
-32.55319730423877
-32.53455800687476
-32.51696607340426
-32.500935943590065
-32.485926201216
-32.47194764120155
-32.45948236137111
-32.44829412385738
-32.438203341393844
-32.42945797036235
-32.422398553243205
-32.41648356474244
-32.41190525705951
-32.40890968969938
-32.40741286986757
-32.407156692404456
-32.40854136409182
-32.411580970048725
-32.415823548892085
-32.42177151171656
-32.42939043243875
-32.43831384100098
-32.44892218854759
-32.46125370754403
-32.474992662349074
-32.49020805451516
-32.50732831019149
-32.52600089904825
-32.54591443997533
-32.56786566182157
-32.59143388923841
-32.61639329977222
-32.64301050981846
-32.67178673376073
-32.701546038925315
-32.733541296742956
-32.766930154928666
-32.80170131707176
-32.83914287166438
-32.86
-32.86
-32.86
-32.86
-32.86
-32.86
-32.86
-32.86
-32.86
-32.86
-32.86
-32.86
-32.86
-32.86
-32.86
-32.86
-32.86
-32.86
-32.86
-32.86
-32.86
-32.86
-32.86
-32.86
-32.86
-32.86
-32.86
-32.86
-32.86
-32.86
-32.86
-32.86
-32.86
-32.86
-32.86
-32.86
-32.86
-32.86
-32.86
-32.86
-32.86
-32.86
-32.86
-32.86
-32.86
-32.86
-32.86
-32.86
-32.86
-32.85735255934608
-32.826349348447316
-32.79673660561153
-32.76803145687775
-32.74007189247383
-32.71332112160882
-32.68744514773176
-32.66236396022142
-32.63840970917792
-32.6155939499412
-32.59359399154438
-32.572656979916836
-32.55319730423877
-32.53455800687476
-32.51696607340426
-32.500935943590065
-32.485926201216
-32.47194764120155
-32.45948236137111
-32.44829412385738
-32.438203341393844
-32.42945797036235
-32.422398553243205
-32.41648356474244
-32.41190525705951
-32.40890968969938
-32.40741286986757
-32.407156692404456
-32.40854136409182
-32.411580970048725
-32.415823548892085
-32.42177151171656
-32.42939043243875
-32.43831384100098
-32.44892218854759
-32.46125370754403
-32.474992662349074
-32.49020805451516
-32.50732831019149
-32.52600089904825
-32.54591443997533
-32.56786566182157
-32.59143388923841
-32.61639329977222
-32.64301050981846
-32.67178673376073
-32.701546038925315
-32.733541296742956
-32.766930154928666
-32.80170131707176
-32.83914287166438
-32.86
-32.86
-32.86
-32.86
-32.86
-32.86
-32.86
-32.86
-32.86
-32.86
-32.86
-32.86
-32.86
-32.86
-32.86
-32.86
-32.86
-32.86
-32.86
-32.86
-32.86
-32.86
-32.86
-32.86
-32.86
-32.86
-32.86
-32.86
-32.86
-32.86
-32.86
-32.86
-32.86
-32.86
-32.86
-32.86
-32.86
-32.86
-32.86
-32.86
-32.86
-32.86
-32.86
-32.86
-32.86
-32.86
-32.86
-32.86
-32.86
-32.86
-32.86
-32.86
-32.86
-32.86
-32.86
-32.86
-32.86
-32.86
-32.86
-32.86
-32.86
-32.86
-32.86
-32.86
-32.86
-32.86
-32.86
-32.86
-32.86
-32.86
-32.86
-32.86
-32.86
-32.86
-32.86
-32.86
-32.86
-32.86
-32.86
-32.86
-32.86
-32.86
-32.86
-32.86
-32.86
-32.86
-32.86
-32.86
-32.86
-32.86
-32.86
-32.86
-32.86
-32.86
-32.86
-32.86
-32.86
-32.86
-32.86
-32.86
-32.86
-32.86
-32.86
-32.86
-32.86
-32.86
-32.86
-32.86
-32.86
-32.86
-32.86
-32.86
-32.86
-32.86
-32.86
-32.86
-32.86
-32.86
-32.86
-32.86
-32.86
-32.86
-32.86
-32.86
-32.86
-32.86
-32.86
-32.86
-32.86
-32.86
-32.86
-32.86
-32.86
-32.86
-32.86
-32.86
-32.86
-32.86
-32.86
-32.86
-32.86
-32.86
-32.86
-32.86
-32.86
-32.86
-32.86
-32.86
-32.86
-32.852026732750005
-32.8211256422586
-32.791507794605344
-32.76275921517773
-32.7347402215456
-32.707887469624524
-32.681855713590096
-32.656708984574315
-32.63275447841231
-32.60970759183594
-32.58755663134434
-32.566608814803274
-32.5468256667557
-32.52801963349563
-32.51039976601368
-32.494025788758044
-32.478853839342406
-32.46469130846017
-32.45194613194069
-32.440526834598
-32.430257031072344
-32.42120020185614
-32.41391960527983
-32.40785298661035
-32.40293013642898
-32.399686842612454
-32.397898919856594
-32.39729203392477
-32.39861159891743
-32.40126340481705
-32.40521469567509
-32.410969087102465
-32.41828607056248
-32.427019948797216
-32.43730654890737
-32.44946547550182
-32.462917913437664
-32.47802579841934
-32.494866131635554
-32.51305309875104
-32.53292850049156
-32.55469685080876
-32.577871827217585
-32.602728117277806
-32.629425536918085
-32.657581740210354
-32.68716762223097
-32.718906356961824
-32.751665059665214
-32.78665101971554
-32.82328396213193
-32.86
-32.86
-32.86
-32.86
-32.86
-32.86
-32.86
-32.86
-32.86
-32.86
-32.86
-32.86
-32.86
-32.86
-32.86
-32.86
-32.86
-32.86
-32.86
-32.86
-32.86
-32.86
-32.86
-32.86
-32.86
-32.86
-32.86
-32.86
-32.86
-32.86
-32.86
-32.86
-32.86
-32.86
-32.86
-32.86
-32.86
-32.86
-32.86
-32.86
-32.86
-32.86
-32.86
-32.86
-32.86
-32.86
-32.86
-32.86
-32.86
-32.852026732750005
-32.8211256422586
-32.791507794605344
-32.76275921517773
-32.7347402215456
-32.707887469624524
-32.681855713590096
-32.656708984574315
-32.63275447841231
-32.60970759183594
-32.58755663134434
-32.566608814803274
-32.5468256667557
-32.52801963349563
-32.51039976601368
-32.494025788758044
-32.478853839342406
-32.46469130846017
-32.45194613194069
-32.440526834598
-32.430257031072344
-32.42120020185614
-32.41391960527983
-32.40785298661035
-32.40293013642898
-32.399686842612454
-32.397898919856594
-32.39729203392477
-32.39861159891743
-32.40126340481705
-32.40521469567509
-32.410969087102465
-32.41828607056248
-32.427019948797216
-32.43730654890737
-32.44946547550182
-32.462917913437664
-32.47802579841934
-32.494866131635554
-32.51305309875104
-32.53292850049156
-32.55469685080876
-32.577871827217585
-32.602728117277806
-32.629425536918085
-32.657581740210354
-32.68716762223097
-32.718906356961824
-32.751665059665214
-32.78665101971554
-32.82328396213193
-32.86
-32.86
-32.86
-32.86
-32.86
-32.86
-32.86
-32.86
-32.86
-32.86
-32.86
-32.86
-32.86
-32.86
-32.86
-32.86
-32.86
-32.86
-32.86
-32.86
-32.86
-32.86
-32.86
-32.86
-32.86
-32.86
-32.86
-32.86
-32.86
-32.86
-32.86
-32.86
-32.86
-32.86
-32.86
-32.86
-32.86
-32.86
-32.86
-32.86
-32.86
-32.86
-32.86
-32.86
-32.86
-32.86
-32.86
-32.86
-32.86
-32.86
-32.86
-32.86
-32.86
-32.86
-32.86
-32.86
-32.86
-32.86
-32.86
-32.86
-32.86
-32.86
-32.86
-32.86
-32.86
-32.86
-32.86
-32.86
-32.86
-32.86
-32.86
-32.86
-32.86
-32.86
-32.86
-32.86
-32.86
-32.86
-32.86
-32.86
-32.86
-32.86
-32.86
-32.86
-32.86
-32.86
-32.86
-32.86
-32.86
-32.86
-32.86
-32.86
-32.86
-32.86
-32.86
-32.86
-32.86
-32.86
-32.86
-32.86
-32.86
-32.86
-32.86
-32.86
-32.86
-32.86
-32.86
-32.86
-32.86
-32.86
-32.86
-32.86
-32.86
-32.86
-32.86
-32.86
-32.86
-32.86
-32.86
-32.86
-32.86
-32.86
-32.86
-32.86
-32.86
-32.86
-32.86
-32.86
-32.86
-32.86
-32.86
-32.86
-32.86
-32.86
-32.86
-32.86
-32.86
-32.86
-32.86
-32.86
-32.86
-32.86
-32.86
-32.86
-32.86
-32.86
-32.86
-32.86
-32.86
-32.84667954826525
-32.81599955503494
-32.786386807878344
-32.75752060130279
-32.729491143820454
-32.70258959842721
-32.67652461572146
-32.65126026198479
-32.62709950276521
-32.60401512272916
-32.581693036719365
-32.560551420338406
-32.54074074303749
-32.521756653507275
-32.50390517093647
-32.487410670827664
-32.471949556681466
-32.45755403485124
-32.44471271132939
-32.43304590479555
-32.42244088128012
-32.41333577403173
-32.40576515860477
-32.39937022758767
-32.3943363112275
-32.390809311376046
-32.38864060940309
-32.38797796124926
-32.38899684611353
-32.391286905087355
-32.39503835171666
-32.400659291644054
-32.40762647967228
-32.41599539922137
-32.42637526565857
-32.43813113772355
-32.45109499885662
-32.46625213245269
-32.48284087279368
-32.50093270512027
-32.52055227537768
-32.542021033563124
-32.56496895767022
-32.589567738259355
-32.6161071891628
-32.643666622792004
-32.67354796304701
-32.70467195095433
-32.737571736231345
-32.772103641317344
-32.808319107170185
-32.84679986758306
-32.86
-32.86
-32.86
-32.86
-32.86
-32.86
-32.86
-32.86
-32.86
-32.86
-32.86
-32.86
-32.86
-32.86
-32.86
-32.86
-32.86
-32.86
-32.86
-32.86
-32.86
-32.86
-32.86
-32.86
-32.86
-32.86
-32.86
-32.86
-32.86
-32.86
-32.86
-32.86
-32.86
-32.86
-32.86
-32.86
-32.86
-32.86
-32.86
-32.86
-32.86
-32.86
-32.86
-32.86
-32.86
-32.86
-32.86
-32.86
-32.84667954826525
-32.81599955503494
-32.786386807878344
-32.75752060130279
-32.729491143820454
-32.70258959842721
-32.67652461572146
-32.65126026198479
-32.62709950276521
-32.60401512272916
-32.581693036719365
-32.560551420338406
-32.54074074303749
-32.521756653507275
-32.50390517093647
-32.487410670827664
-32.471949556681466
-32.45755403485124
-32.44471271132939
-32.43304590479555
-32.42244088128012
-32.41333577403173
-32.40576515860477
-32.39937022758767
-32.3943363112275
-32.390809311376046
-32.38864060940309
-32.38797796124926
-32.38899684611353
-32.391286905087355
-32.39503835171666
-32.400659291644054
-32.40762647967228
-32.41599539922137
-32.42637526565857
-32.43813113772355
-32.45109499885662
-32.46625213245269
-32.48284087279368
-32.50093270512027
-32.52055227537768
-32.542021033563124
-32.56496895767022
-32.589567738259355
-32.6161071891628
-32.643666622792004
-32.67354796304701
-32.70467195095433
-32.737571736231345
-32.772103641317344
-32.808319107170185
-32.84679986758306
-32.86
-32.86
-32.86
-32.86
-32.86
-32.86
-32.86
-32.86
-32.86
-32.86
-32.86
-32.86
-32.86
-32.86
-32.86
-32.86
-32.86
-32.86
-32.86
-32.86
-32.86
-32.86
-32.86
-32.86
-32.86
-32.86
-32.86
-32.86
-32.86
-32.86
-32.86
-32.86
-32.86
-32.86
-32.86
-32.86
-32.86
-32.86
-32.86
-32.86
-32.86
-32.86
-32.86
-32.86
-32.86
-32.86
-32.86
-32.86
-32.86
-32.86
-32.86
-32.86
-32.86
-32.86
-32.86
-32.86
-32.86
-32.86
-32.86
-32.86
-32.86
-32.86
-32.86
-32.86
-32.86
-32.86
-32.86
-32.86
-32.86
-32.86
-32.86
-32.86
-32.86
-32.86
-32.86
-32.86
-32.86
-32.86
-32.86
-32.86
-32.86
-32.86
-32.86
-32.86
-32.86
-32.86
-32.86
-32.86
-32.86
-32.86
-32.86
-32.86
-32.86
-32.86
-32.86
-32.86
-32.86
-32.86
-32.86
-32.86
-32.86
-32.86
-32.86
-32.86
-32.86
-32.86
-32.86
-32.86
-32.86
-32.86
-32.86
-32.86
-32.86
-32.86
-32.86
-32.86
-32.86
-32.86
-32.86
-32.86
-32.86
-32.86
-32.86
-32.86
-32.86
-32.86
-32.86
-32.86
-32.86
-32.86
-32.86
-32.86
-32.86
-32.86
-32.86
-32.86
-32.86
-32.86
-32.86
-32.86
-32.86
-32.86
-32.86
-32.86
-32.86
-32.86
-32.86
-32.86
-32.84162097667013
-32.81093751332079
-32.7813128410063
-32.752476706171166
-32.72438079541123
-32.69742039384938
-32.67122757546747
-32.645896764630045
-32.62173305275161
-32.59837812559731
-32.57587700354903
-32.55481591471067
-32.534732570750535
-32.5155879575074
-32.49769120919983
-32.480903971914984
-32.46519183989817
-32.45070537701175
-32.43769762505284
-32.42575221914581
-32.414993869128004
-32.40568475553911
-32.397903978887115
-32.39117665282447
-32.3859389591562
-32.38229521872584
-32.37985602366274
-32.378878995157734
-32.37973197028087
-32.38172711139828
-32.38525632081455
-32.39072619867375
-32.39736100455932
-32.405675623255625
-32.41568058391364
-32.427077181416806
-32.44013361720852
-32.455001107546664
-32.47121525559593
-32.489084334976646
-32.508817805156426
-32.5299945090346
-32.55237152104518
-32.577236834761734
-32.603165731098066
-32.63085560435583
-32.66031717214436
-32.69124839537431
-32.72405231865678
-32.75832238148405
-32.79418917534877
-32.83269131913117
-32.86
-32.86
-32.86
-32.86
-32.86
-32.86
-32.86
-32.86
-32.86
-32.86
-32.86
-32.86
-32.86
-32.86
-32.86
-32.86
-32.86
-32.86
-32.86
-32.86
-32.86
-32.86
-32.86
-32.86
-32.86
-32.86
-32.86
-32.86
-32.86
-32.86
-32.86
-32.86
-32.86
-32.86
-32.86
-32.86
-32.86
-32.86
-32.86
-32.86
-32.86
-32.86
-32.86
-32.86
-32.86
-32.86
-32.86
-32.86
-32.84162097667013
-32.81093751332079
-32.7813128410063
-32.752476706171166
-32.72438079541123
-32.69742039384938
-32.67122757546747
-32.645896764630045
-32.62173305275161
-32.59837812559731
-32.57587700354903
-32.55481591471067
-32.534732570750535
-32.5155879575074
-32.49769120919983
-32.480903971914984
-32.46519183989817
-32.45070537701175
-32.43769762505284
-32.42575221914581
-32.414993869128004
-32.40568475553911
-32.397903978887115
-32.39117665282447
-32.3859389591562
-32.38229521872584
-32.37985602366274
-32.378878995157734
-32.37973197028087
-32.38172711139828
-32.38525632081455
-32.39072619867375
-32.39736100455932
-32.405675623255625
-32.41568058391364
-32.427077181416806
-32.44013361720852
-32.455001107546664
-32.47121525559593
-32.489084334976646
-32.508817805156426
-32.5299945090346
-32.55237152104518
-32.577236834761734
-32.603165731098066
-32.63085560435583
-32.66031717214436
-32.69124839537431
-32.72405231865678
-32.75832238148405
-32.79418917534877
-32.83269131913117
-32.86
-32.86
-32.86
-32.86
-32.86
-32.86
-32.86
-32.86
-32.86
-32.86
-32.86
-32.86
-32.86
-32.86
-32.86
-32.86
-32.86
-32.86
-32.86
-32.86
-32.86
-32.86
-32.86
-32.86
-32.86
-32.86
-32.86
-32.86
-32.86
-32.86
-32.86
-32.86
-32.86
-32.86
-32.86
-32.86
-32.86
-32.86
-32.86
-32.86
-32.86
-32.86
-32.86
-32.86
-32.86
-32.86
-32.86
-32.86
-32.86
-32.86
-32.86
-32.86
-32.86
-32.86
-32.86
-32.86
-32.86
-32.86
-32.86
-32.86
-32.86
-32.86
-32.86
-32.86
-32.86
-32.86
-32.86
-32.86
-32.86
-32.86
-32.86
-32.86
-32.86
-32.86
-32.86
-32.86
-32.86
-32.86
-32.86
-32.86
-32.86
-32.86
-32.86
-32.86
-32.86
-32.86
-32.86
-32.86
-32.86
-32.86
-32.86
-32.86
-32.86
-32.86
-32.86
-32.86
-32.86
-32.86
-32.86
-32.86
-32.86
-32.86
-32.86
-32.86
-32.86
-32.86
-32.86
-32.86
-32.86
-32.86
-32.86
-32.86
-32.86
-32.86
-32.86
-32.86
-32.86
-32.86
-32.86
-32.86
-32.86
-32.86
-32.86
-32.86
-32.86
-32.86
-32.86
-32.86
-32.86
-32.86
-32.86
-32.86
-32.86
-32.86
-32.86
-32.86
-32.86
-32.86
-32.86
-32.86
-32.86
-32.86
-32.86
-32.86
-32.86
-32.86
-32.86
-32.86
-32.836645658933705
-32.80605322362075
-32.776453722991484
-32.74752021991021
-32.7193969939481
-32.692379941525566
-32.666106588740476
-32.64068108603838
-32.61639398715613
-32.59295777970232
-32.570364405745586
-32.549147696798705
-32.528916539353105
-32.509694433188606
-32.491516614894095
-32.474691504790854
-32.45884379400645
-32.44404507848978
-32.430884289627656
-32.41877555333603
-32.40775701344492
-32.39845836119931
-32.39028730427176
-32.383117683666775
-32.37803075494922
-32.37404462320297
-32.37122048590617
-32.37040205541953
-32.37078297108173
-32.37237465546762
-32.37611907764943
-32.381168070244236
-32.38750549816635
-32.39566536077064
-32.40550590126608
-32.416712484006
-32.42942494343331
-32.444220540476586
-32.46023446046709
-32.47785160622891
-32.49734679526945
-32.518273173333185
-32.540845189900665
-32.5653226440138
-32.59083887937354
-32.61859704032807
-32.6476560443396
-32.678461061940524
-32.71111728018402
-32.74505105193852
-32.78104720909671
-32.819063323619766
-32.86
-32.86
-32.86
-32.86
-32.86
-32.86
-32.86
-32.86
-32.86
-32.86
-32.86
-32.86
-32.86
-32.86
-32.86
-32.86
-32.86
-32.86
-32.86
-32.86
-32.86
-32.86
-32.86
-32.86
-32.86
-32.86
-32.86
-32.86
-32.86
-32.86
-32.86
-32.86
-32.86
-32.86
-32.86
-32.86
-32.86
-32.86
-32.86
-32.86
-32.86
-32.86
-32.86
-32.86
-32.86
-32.86
-32.86
-32.86
-32.836645658933705
-32.80605322362075
-32.776453722991484
-32.74752021991021
-32.7193969939481
-32.692379941525566
-32.666106588740476
-32.64068108603838
-32.61639398715613
-32.59295777970232
-32.570364405745586
-32.549147696798705
-32.528916539353105
-32.509694433188606
-32.491516614894095
-32.474691504790854
-32.45884379400645
-32.44404507848978
-32.430884289627656
-32.41877555333603
-32.40775701344492
-32.39845836119931
-32.39028730427176
-32.383117683666775
-32.37803075494922
-32.37404462320297
-32.37122048590617
-32.37040205541953
-32.37078297108173
-32.37237465546762
-32.37611907764943
-32.381168070244236
-32.38750549816635
-32.39566536077064
-32.40550590126608
-32.416712484006
-32.42942494343331
-32.444220540476586
-32.46023446046709
-32.47785160622891
-32.49734679526945
-32.518273173333185
-32.540845189900665
-32.5653226440138
-32.59083887937354
-32.61859704032807
-32.6476560443396
-32.678461061940524
-32.71111728018402
-32.74505105193852
-32.78104720909671
-32.819063323619766
-32.86
-32.86
-32.86
-32.86
-32.86
-32.86
-32.86
-32.86
-32.86
-32.86
-32.86
-32.86
-32.86
-32.86
-32.86
-32.86
-32.86
-32.86
-32.86
-32.86
-32.86
-32.86
-32.86
-32.86
-32.86
-32.86
-32.86
-32.86
-32.86
-32.86
-32.86
-32.86
-32.86
-32.86
-32.86
-32.86
-32.86
-32.86
-32.86
-32.86
-32.86
-32.86
-32.86
-32.86
-32.86
-32.86
-32.86
-32.86
-32.86
-32.86
-32.86
-32.86
-32.86
-32.86
-32.86
-32.86
-32.86
-32.86
-32.86
-32.86
-32.86
-32.86
-32.86
-32.86
-32.86
-32.86
-32.86
-32.86
-32.86
-32.86
-32.86
-32.86
-32.86
-32.86
-32.86
-32.86
-32.86
-32.86
-32.86
-32.86
-32.86
-32.86
-32.86
-32.86
-32.86
-32.86
-32.86
-32.86
-32.86
-32.86
-32.86
-32.86
-32.86
-32.86
-32.86
-32.86
-32.86
-32.86
-32.86
-32.86
-32.86
-32.86
-32.86
-32.86
-32.86
-32.86
-32.86
-32.86
-32.86
-32.86
-32.86
-32.86
-32.86
-32.86
-32.86
-32.86
-32.86
-32.86
-32.86
-32.86
-32.86
-32.86
-32.86
-32.86
-32.86
-32.86
-32.86
-32.86
-32.86
-32.86
-32.86
-32.86
-32.86
-32.86
-32.86
-32.86
-32.86
-32.86
-32.86
-32.86
-32.86
-32.86
-32.86
-32.86
-32.86
-32.86
-32.86
-32.86
-32.83197300438511
-32.80132927772164
-32.77171317777762
-32.742755479372406
-32.7145720141195
-32.687529309257734
-32.661101943690554
-32.635633495123436
-32.611273089273375
-32.58773052410534
-32.56501989310543
-32.54372810066331
-32.523311832490116
-32.50386515958465
-32.48575170344037
-32.468696097440976
-32.4526048398604
-32.43779287733657
-32.42440035697199
-32.41202245437514
-32.401011627061756
-32.391355387089455
-32.38288746584589
-32.375747398528745
-32.37033224353062
-32.366078568168625
-32.363208083885766
-32.362023429127746
-32.362143347230166
-32.36385596047577
-32.367175445940745
-32.37187094809506
-32.37811797759266
-32.38614935204757
-32.395710694514335
-32.40667659001844
-32.41953429143284
-32.43390750660044
-32.44948701386551
-32.467297777834
-32.486491786207395
-32.50713536585534
-32.52950455458338
-32.553882432465315
-32.57925954197663
-32.606962719269
-32.635655098918306
-32.66653885014614
-32.698847965841736
-32.732539626555656
-32.76858819901629
-32.8057118023344
-32.84611806646596
-32.86
-32.86
-32.86
-32.86
-32.86
-32.86
-32.86
-32.86
-32.86
-32.86
-32.86
-32.86
-32.86
-32.86
-32.86
-32.86
-32.86
-32.86
-32.86
-32.86
-32.86
-32.86
-32.86
-32.86
-32.86
-32.86
-32.86
-32.86
-32.86
-32.86
-32.86
-32.86
-32.86
-32.86
-32.86
-32.86
-32.86
-32.86
-32.86
-32.86
-32.86
-32.86
-32.86
-32.86
-32.86
-32.86
-32.86
-32.83197300438511
-32.80132927772164
-32.77171317777762
-32.742755479372406
-32.7145720141195
-32.687529309257734
-32.661101943690554
-32.635633495123436
-32.611273089273375
-32.58773052410534
-32.56501989310543
-32.54372810066331
-32.523311832490116
-32.50386515958465
-32.48575170344037
-32.468696097440976
-32.4526048398604
-32.43779287733657
-32.42440035697199
-32.41202245437514
-32.401011627061756
-32.391355387089455
-32.38288746584589
-32.375747398528745
-32.37033224353062
-32.366078568168625
-32.363208083885766
-32.362023429127746
-32.362143347230166
-32.36385596047577
-32.367175445940745
-32.37187094809506
-32.37811797759266
-32.38614935204757
-32.395710694514335
-32.40667659001844
-32.41953429143284
-32.43390750660044
-32.44948701386551
-32.467297777834
-32.486491786207395
-32.50713536585534
-32.52950455458338
-32.553882432465315
-32.57925954197663
-32.606962719269
-32.635655098918306
-32.66653885014614
-32.698847965841736
-32.732539626555656
-32.76858819901629
-32.8057118023344
-32.84611806646596
-32.86
-32.86
-32.86
-32.86
-32.86
-32.86
-32.86
-32.86
-32.86
-32.86
-32.86
-32.86
-32.86
-32.86
-32.86
-32.86
-32.86
-32.86
-32.86
-32.86
-32.86
-32.86
-32.86
-32.86
-32.86
-32.86
-32.86
-32.86
-32.86
-32.86
-32.86
-32.86
-32.86
-32.86
-32.86
-32.86
-32.86
-32.86
-32.86
-32.86
-32.86
-32.86
-32.86
-32.86
-32.86
-32.86
-32.86
-32.86
-32.86
-32.86
-32.86
-32.86
-32.86
-32.86
-32.86
-32.86
-32.86
-32.86
-32.86
-32.86
-32.86
-32.86
-32.86
-32.86
-32.86
-32.86
-32.86
-32.86
-32.86
-32.86
-32.86
-32.86
-32.86
-32.86
-32.86
-32.86
-32.86
-32.86
-32.86
-32.86
-32.86
-32.86
-32.86
-32.86
-32.86
-32.86
-32.86
-32.86
-32.86
-32.86
-32.86
-32.86
-32.86
-32.86
-32.86
-32.86
-32.86
-32.86
-32.86
-32.86
-32.86
-32.86
-32.86
-32.86
-32.86
-32.86
-32.86
-32.86
-32.86
-32.86
-32.86
-32.86
-32.86
-32.86
-32.86
-32.86
-32.86
-32.86
-32.86
-32.86
-32.86
-32.86
-32.86
-32.86
-32.86
-32.86
-32.86
-32.86
-32.86
-32.86
-32.86
-32.86
-32.86
-32.86
-32.86
-32.86
-32.86
-32.86
-32.86
-32.86
-32.86
-32.86
-32.86
-32.86
-32.86
-32.86
-32.85948319155903
-32.82741358051694
-32.79681659452119
-32.7670921827182
-32.73804417238356
-32.70988502739817
-32.68266315815756
-32.65619107159264
-32.630753991885236
-32.60630686584854
-32.58265953372635
-32.55991777971362
-32.538482807863794
-32.51798600935825
-32.49841236725537
-32.4800581769338
-32.46288006041959
-32.44669503592409
-32.43166375263523
-32.418124652544435
-32.405633129124894
-32.394289284389494
-32.3845903536606
-32.375915845694365
-32.36857796209653
-32.36299478923426
-32.358518446784316
-32.35538402727957
-32.354144078743786
-32.35402775986892
-32.35546740996752
-32.35869935529984
-32.363199081745044
-32.3691277048323
-32.37716441156915
-32.38637936207053
-32.39724815999308
-32.409793310928094
-32.423890079975266
-32.43952432004915
-32.457068610231225
-32.476070178328435
-32.496540488106795
-32.51902292366969
-32.54300648776873
-32.56839732038491
-32.59579518548034
-32.624174705501154
-32.655017846119115
-32.68685356184405
-32.720986196783095
-32.756501072737244
-32.79365000818181
-32.833535370295394
-32.86
-32.86
-32.86
-32.86
-32.86
-32.86
-32.86
-32.86
-32.86
-32.86
-32.86
-32.86
-32.86
-32.86
-32.86
-32.86
-32.86
-32.86
-32.86
-32.86
-32.86
-32.86
-32.86
-32.86
-32.86
-32.86
-32.86
-32.86
-32.86
-32.86
-32.86
-32.86
-32.86
-32.86
-32.86
-32.86
-32.86
-32.86
-32.86
-32.86
-32.86
-32.86
-32.86
-32.86
-32.86
-32.86
-32.85948319155903
-32.82741358051694
-32.79681659452119
-32.7670921827182
-32.73804417238356
-32.70988502739817
-32.68266315815756
-32.65619107159264
-32.630753991885236
-32.60630686584854
-32.58265953372635
-32.55991777971362
-32.538482807863794
-32.51798600935825
-32.49841236725537
-32.4800581769338
-32.46288006041959
-32.44669503592409
-32.43166375263523
-32.418124652544435
-32.405633129124894
-32.394289284389494
-32.3845903536606
-32.375915845694365
-32.36857796209653
-32.36299478923426
-32.358518446784316
-32.35538402727957
-32.354144078743786
-32.35402775986892
-32.35546740996752
-32.35869935529984
-32.363199081745044
-32.3691277048323
-32.37716441156915
-32.38637936207053
-32.39724815999308
-32.409793310928094
-32.423890079975266
-32.43952432004915
-32.457068610231225
-32.476070178328435
-32.496540488106795
-32.51902292366969
-32.54300648776873
-32.56839732038491
-32.59579518548034
-32.624174705501154
-32.655017846119115
-32.68685356184405
-32.720986196783095
-32.756501072737244
-32.79365000818181
-32.833535370295394
-32.86
-32.86
-32.86
-32.86
-32.86
-32.86
-32.86
-32.86
-32.86
-32.86
-32.86
-32.86
-32.86
-32.86
-32.86
-32.86
-32.86
-32.86
-32.86
-32.86
-32.86
-32.86
-32.86
-32.86
-32.86
-32.86
-32.86
-32.86
-32.86
-32.86
-32.86
-32.86
-32.86
-32.86
-32.86
-32.86
-32.86
-32.86
-32.86
-32.86
-32.86
-32.86
-32.86
-32.86
-32.86
-32.86
-32.86
-32.86
-32.86
-32.86
-32.86
-32.86
-32.86
-32.86
-32.86
-32.86
-32.86
-32.86
-32.86
-32.86
-32.86
-32.86
-32.86
-32.86
-32.86
-32.86
-32.86
-32.86
-32.86
-32.86
-32.86
-32.86
-32.86
-32.86
-32.86
-32.86
-32.86
-32.86
-32.86
-32.86
-32.86
-32.86
-32.86
-32.86
-32.86
-32.86
-32.86
-32.86
-32.86
-32.86
-32.86
-32.86
-32.86
-32.86
-32.86
-32.86
-32.86
-32.86
-32.86
-32.86
-32.86
-32.86
-32.86
-32.86
-32.86
-32.86
-32.86
-32.86
-32.86
-32.86
-32.86
-32.86
-32.86
-32.86
-32.86
-32.86
-32.86
-32.86
-32.86
-32.86
-32.86
-32.86
-32.86
-32.86
-32.86
-32.86
-32.86
-32.86
-32.86
-32.86
-32.86
-32.86
-32.86
-32.86
-32.86
-32.86
-32.86
-32.86
-32.86
-32.86
-32.86
-32.86
-32.86
-32.86
-32.86
-32.86
-32.8549991670906
-32.82302414323797
-32.79233793107202
-32.76256971867747
-32.73348852852367
-32.70536792447552
-32.6780960386095
-32.65151639445897
-32.62603738862577
-32.601508812210135
-32.577774734959576
-32.554915654842794
-32.53347370046274
-32.51276747060459
-32.4930595628791
-32.47466177687487
-32.457321629345245
-32.440910350958525
-32.42598029355618
-32.41215120209218
-32.39930978571185
-32.38812186392002
-32.37814737057444
-32.36914988025125
-32.36192384142871
-32.35598106046903
-32.3510690834341
-32.34820758424276
-32.346591828546735
-32.34615708410953
-32.34770864270912
-32.35060237420712
-32.35467716581622
-32.36088325840262
-32.36848513897522
-32.37740765450965
-32.38829514434362
-32.400712551189216
-32.41462232518323
-32.43000877222046
-32.44752072564498
-32.46621924012605
-32.486668123965416
-32.50895278621679
-32.532514948809194
-32.558101730117
-32.58507291645218
-32.61371418284295
-32.64419644479088
-32.67600457033118
-32.709837311528
-32.74491465225007
-32.782049288388016
-32.82115272789239
-32.86
-32.86
-32.86
-32.86
-32.86
-32.86
-32.86
-32.86
-32.86
-32.86
-32.86
-32.86
-32.86
-32.86
-32.86
-32.86
-32.86
-32.86
-32.86
-32.86
-32.86
-32.86
-32.86
-32.86
-32.86
-32.86
-32.86
-32.86
-32.86
-32.86
-32.86
-32.86
-32.86
-32.86
-32.86
-32.86
-32.86
-32.86
-32.86
-32.86
-32.86
-32.86
-32.86
-32.86
-32.86
-32.86
-32.8549991670906
-32.82302414323797
-32.79233793107202
-32.76256971867747
-32.73348852852367
-32.70536792447552
-32.6780960386095
-32.65151639445897
-32.62603738862577
-32.601508812210135
-32.577774734959576
-32.554915654842794
-32.53347370046274
-32.51276747060459
-32.4930595628791
-32.47466177687487
-32.457321629345245
-32.440910350958525
-32.42598029355618
-32.41215120209218
-32.39930978571185
-32.38812186392002
-32.37814737057444
-32.36914988025125
-32.36192384142871
-32.35598106046903
-32.3510690834341
-32.34820758424276
-32.346591828546735
-32.34615708410953
-32.34770864270912
-32.35060237420712
-32.35467716581622
-32.36088325840262
-32.36848513897522
-32.37740765450965
-32.38829514434362
-32.400712551189216
-32.41462232518323
-32.43000877222046
-32.44752072564498
-32.46621924012605
-32.486668123965416
-32.50895278621679
-32.532514948809194
-32.558101730117
-32.58507291645218
-32.61371418284295
-32.64419644479088
-32.67600457033118
-32.709837311528
-32.74491465225007
-32.782049288388016
-32.82115272789239
-32.86
-32.86
-32.86
-32.86
-32.86
-32.86
-32.86
-32.86
-32.86
-32.86
-32.86
-32.86
-32.86
-32.86
-32.86
-32.86
-32.86
-32.86
-32.86
-32.86
-32.86
-32.86
-32.86
-32.86
-32.86
-32.86
-32.86
-32.86
-32.86
-32.86
-32.86
-32.86
-32.86
-32.86
-32.86
-32.86
-32.86
-32.86
-32.86
-32.86
-32.86
-32.86
-32.86
-32.86
-32.86
-32.86
-32.86
-32.86
-32.86
-32.86
-32.86
-32.86
-32.86
-32.86
-32.86
-32.86
-32.86
-32.86
-32.86
-32.86
-32.86
-32.86
-32.86
-32.86
-32.86
-32.86
-32.86
-32.86
-32.86
-32.86
-32.86
-32.86
-32.86
-32.86
-32.86
-32.86
-32.86
-32.86
-32.86
-32.86
-32.86
-32.86
-32.86
-32.86
-32.86
-32.86
-32.86
-32.86
-32.86
-32.86
-32.86
-32.86
-32.86
-32.86
-32.86
-32.86
-32.86
-32.86
-32.86
-32.86
-32.86
-32.86
-32.86
-32.86
-32.86
-32.86
-32.86
-32.86
-32.86
-32.86
-32.86
-32.86
-32.86
-32.86
-32.86
-32.86
-32.86
-32.86
-32.86
-32.86
-32.86
-32.86
-32.86
-32.86
-32.86
-32.86
-32.86
-32.86
-32.86
-32.86
-32.86
-32.86
-32.86
-32.86
-32.86
-32.86
-32.86
-32.86
-32.86
-32.86
-32.86
-32.86
-32.86
-32.86
-32.86
-32.86
-32.85066998735183
-32.81867873663724
-32.787994145144225
-32.75822593274967
-32.72907942099201
-32.700953434185834
-32.67363860209312
-32.647015201930316
-32.62149406075777
-32.59687875996559
-32.57302039676923
-32.55023182607484
-32.52859050295533
-32.50773944379616
-32.48805667805832
-32.46946548546885
-32.45197520123361
-32.435499309237585
-32.420342992956854
-32.40640042944054
-32.393552702919386
-32.38207485584778
-32.37188401845561
-32.36292937487671
-32.35545110113718
-32.34922217455153
-32.344332383518044
-32.34124385454032
-32.33931051352936
-32.338858771606674
-32.34019562703076
-32.34274037524004
-32.346985311973924
-32.35280486912592
-32.36022254555196
-32.36913277395145
-32.379732691458756
-32.39198283906222
-32.40573451609429
-32.421234369157226
-32.43841655429731
-32.45672378725735
-32.477375129161864
-32.499289198237506
-32.522962102199116
-32.548336136091386
-32.575114056538084
-32.603651858309185
-32.633902993850306
-32.66555000592946
-32.69932672365289
-32.73425173893001
-32.77126410374586
-32.80975859895503
-32.86
-32.86
-32.86
-32.86
-32.86
-32.86
-32.86
-32.86
-32.86
-32.86
-32.86
-32.86
-32.86
-32.86
-32.86
-32.86
-32.86
-32.86
-32.86
-32.86
-32.86
-32.86
-32.86
-32.86
-32.86
-32.86
-32.86
-32.86
-32.86
-32.86
-32.86
-32.86
-32.86
-32.86
-32.86
-32.86
-32.86
-32.86
-32.86
-32.86
-32.86
-32.86
-32.86
-32.86
-32.86
-32.86
-32.85066998735183
-32.81867873663724
-32.787994145144225
-32.75822593274967
-32.72907942099201
-32.700953434185834
-32.67363860209312
-32.647015201930316
-32.62149406075777
-32.59687875996559
-32.57302039676923
-32.55023182607484
-32.52859050295533
-32.50773944379616
-32.48805667805832
-32.46946548546885
-32.45197520123361
-32.435499309237585
-32.420342992956854
-32.40640042944054
-32.393552702919386
-32.38207485584778
-32.37188401845561
-32.36292937487671
-32.35545110113718
-32.34922217455153
-32.344332383518044
-32.34124385454032
-32.33931051352936
-32.338858771606674
-32.34019562703076
-32.34274037524004
-32.346985311973924
-32.35280486912592
-32.36022254555196
-32.36913277395145
-32.379732691458756
-32.39198283906222
-32.40573451609429
-32.421234369157226
-32.43841655429731
-32.45672378725735
-32.477375129161864
-32.499289198237506
-32.522962102199116
-32.548336136091386
-32.575114056538084
-32.603651858309185
-32.633902993850306
-32.66555000592946
-32.69932672365289
-32.73425173893001
-32.77126410374586
-32.80975859895503
-32.86
-32.86
-32.86
-32.86
-32.86
-32.86
-32.86
-32.86
-32.86
-32.86
-32.86
-32.86
-32.86
-32.86
-32.86
-32.86
-32.86
-32.86
-32.86
-32.86
-32.86
-32.86
-32.86
-32.86
-32.86
-32.86
-32.86
-32.86
-32.86
-32.86
-32.86
-32.86
-32.86
-32.86
-32.86
-32.86
-32.86
-32.86
-32.86
-32.86
-32.86
-32.86
-32.86
-32.86
-32.86
-32.86
-32.86
-32.86
-32.86
-32.86
-32.86
-32.86
-32.86
-32.86
-32.86
-32.86
-32.86
-32.86
-32.86
-32.86
-32.86
-32.86
-32.86
-32.86
-32.86
-32.86
-32.86
-32.86
-32.86
-32.86
-32.86
-32.86
-32.86
-32.86
-32.86
-32.86
-32.86
-32.86
-32.86
-32.86
-32.86
-32.86
-32.86
-32.86
-32.86
-32.86
-32.86
-32.86
-32.86
-32.86
-32.86
-32.86
-32.86
-32.86
-32.86
-32.86
-32.86
-32.86
-32.86
-32.86
-32.86
-32.86
-32.86
-32.86
-32.86
-32.86
-32.86
-32.86
-32.86
-32.86
-32.86
-32.86
-32.86
-32.86
-32.86
-32.86
-32.86
-32.86
-32.86
-32.86
-32.86
-32.86
-32.86
-32.86
-32.86
-32.86
-32.86
-32.86
-32.86
-32.86
-32.86
-32.86
-32.86
-32.86
-32.86
-32.86
-32.86
-32.86
-32.86
-32.86
-32.86
-32.86
-32.86
-32.86
-32.86
-32.86
-32.84617974694837
-32.81440115862191
-32.78385276717363
-32.75398407952808
-32.724902911663925
-32.6966963952437
-32.66928875338173
-32.64267844227401
-32.61711190212661
-32.59241696796355
-32.56855933446598
-32.545644828267946
-32.52392378536169
-32.50306191727351
-32.48314114152703
-32.46461090719734
-32.44692022102297
-32.43033526160173
-32.41512623151506
-32.400968001000045
-32.387802646335565
-32.37649672176688
-32.36606960773111
-32.356868351316194
-32.34935051077726
-32.34291754778492
-32.33795001877151
-32.33455352982239
-32.33251568029779
-32.33194871080704
-32.33307083196227
-32.33551358503743
-32.33962801870585
-32.345295130573355
-32.35250180267022
-32.36105068889143
-32.37190045527166
-32.383913570995404
-32.39736504977048
-32.41288054325319
-32.42974499683083
-32.448259055054706
-32.46865414382906
-32.490391499736155
-32.51371055845059
-32.539179005529284
-32.56557670211291
-32.59438347916894
-32.62430788110022
-32.65606609299936
-32.68947092713348
-32.72418712571411
-32.76102614028866
-32.79892418712059
-32.83994724862309
-32.86
-32.86
-32.86
-32.86
-32.86
-32.86
-32.86
-32.86
-32.86
-32.86
-32.86
-32.86
-32.86
-32.86
-32.86
-32.86
-32.86
-32.86
-32.86
-32.86
-32.86
-32.86
-32.86
-32.86
-32.86
-32.86
-32.86
-32.86
-32.86
-32.86
-32.86
-32.86
-32.86
-32.86
-32.86
-32.86
-32.86
-32.86
-32.86
-32.86
-32.86
-32.86
-32.86
-32.86
-32.86
-32.84617974694837
-32.81440115862191
-32.78385276717363
-32.75398407952808
-32.724902911663925
-32.6966963952437
-32.66928875338173
-32.64267844227401
-32.61711190212661
-32.59241696796355
-32.56855933446598
-32.545644828267946
-32.52392378536169
-32.50306191727351
-32.48314114152703
-32.46461090719734
-32.44692022102297
-32.43033526160173
-32.41512623151506
-32.400968001000045
-32.387802646335565
-32.37649672176688
-32.36606960773111
-32.356868351316194
-32.34935051077726
-32.34291754778492
-32.33795001877151
-32.33455352982239
-32.33251568029779
-32.33194871080704
-32.33307083196227
-32.33551358503743
-32.33962801870585
-32.345295130573355
-32.35250180267022
-32.36105068889143
-32.37190045527166
-32.383913570995404
-32.39736504977048
-32.41288054325319
-32.42974499683083
-32.448259055054706
-32.46865414382906
-32.490391499736155
-32.51371055845059
-32.539179005529284
-32.56557670211291
-32.59438347916894
-32.62430788110022
-32.65606609299936
-32.68947092713348
-32.72418712571411
-32.76102614028866
-32.79892418712059
-32.83994724862309
-32.86
-32.86
-32.86
-32.86
-32.86
-32.86
-32.86
-32.86
-32.86
-32.86
-32.86
-32.86
-32.86
-32.86
-32.86
-32.86
-32.86
-32.86
-32.86
-32.86
-32.86
-32.86
-32.86
-32.86
-32.86
-32.86
-32.86
-32.86
-32.86
-32.86
-32.86
-32.86
-32.86
-32.86
-32.86
-32.86
-32.86
-32.86
-32.86
-32.86
-32.86
-32.86
-32.86
-32.86
-32.86
-32.86
-32.86
-32.86
-32.86
-32.86
-32.86
-32.86
-32.86
-32.86
-32.86
-32.86
-32.86
-32.86
-32.86
-32.86
-32.86
-32.86
-32.86
-32.86
-32.86
-32.86
-32.86
-32.86
-32.86
-32.86
-32.86
-32.86
-32.86
-32.86
-32.86
-32.86
-32.86
-32.86
-32.86
-32.86
-32.86
-32.86
-32.86
-32.86
-32.86
-32.86
-32.86
-32.86
-32.86
-32.86
-32.86
-32.86
-32.86
-32.86
-32.86
-32.86
-32.86
-32.86
-32.86
-32.86
-32.86
-32.86
-32.86
-32.86
-32.86
-32.86
-32.86
-32.86
-32.86
-32.86
-32.86
-32.86
-32.86
-32.86
-32.86
-32.86
-32.86
-32.86
-32.86
-32.86
-32.86
-32.86
-32.86
-32.86
-32.86
-32.86
-32.86
-32.86
-32.86
-32.86
-32.86
-32.86
-32.86
-32.86
-32.86
-32.86
-32.86
-32.86
-32.86
-32.86
-32.86
-32.86
-32.86
-32.86
-32.86
-32.84193054428654
-32.81022383985416
-32.77972003614747
-32.74995966036088
-32.72077917343122
-32.692596809227986
-32.66521208119062
-32.63849856073826
-32.61293631320806
-32.588123177355364
-32.56421467506741
-32.541376895200564
-32.51950568503657
-32.49847491946661
-32.47862438157881
-32.459907436851
-32.44201974904026
-32.425501173356935
-32.41010966858654
-32.3957305417336
-32.38262830587126
-32.37103001081857
-32.3603551121404
-32.35124467263357
-32.34350636875565
-32.3368607338593
-32.331862158675285
-32.32836784695823
-32.326030600367304
-32.325471865517486
-32.326395784024726
-32.32870966298701
-32.332593630064395
-32.33821742305721
-32.34511642513763
-32.353931634693915
-32.36434947048496
-32.37604748762202
-32.38971087621449
-32.40495206540971
-32.42168604996288
-32.440086168272856
-32.46038732137274
-32.48177867159224
-32.50550778566689
-32.53056834157912
-32.55697830753408
-32.58553370004857
-32.61509807866762
-32.647013958743315
-32.68002210113615
-32.715073974779756
-32.75155276321711
-32.78960816210689
-32.830147923810024
-32.86
-32.86
-32.86
-32.86
-32.86
-32.86
-32.86
-32.86
-32.86
-32.86
-32.86
-32.86
-32.86
-32.86
-32.86
-32.86
-32.86
-32.86
-32.86
-32.86
-32.86
-32.86
-32.86
-32.86
-32.86
-32.86
-32.86
-32.86
-32.86
-32.86
-32.86
-32.86
-32.86
-32.86
-32.86
-32.86
-32.86
-32.86
-32.86
-32.86
-32.86
-32.86
-32.86
-32.86
-32.86
-32.84193054428654
-32.81022383985416
-32.77972003614747
-32.74995966036088
-32.72077917343122
-32.692596809227986
-32.66521208119062
-32.63849856073826
-32.61293631320806
-32.588123177355364
-32.56421467506741
-32.541376895200564
-32.51950568503657
-32.49847491946661
-32.47862438157881
-32.459907436851
-32.44201974904026
-32.425501173356935
-32.41010966858654
-32.3957305417336
-32.38262830587126
-32.37103001081857
-32.3603551121404
-32.35124467263357
-32.34350636875565
-32.3368607338593
-32.331862158675285
-32.32836784695823
-32.326030600367304
-32.325471865517486
-32.326395784024726
-32.32870966298701
-32.332593630064395
-32.33821742305721
-32.34511642513763
-32.353931634693915
-32.36434947048496
-32.37604748762202
-32.38971087621449
-32.40495206540971
-32.42168604996288
-32.440086168272856
-32.46038732137274
-32.48177867159224
-32.50550778566689
-32.53056834157912
-32.55697830753408
-32.58553370004857
-32.61509807866762
-32.647013958743315
-32.68002210113615
-32.715073974779756
-32.75155276321711
-32.78960816210689
-32.830147923810024
-32.86
-32.86
-32.86
-32.86
-32.86
-32.86
-32.86
-32.86
-32.86
-32.86
-32.86
-32.86
-32.86
-32.86
-32.86
-32.86
-32.86
-32.86
-32.86
-32.86
-32.86
-32.86
-32.86
-32.86
-32.86
-32.86
-32.86
-32.86
-32.86
-32.86
-32.86
-32.86
-32.86
-32.86
-32.86
-32.86
-32.86
-32.86
-32.86
-32.86
-32.86
-32.86
-32.86
-32.86
-32.86
-32.86
-32.86
-32.86
-32.86
-32.86
-32.86
-32.86
-32.86
-32.86
-32.86
-32.86
-32.86
-32.86
-32.86
-32.86
-32.86
-32.86
-32.86
-32.86
-32.86
-32.86
-32.86
-32.86
-32.86
-32.86
-32.86
-32.86
-32.86
-32.86
-32.86
-32.86
-32.86
-32.86
-32.86
-32.86
-32.86
-32.86
-32.86
-32.86
-32.86
-32.86
-32.86
-32.86
-32.86
-32.86
-32.86
-32.86
-32.86
-32.86
-32.86
-32.86
-32.86
-32.86
-32.86
-32.86
-32.86
-32.86
-32.86
-32.86
-32.86
-32.86
-32.86
-32.86
-32.86
-32.86
-32.86
-32.86
-32.86
-32.86
-32.86
-32.86
-32.86
-32.86
-32.86
-32.86
-32.86
-32.86
-32.86
-32.86
-32.86
-32.86
-32.86
-32.86
-32.86
-32.86
-32.86
-32.86
-32.86
-32.86
-32.86
-32.86
-32.86
-32.86
-32.86
-32.86
-32.86
-32.86
-32.86
-32.86
-32.86
-32.83770161108051
-32.806187564752584
-32.775755400897424
-32.74598717966294
-32.71689505967359
-32.688715497518366
-32.66127191305308
-32.63451811257057
-32.608934006678126
-32.58410683437803
-32.560134307317696
-32.537201966448556
-32.51530406598353
-32.49423274399571
-32.47421738461624
-32.45540096973124
-32.437534697091074
-32.42082778769345
-32.40536122924304
-32.390898570295434
-32.37766054387605
-32.365992893961305
-32.35522371367751
-32.3459188495017
-32.33802734618874
-32.33126843657672
-32.32625635448725
-32.32250803725887
-32.3199646607148
-32.319458835269515
-32.3201180221045
-32.32215395113972
-32.3262737527108
-32.33158203463325
-32.338438872380515
-32.34705837107191
-32.35729609653216
-32.368894279445385
-32.3825141974827
-32.397608359946304
-32.41407783659758
-32.43276889267564
-32.45262783702245
-32.47417413695168
-32.49757647669844
-32.522380778176625
-32.54898956783628
-32.577273842763574
-32.606919188118454
-32.63861554111229
-32.67166745755321
-32.706541228240255
-32.74286209337389
-32.78078465029567
-32.821041044052734
-32.86
-32.86
-32.86
-32.86
-32.86
-32.86
-32.86
-32.86
-32.86
-32.86
-32.86
-32.86
-32.86
-32.86
-32.86
-32.86
-32.86
-32.86
-32.86
-32.86
-32.86
-32.86
-32.86
-32.86
-32.86
-32.86
-32.86
-32.86
-32.86
-32.86
-32.86
-32.86
-32.86
-32.86
-32.86
-32.86
-32.86
-32.86
-32.86
-32.86
-32.86
-32.86
-32.86
-32.86
-32.86
-32.83770161108051
-32.806187564752584
-32.775755400897424
-32.74598717966294
-32.71689505967359
-32.688715497518366
-32.66127191305308
-32.63451811257057
-32.608934006678126
-32.58410683437803
-32.560134307317696
-32.537201966448556
-32.51530406598353
-32.49423274399571
-32.47421738461624
-32.45540096973124
-32.437534697091074
-32.42082778769345
-32.40536122924304
-32.390898570295434
-32.37766054387605
-32.365992893961305
-32.35522371367751
-32.3459188495017
-32.33802734618874
-32.33126843657672
-32.32625635448725
-32.32250803725887
-32.3199646607148
-32.319458835269515
-32.3201180221045
-32.32215395113972
-32.3262737527108
-32.33158203463325
-32.338438872380515
-32.34705837107191
-32.35729609653216
-32.368894279445385
-32.3825141974827
-32.397608359946304
-32.41407783659758
-32.43276889267564
-32.45262783702245
-32.47417413695168
-32.49757647669844
-32.522380778176625
-32.54898956783628
-32.577273842763574
-32.606919188118454
-32.63861554111229
-32.67166745755321
-32.706541228240255
-32.74286209337389
-32.78078465029567
-32.821041044052734
-32.86
-32.86
-32.86
-32.86
-32.86
-32.86
-32.86
-32.86
-32.86
-32.86
-32.86
-32.86
-32.86
-32.86
-32.86
-32.86
-32.86
-32.86
-32.86
-32.86
-32.86
-32.86
-32.86
-32.86
-32.86
-32.86
-32.86
-32.86
-32.86
-32.86
-32.86
-32.86
-32.86
-32.86
-32.86
-32.86
-32.86
-32.86
-32.86
-32.86
-32.86
-32.86
-32.86
-32.86
-32.86
-32.86
-32.86
-32.86
-32.86
-32.86
-32.86
-32.86
-32.86
-32.86
-32.86
-32.86
-32.86
-32.86
-32.86
-32.86
-32.86
-32.86
-32.86
-32.86
-32.86
-32.86
-32.86
-32.86
-32.86
-32.86
-32.86
-32.86
-32.86
-32.86
-32.86
-32.86
-32.86
-32.86
-32.86
-32.86
-32.86
-32.86
-32.86
-32.86
-32.86
-32.86
-32.86
-32.86
-32.86
-32.86
-32.86
-32.86
-32.86
-32.86
-32.86
-32.86
-32.86
-32.86
-32.86
-32.86
-32.86
-32.86
-32.86
-32.86
-32.86
-32.86
-32.86
-32.86
-32.86
-32.86
-32.86
-32.86
-32.86
-32.86
-32.86
-32.86
-32.86
-32.86
-32.86
-32.86
-32.86
-32.86
-32.86
-32.86
-32.86
-32.86
-32.86
-32.86
-32.86
-32.86
-32.86
-32.86
-32.86
-32.86
-32.86
-32.86
-32.86
-32.86
-32.86
-32.86
-32.86
-32.86
-32.86
-32.86
-32.86
-32.83378292234669
-32.80236075048348
-32.771914765332056
-32.74220548641628
-32.71317903599672
-32.68498883852217
-32.657538442742606
-32.63075047083924
-32.60513744952434
-32.580281364947744
-32.55624235808328
-32.533301413006896
-32.51131753517896
-32.49005542580768
-32.470211911647766
-32.451246351249935
-32.43324698400227
-32.41649057738344
-32.400950162733814
-32.38624307035376
-32.37313716746906
-32.36123528535903
-32.350243034921824
-32.34099734975498
-32.332972810729345
-32.32609825333474
-32.32092595344906
-32.31701246840977
-32.31449713608461
-32.31375097325071
-32.31416693294442
-32.316411007490075
-32.32014343805261
-32.32524518601366
-32.33220121869725
-32.34063394296888
-32.350778796751726
-32.36217262660615
-32.37588745084298
-32.39064393226269
-32.40733634270602
-32.42571510384635
-32.44546205685717
-32.467009927913196
-32.49028345751
-32.514963587413206
-32.541617331790434
-32.56973985347211
-32.59927658070732
-32.630950342957064
-32.66359142657026
-32.69877863425316
-32.73482154495791
-32.773041370301144
-32.813112743844194
-32.86
-32.86
-32.86
-32.86
-32.86
-32.86
-32.86
-32.86
-32.86
-32.86
-32.86
-32.86
-32.86
-32.86
-32.86
-32.86
-32.86
-32.86
-32.86
-32.86
-32.86
-32.86
-32.86
-32.86
-32.86
-32.86
-32.86
-32.86
-32.86
-32.86
-32.86
-32.86
-32.86
-32.86
-32.86
-32.86
-32.86
-32.86
-32.86
-32.86
-32.86
-32.86
-32.86
-32.86
-32.86
-32.83378292234669
-32.80236075048348
-32.771914765332056
-32.74220548641628
-32.71317903599672
-32.68498883852217
-32.657538442742606
-32.63075047083924
-32.60513744952434
-32.580281364947744
-32.55624235808328
-32.533301413006896
-32.51131753517896
-32.49005542580768
-32.470211911647766
-32.451246351249935
-32.43324698400227
-32.41649057738344
-32.400950162733814
-32.38624307035376
-32.37313716746906
-32.36123528535903
-32.350243034921824
-32.34099734975498
-32.332972810729345
-32.32609825333474
-32.32092595344906
-32.31701246840977
-32.31449713608461
-32.31375097325071
-32.31416693294442
-32.316411007490075
-32.32014343805261
-32.32524518601366
-32.33220121869725
-32.34063394296888
-32.350778796751726
-32.36217262660615
-32.37588745084298
-32.39064393226269
-32.40733634270602
-32.42571510384635
-32.44546205685717
-32.467009927913196
-32.49028345751
-32.514963587413206
-32.541617331790434
-32.56973985347211
-32.59927658070732
-32.630950342957064
-32.66359142657026
-32.69877863425316
-32.73482154495791
-32.773041370301144
-32.813112743844194
-32.86
-32.86
-32.86
-32.86
-32.86
-32.86
-32.86
-32.86
-32.86
-32.86
-32.86
-32.86
-32.86
-32.86
-32.86
-32.86
-32.86
-32.86
-32.86
-32.86
-32.86
-32.86
-32.86
-32.86
-32.86
-32.86
-32.86
-32.86
-32.86
-32.86
-32.86
-32.86
-32.86
-32.86
-32.86
-32.86
-32.86
-32.86
-32.86
-32.86
-32.86
-32.86
-32.86
-32.86
-32.86
-32.86
-32.86
-32.86
-32.86
-32.86
-32.86
-32.86
-32.86
-32.86
-32.86
-32.86
-32.86
-32.86
-32.86
-32.86
-32.86
-32.86
-32.86
-32.86
-32.86
-32.86
-32.86
-32.86
-32.86
-32.86
-32.86
-32.86
-32.86
-32.86
-32.86
-32.86
-32.86
-32.86
-32.86
-32.86
-32.86
-32.86
-32.86
-32.86
-32.86
-32.86
-32.86
-32.86
-32.86
-32.86
-32.86
-32.86
-32.86
-32.86
-32.86
-32.86
-32.86
-32.86
-32.86
-32.86
-32.86
-32.86
-32.86
-32.86
-32.86
-32.86
-32.86
-32.86
-32.86
-32.86
-32.86
-32.86
-32.86
-32.86
-32.86
-32.86
-32.86
-32.86
-32.86
-32.86
-32.86
-32.86
-32.86
-32.86
-32.86
-32.86
-32.86
-32.86
-32.86
-32.86
-32.86
-32.86
-32.86
-32.86
-32.86
-32.86
-32.86
-32.86
-32.86
-32.86
-32.86
-32.86
-32.86
-32.86
-32.86
-32.83001528401611
-32.798689564676735
-32.76835196256734
-32.73864268795478
-32.70957751881225
-32.68138225850975
-32.653949310709855
-32.62720253530819
-32.60158951114889
-32.576594255917165
-32.552585718786844
-32.529614301607914
-32.5075015036576
-32.48630670511763
-32.46634673761768
-32.44728873429497
-32.429207416385886
-32.41245243144158
-32.39670717692288
-32.38203466887783
-32.368791259125814
-32.35671279263253
-32.34567453844889
-32.33638760161929
-32.32813719586304
-32.32122128046742
-32.3160684494318
-32.31191912196697
-32.30933648296102
-32.308537484806116
-32.308838608458984
-32.31081426162566
-32.31458302493854
-32.31969969536451
-32.326280713582065
-32.33488768759454
-32.34456794943939
-32.35641556105653
-32.36967660415293
-32.38429475125727
-32.40104496820428
-32.419217187430775
-32.43899045336313
-32.460516876553726
-32.483655906854096
-32.50807719956437
-32.53490960230578
-32.56251040695519
-32.592637266129444
-32.623839608979004
-32.6568657785412
-32.6916114635016
-32.72748331172262
-32.76564376995568
-32.80558530356271
-32.84750252515128
-32.86
-32.86
-32.86
-32.86
-32.86
-32.86
-32.86
-32.86
-32.86
-32.86
-32.86
-32.86
-32.86
-32.86
-32.86
-32.86
-32.86
-32.86
-32.86
-32.86
-32.86
-32.86
-32.86
-32.86
-32.86
-32.86
-32.86
-32.86
-32.86
-32.86
-32.86
-32.86
-32.86
-32.86
-32.86
-32.86
-32.86
-32.86
-32.86
-32.86
-32.86
-32.86
-32.86
-32.86
-32.83001528401611
-32.798689564676735
-32.76835196256734
-32.73864268795478
-32.70957751881225
-32.68138225850975
-32.653949310709855
-32.62720253530819
-32.60158951114889
-32.576594255917165
-32.552585718786844
-32.529614301607914
-32.5075015036576
-32.48630670511763
-32.46634673761768
-32.44728873429497
-32.429207416385886
-32.41245243144158
-32.39670717692288
-32.38203466887783
-32.368791259125814
-32.35671279263253
-32.34567453844889
-32.33638760161929
-32.32813719586304
-32.32122128046742
-32.3160684494318
-32.31191912196697
-32.30933648296102
-32.308537484806116
-32.308838608458984
-32.31081426162566
-32.31458302493854
-32.31969969536451
-32.326280713582065
-32.33488768759454
-32.34456794943939
-32.35641556105653
-32.36967660415293
-32.38429475125727
-32.40104496820428
-32.419217187430775
-32.43899045336313
-32.460516876553726
-32.483655906854096
-32.50807719956437
-32.53490960230578
-32.56251040695519
-32.592637266129444
-32.623839608979004
-32.6568657785412
-32.6916114635016
-32.72748331172262
-32.76564376995568
-32.80558530356271
-32.84750252515128
-32.86
-32.86
-32.86
-32.86
-32.86
-32.86
-32.86
-32.86
-32.86
-32.86
-32.86
-32.86
-32.86
-32.86
-32.86
-32.86
-32.86
-32.86
-32.86
-32.86
-32.86
-32.86
-32.86
-32.86
-32.86
-32.86
-32.86
-32.86
-32.86
-32.86
-32.86
-32.86
-32.86
-32.86
-32.86
-32.86
-32.86
-32.86
-32.86
-32.86
-32.86
-32.86
-32.86
-32.86
-32.86
-32.86
-32.86
-32.86
-32.86
-32.86
-32.86
-32.86
-32.86
-32.86
-32.86
-32.86
-32.86
-32.86
-32.86
-32.86
-32.86
-32.86
-32.86
-32.86
-32.86
-32.86
-32.86
-32.86
-32.86
-32.86
-32.86
-32.86
-32.86
-32.86
-32.86
-32.86
-32.86
-32.86
-32.86
-32.86
-32.86
-32.86
-32.86
-32.86
-32.86
-32.86
-32.86
-32.86
-32.86
-32.86
-32.86
-32.86
-32.86
-32.86
-32.86
-32.86
-32.86
-32.86
-32.86
-32.86
-32.86
-32.86
-32.86
-32.86
-32.86
-32.86
-32.86
-32.86
-32.86
-32.86
-32.86
-32.86
-32.86
-32.86
-32.86
-32.86
-32.86
-32.86
-32.86
-32.86
-32.86
-32.86
-32.86
-32.86
-32.86
-32.86
-32.86
-32.86
-32.86
-32.86
-32.86
-32.86
-32.86
-32.86
-32.86
-32.86
-32.86
-32.86
-32.86
-32.86
-32.86
-32.86
-32.86
-32.85852887764089
-32.826549240550655
-32.795309716718904
-32.76491346951008
-32.73526283967483
-32.70622936086686
-32.67801304131671
-32.65056946506366
-32.62382268746837
-32.59820966330907
-32.5732144029681
-32.549162834410815
-32.52613748556486
-32.50398709688823
-32.48277012298991
-32.46271338021553
-32.44360162835177
-32.42543930421849
-32.40862579151703
-32.3928152277064
-32.378093940620595
-32.36477550686096
-32.352642394150465
-32.341480661891815
-32.33208597332048
-32.32371128769079
-32.316811814144366
-32.31145956268307
-32.307209093434935
-32.30469534336652
-32.30364817306673
-32.30365445299462
-32.30599434145838
-32.309520679651285
-32.31419672426549
-32.32118656470397
-32.32936777197611
-32.33918684715488
-32.350809757069406
-32.36389271034913
-32.37863983729703
-32.39527715180792
-32.41335204547298
-32.43293166317185
-32.45460961552039
-32.47737155057945
-32.50221180801714
-32.52864083225599
-32.55643407491985
-32.586309135246964
-32.61736018532279
-32.65047901040738
-32.68496545298585
-32.72113328759218
-32.759303823338875
-32.79903043801496
-32.84033590310642
-32.86
-32.86
-32.86
-32.86
-32.86
-32.86
-32.86
-32.86
-32.86
-32.86
-32.86
-32.86
-32.86
-32.86
-32.86
-32.86
-32.86
-32.86
-32.86
-32.86
-32.86
-32.86
-32.86
-32.86
-32.86
-32.86
-32.86
-32.86
-32.86
-32.86
-32.86
-32.86
-32.86
-32.86
-32.86
-32.86
-32.86
-32.86
-32.86
-32.86
-32.86
-32.86
-32.86
-32.85852887764089
-32.826549240550655
-32.795309716718904
-32.76491346951008
-32.73526283967483
-32.70622936086686
-32.67801304131671
-32.65056946506366
-32.62382268746837
-32.59820966330907
-32.5732144029681
-32.549162834410815
-32.52613748556486
-32.50398709688823
-32.48277012298991
-32.46271338021553
-32.44360162835177
-32.42543930421849
-32.40862579151703
-32.3928152277064
-32.378093940620595
-32.36477550686096
-32.352642394150465
-32.341480661891815
-32.33208597332048
-32.32371128769079
-32.316811814144366
-32.31145956268307
-32.307209093434935
-32.30469534336652
-32.30364817306673
-32.30365445299462
-32.30599434145838
-32.309520679651285
-32.31419672426549
-32.32118656470397
-32.32936777197611
-32.33918684715488
-32.350809757069406
-32.36389271034913
-32.37863983729703
-32.39527715180792
-32.41335204547298
-32.43293166317185
-32.45460961552039
-32.47737155057945
-32.50221180801714
-32.52864083225599
-32.55643407491985
-32.586309135246964
-32.61736018532279
-32.65047901040738
-32.68496545298585
-32.72113328759218
-32.759303823338875
-32.79903043801496
-32.84033590310642
-32.86
-32.86
-32.86
-32.86
-32.86
-32.86
-32.86
-32.86
-32.86
-32.86
-32.86
-32.86
-32.86
-32.86
-32.86
-32.86
-32.86
-32.86
-32.86
-32.86
-32.86
-32.86
-32.86
-32.86
-32.86
-32.86
-32.86
-32.86
-32.86
-32.86
-32.86
-32.86
-32.86
-32.86
-32.86
-32.86
-32.86
-32.86
-32.86
-32.86
-32.86
-32.86
-32.86
-32.86
-32.86
-32.86
-32.86
-32.86
-32.86
-32.86
-32.86
-32.86
-32.86
-32.86
-32.86
-32.86
-32.86
-32.86
-32.86
-32.86
-32.86
-32.86
-32.86
-32.86
-32.86
-32.86
-32.86
-32.86
-32.86
-32.86
-32.86
-32.86
-32.86
-32.86
-32.86
-32.86
-32.86
-32.86
-32.86
-32.86
-32.86
-32.86
-32.86
-32.86
-32.86
-32.86
-32.86
-32.86
-32.86
-32.86
-32.86
-32.86
-32.86
-32.86
-32.86
-32.86
-32.86
-32.86
-32.86
-32.86
-32.86
-32.86
-32.86
-32.86
-32.86
-32.86
-32.86
-32.86
-32.86
-32.86
-32.86
-32.86
-32.86
-32.86
-32.86
-32.86
-32.86
-32.86
-32.86
-32.86
-32.86
-32.86
-32.86
-32.86
-32.86
-32.86
-32.86
-32.86
-32.86
-32.86
-32.86
-32.86
-32.86
-32.86
-32.86
-32.86
-32.86
-32.86
-32.86
-32.86
-32.86
-32.86
-32.86
-32.855236581295664
-32.82325694420543
-32.79201742538244
-32.76169468304454
-32.73206594289682
-32.70298590257309
-32.67486414794766
-32.64741634292929
-32.62067658944491
-32.595035571616165
-32.57007615101606
-32.54598857278698
-32.523000803495
-32.50070966342246
-32.479495663215104
-32.459377310527785
-32.44013552980391
-32.422023177636454
-32.405187656177965
-32.38920864663976
-32.37448640856756
-32.361099090710496
-32.34875044663795
-32.33772707270347
-32.328253525523216
-32.31969503824612
-32.31272124721838
-32.307316548221074
-32.30299246633995
-32.300324323829365
-32.299175594690816
-32.29938501964674
-32.30137017514425
-32.30468383682557
-32.30966053125584
-32.31641167258434
-32.324389259134165
-32.33421789373691
-32.34580557496101
-32.35879903387576
-32.37353284565302
-32.39008266103124
-32.40768334296569
-32.427789952512306
-32.44901328201487
-32.47200628120325
-32.49665725133653
-32.52309566606944
-32.55090003807969
-32.58069321254324
-32.61176914461628
-32.64481619811779
-32.67937292313444
-32.715257804676895
-32.753444013639516
-32.793009738832126
-32.8346547720125
-32.86
-32.86
-32.86
-32.86
-32.86
-32.86
-32.86
-32.86
-32.86
-32.86
-32.86
-32.86
-32.86
-32.86
-32.86
-32.86
-32.86
-32.86
-32.86
-32.86
-32.86
-32.86
-32.86
-32.86
-32.86
-32.86
-32.86
-32.86
-32.86
-32.86
-32.86
-32.86
-32.86
-32.86
-32.86
-32.86
-32.86
-32.86
-32.86
-32.86
-32.86
-32.86
-32.86
-32.855236581295664
-32.82325694420543
-32.79201742538244
-32.76169468304454
-32.73206594289682
-32.70298590257309
-32.67486414794766
-32.64741634292929
-32.62067658944491
-32.595035571616165
-32.57007615101606
-32.54598857278698
-32.523000803495
-32.50070966342246
-32.479495663215104
-32.459377310527785
-32.44013552980391
-32.422023177636454
-32.405187656177965
-32.38920864663976
-32.37448640856756
-32.361099090710496
-32.34875044663795
-32.33772707270347
-32.328253525523216
-32.31969503824612
-32.31272124721838
-32.307316548221074
-32.30299246633995
-32.300324323829365
-32.299175594690816
-32.29938501964674
-32.30137017514425
-32.30468383682557
-32.30966053125584
-32.31641167258434
-32.324389259134165
-32.33421789373691
-32.34580557496101
-32.35879903387576
-32.37353284565302
-32.39008266103124
-32.40768334296569
-32.427789952512306
-32.44901328201487
-32.47200628120325
-32.49665725133653
-32.52309566606944
-32.55090003807969
-32.58069321254324
-32.61176914461628
-32.64481619811779
-32.67937292313444
-32.715257804676895
-32.753444013639516
-32.793009738832126
-32.8346547720125
-32.86
-32.86
-32.86
-32.86
-32.86
-32.86
-32.86
-32.86
-32.86
-32.86
-32.86
-32.86
-32.86
-32.86
-32.86
-32.86
-32.86
-32.86
-32.86
-32.86
-32.86
-32.86
-32.86
-32.86
-32.86
-32.86
-32.86
-32.86
-32.86
-32.86
-32.86
-32.86
-32.86
-32.86
-32.86
-32.86
-32.86
-32.86
-32.86
-32.86
-32.86
-32.86
-32.86
-32.86
-32.86
-32.86
-32.86
-32.86
-32.86
-32.86
-32.86
-32.86
-32.86
-32.86
-32.86
-32.86
-32.86
-32.86
-32.86
-32.86
-32.86
-32.86
-32.86
-32.86
-32.86
-32.86
-32.86
-32.86
-32.86
-32.86
-32.86
-32.86
-32.86
-32.86
-32.86
-32.86
-32.86
-32.86
-32.86
-32.86
-32.86
-32.86
-32.86
-32.86
-32.86
-32.86
-32.86
-32.86
-32.86
-32.86
-32.86
-32.86
-32.86
-32.86
-32.86
-32.86
-32.86
-32.86
-32.86
-32.86
-32.86
-32.86
-32.86
-32.86
-32.86
-32.86
-32.86
-32.86
-32.86
-32.86
-32.86
-32.86
-32.86
-32.86
-32.86
-32.86
-32.86
-32.86
-32.86
-32.86
-32.86
-32.86
-32.86
-32.86
-32.86
-32.86
-32.86
-32.86
-32.86
-32.86
-32.86
-32.86
-32.86
-32.86
-32.86
-32.86
-32.86
-32.86
-32.86
-32.86
-32.86
-32.86
-32.86
-32.85200512751708
-32.82020058122224
-32.78905427663808
-32.758636144196345
-32.72904302271983
-32.700074374147434
-32.671896777740855
-32.64448211009096
-32.61772830619322
-32.59211528226513
-32.567127054814705
-32.54303954403212
-32.52003765696394
-32.49771217809652
-32.47652576121922
-32.456318773612225
-32.436981594635945
-32.418935720257835
-32.401939148134666
-32.38596251294414
-32.37119694660242
-32.3577189351284
-32.3453285341238
-32.334334865279004
-32.32462338485045
-32.31595550204559
-32.30919438943966
-32.303528653830185
-32.29903195014854
-32.29653359835741
-32.29520230530294
-32.29517341851405
-32.297339076734005
-32.30057218649903
-32.30545554658192
-32.31208237133105
-32.320031138504156
-32.32988445255066
-32.3413623283206
-32.3541126107974
-32.36909198875353
-32.38516651583259
-32.40322912685843
-32.42294902767721
-32.44423704998647
-32.467011772920635
-32.49189671302962
-32.518040349357065
-32.546067121844004
-32.57568086171319
-32.60662598307681
-32.639705754999405
-32.67410814958457
-32.7105058780824
-32.74845908620723
-32.78794505112135
-32.8292625759068
-32.86
-32.86
-32.86
-32.86
-32.86
-32.86
-32.86
-32.86
-32.86
-32.86
-32.86
-32.86
-32.86
-32.86
-32.86
-32.86
-32.86
-32.86
-32.86
-32.86
-32.86
-32.86
-32.86
-32.86
-32.86
-32.86
-32.86
-32.86
-32.86
-32.86
-32.86
-32.86
-32.86
-32.86
-32.86
-32.86
-32.86
-32.86
-32.86
-32.86
-32.86
-32.86
-32.86
-32.85200512751708
-32.82020058122224
-32.78905427663808
-32.758636144196345
-32.72904302271983
-32.700074374147434
-32.671896777740855
-32.64448211009096
-32.61772830619322
-32.59211528226513
-32.567127054814705
-32.54303954403212
-32.52003765696394
-32.49771217809652
-32.47652576121922
-32.456318773612225
-32.436981594635945
-32.418935720257835
-32.401939148134666
-32.38596251294414
-32.37119694660242
-32.3577189351284
-32.3453285341238
-32.334334865279004
-32.32462338485045
-32.31595550204559
-32.30919438943966
-32.303528653830185
-32.29903195014854
-32.29653359835741
-32.29520230530294
-32.29517341851405
-32.297339076734005
-32.30057218649903
-32.30545554658192
-32.31208237133105
-32.320031138504156
-32.32988445255066
-32.3413623283206
-32.3541126107974
-32.36909198875353
-32.38516651583259
-32.40322912685843
-32.42294902767721
-32.44423704998647
-32.467011772920635
-32.49189671302962
-32.518040349357065
-32.546067121844004
-32.57568086171319
-32.60662598307681
-32.639705754999405
-32.67410814958457
-32.7105058780824
-32.74845908620723
-32.78794505112135
-32.8292625759068
-32.86
-32.86
-32.86
-32.86
-32.86
-32.86
-32.86
-32.86
-32.86
-32.86
-32.86
-32.86
-32.86
-32.86
-32.86
-32.86
-32.86
-32.86
-32.86
-32.86
-32.86
-32.86
-32.86
-32.86
-32.86
-32.86
-32.86
-32.86
-32.86
-32.86
-32.86
-32.86
-32.86
-32.86
-32.86
-32.86
-32.86
-32.86
-32.86
-32.86
-32.86
-32.86
-32.86
-32.86
-32.86
-32.86
-32.86
-32.86
-32.86
-32.86
-32.86
-32.86
-32.86
-32.86
-32.86
-32.86
-32.86
-32.86
-32.86
-32.86
-32.86
-32.86
-32.86
-32.86
-32.86
-32.86
-32.86
-32.86
-32.86
-32.86
-32.86
-32.86
-32.86
-32.86
-32.86
-32.86
-32.86
-32.86
-32.86
-32.86
-32.86
-32.86
-32.86
-32.86
-32.86
-32.86
-32.86
-32.86
-32.86
-32.86
-32.86
-32.86
-32.86
-32.86
-32.86
-32.86
-32.86
-32.86
-32.86
-32.86
-32.86
-32.86
-32.86
-32.86
-32.86
-32.86
-32.86
-32.86
-32.86
-32.86
-32.86
-32.86
-32.86
-32.86
-32.86
-32.86
-32.86
-32.86
-32.86
-32.86
-32.86
-32.86
-32.86
-32.86
-32.86
-32.86
-32.86
-32.86
-32.86
-32.86
-32.86
-32.86
-32.86
-32.86
-32.86
-32.86
-32.86
-32.86
-32.86
-32.86
-32.86
-32.86
-32.86
-32.849137377207896
-32.81726498926384
-32.78615164676751
-32.755921614177915
-32.72629287403019
-32.69722770202057
-32.669171610509004
-32.64178689173081
-32.61493325177185
-32.589357899016456
-32.56438370178948
-32.540273399013195
-32.51725588680973
-32.49496873734525
-32.47373070709675
-32.45351587519608
-32.43411384275845
-32.41607546901414
-32.39904130805179
-32.382986509962784
-32.36819921692759
-32.35472973055262
-32.34222368722654
-32.33115654255601
-32.32144226576566
-32.31267809734066
-32.305822371771114
-32.30007824290116
-32.29571895999263
-32.29306165642831
-32.29152638711086
-32.29179728874729
-32.293673438172924
-32.29657740273707
-32.301791175958805
-32.30828419350433
-32.315899313444234
-32.325989225569714
-32.33718500865604
-32.3502549943952
-32.36497256027008
-32.381217935996155
-32.39911383640138
-32.41885375332188
-32.43986272869114
-32.463012805191006
-32.48761617291784
-32.51360270964104
-32.54182460986987
-32.57103391911024
-32.602429725197084
-32.635395207696284
-32.669866537109456
-32.705939959299116
-32.74406424037203
-32.78356306505518
-32.82511866009763
-32.86
-32.86
-32.86
-32.86
-32.86
-32.86
-32.86
-32.86
-32.86
-32.86
-32.86
-32.86
-32.86
-32.86
-32.86
-32.86
-32.86
-32.86
-32.86
-32.86
-32.86
-32.86
-32.86
-32.86
-32.86
-32.86
-32.86
-32.86
-32.86
-32.86
-32.86
-32.86
-32.86
-32.86
-32.86
-32.86
-32.86
-32.86
-32.86
-32.86
-32.86
-32.86
-32.86
-32.849137377207896
-32.81726498926384
-32.78615164676751
-32.755921614177915
-32.72629287403019
-32.69722770202057
-32.669171610509004
-32.64178689173081
-32.61493325177185
-32.589357899016456
-32.56438370178948
-32.540273399013195
-32.51725588680973
-32.49496873734525
-32.47373070709675
-32.45351587519608
-32.43411384275845
-32.41607546901414
-32.39904130805179
-32.382986509962784
-32.36819921692759
-32.35472973055262
-32.34222368722654
-32.33115654255601
-32.32144226576566
-32.31267809734066
-32.305822371771114
-32.30007824290116
-32.29571895999263
-32.29306165642831
-32.29152638711086
-32.29179728874729
-32.293673438172924
-32.29657740273707
-32.301791175958805
-32.30828419350433
-32.315899313444234
-32.325989225569714
-32.33718500865604
-32.3502549943952
-32.36497256027008
-32.381217935996155
-32.39911383640138
-32.41885375332188
-32.43986272869114
-32.463012805191006
-32.48761617291784
-32.51360270964104
-32.54182460986987
-32.57103391911024
-32.602429725197084
-32.635395207696284
-32.669866537109456
-32.705939959299116
-32.74406424037203
-32.78356306505518
-32.82511866009763
-32.86
-32.86
-32.86
-32.86
-32.86
-32.86
-32.86
-32.86
-32.86
-32.86
-32.86
-32.86
-32.86
-32.86
-32.86
-32.86
-32.86
-32.86
-32.86
-32.86
-32.86
-32.86
-32.86
-32.86
-32.86
-32.86
-32.86
-32.86
-32.86
-32.86
-32.86
-32.86
-32.86
-32.86
-32.86
-32.86
-32.86
-32.86
-32.86
-32.86
-32.86
-32.86
-32.86
-32.86
-32.86
-32.86
-32.86
-32.86
-32.86
-32.86
-32.86
-32.86
-32.86
-32.86
-32.86
-32.86
-32.86
-32.86
-32.86
-32.86
-32.86
-32.86
-32.86
-32.86
-32.86
-32.86
-32.86
-32.86
-32.86
-32.86
-32.86
-32.86
-32.86
-32.86
-32.86
-32.86
-32.86
-32.86
-32.86
-32.86
-32.86
-32.86
-32.86
-32.86
-32.86
-32.86
-32.86
-32.86
-32.86
-32.86
-32.86
-32.86
-32.86
-32.86
-32.86
-32.86
-32.86
-32.86
-32.86
-32.86
-32.86
-32.86
-32.86
-32.86
-32.86
-32.86
-32.86
-32.86
-32.86
-32.86
-32.86
-32.86
-32.86
-32.86
-32.86
-32.86
-32.86
-32.86
-32.86
-32.86
-32.86
-32.86
-32.86
-32.86
-32.86
-32.86
-32.86
-32.86
-32.86
-32.86
-32.86
-32.86
-32.86
-32.86
-32.86
-32.86
-32.86
-32.86
-32.86
-32.86
-32.86
-32.86
-32.86
-32.84633228218315
-32.81456588414246
-32.783574950469415
-32.75321411704503
-32.72373044142582
-32.694761797813285
-32.666635809812476
-32.639228169863436
-32.612547867896915
-32.586852587004586
-32.561792671020896
-32.537807493439125
-32.51477124143342
-32.49237770451791
-32.471264794692694
-32.45103102944909
-32.431579340309455
-32.413542609000146
-32.39638497364363
-32.38025085309692
-32.36566263978738
-32.35198914215881
-32.33947195239124
-32.3285110665592
-32.31860959531314
-32.309741438711555
-32.30302489346012
-32.29718943124392
-32.292581552562396
-32.290004830774855
-32.288553295981046
-32.288632212111644
-32.29038615383065
-32.29351603804325
-32.298549684186995
-32.30474822830018
-32.31282840001577
-32.32260775466192
-32.33379783273035
-32.346709231705
-32.36150260841304
-32.37760075199792
-32.395768309187815
-32.41534347239094
-32.43629873193066
-32.45943352310448
-32.48376330987074
-32.510044236100704
-32.53811223244007
-32.56757290904602
-32.59854960059607
-32.63171756025151
-32.666050505588096
-32.70253736515941
-32.74048190547075
-32.77971011725519
-32.82135102176704
-32.86
-32.86
-32.86
-32.86
-32.86
-32.86
-32.86
-32.86
-32.86
-32.86
-32.86
-32.86
-32.86
-32.86
-32.86
-32.86
-32.86
-32.86
-32.86
-32.86
-32.86
-32.86
-32.86
-32.86
-32.86
-32.86
-32.86
-32.86
-32.86
-32.86
-32.86
-32.86
-32.86
-32.86
-32.86
-32.86
-32.86
-32.86
-32.86
-32.86
-32.86
-32.86
-32.86
-32.84633228218315
-32.81456588414246
-32.783574950469415
-32.75321411704503
-32.72373044142582
-32.694761797813285
-32.666635809812476
-32.639228169863436
-32.612547867896915
-32.586852587004586
-32.561792671020896
-32.537807493439125
-32.51477124143342
-32.49237770451791
-32.471264794692694
-32.45103102944909
-32.431579340309455
-32.413542609000146
-32.39638497364363
-32.38025085309692
-32.36566263978738
-32.35198914215881
-32.33947195239124
-32.3285110665592
-32.31860959531314
-32.309741438711555
-32.30302489346012
-32.29718943124392
-32.292581552562396
-32.290004830774855
-32.288553295981046
-32.288632212111644
-32.29038615383065
-32.29351603804325
-32.298549684186995
-32.30474822830018
-32.31282840001577
-32.32260775466192
-32.33379783273035
-32.346709231705
-32.36150260841304
-32.37760075199792
-32.395768309187815
-32.41534347239094
-32.43629873193066
-32.45943352310448
-32.48376330987074
-32.510044236100704
-32.53811223244007
-32.56757290904602
-32.59854960059607
-32.63171756025151
-32.666050505588096
-32.70253736515941
-32.74048190547075
-32.77971011725519
-32.82135102176704
-32.86
-32.86
-32.86
-32.86
-32.86
-32.86
-32.86
-32.86
-32.86
-32.86
-32.86
-32.86
-32.86
-32.86
-32.86
-32.86
-32.86
-32.86
-32.86
-32.86
-32.86
-32.86
-32.86
-32.86
-32.86
-32.86
-32.86
-32.86
-32.86
-32.86
-32.86
-32.86
-32.86
-32.86
-32.86
-32.86
-32.86
-32.86
-32.86
-32.86
-32.86
-32.86
-32.86
-32.86
-32.86
-32.86
-32.86
-32.86
-32.86
-32.86
-32.86
-32.86
-32.86
-32.86
-32.86
-32.86
-32.86
-32.86
-32.86
-32.86
-32.86
-32.86
-32.86
-32.86
-32.86
-32.86
-32.86
-32.86
-32.86
-32.86
-32.86
-32.86
-32.86
-32.86
-32.86
-32.86
-32.86
-32.86
-32.86
-32.86
-32.86
-32.86
-32.86
-32.86
-32.86
-32.86
-32.86
-32.86
-32.86
-32.86
-32.86
-32.86
-32.86
-32.86
-32.86
-32.86
-32.86
-32.86
-32.86
-32.86
-32.86
-32.86
-32.86
-32.86
-32.86
-32.86
-32.86
-32.86
-32.86
-32.86
-32.86
-32.86
-32.86
-32.86
-32.86
-32.86
-32.86
-32.86
-32.86
-32.86
-32.86
-32.86
-32.86
-32.86
-32.86
-32.86
-32.86
-32.86
-32.86
-32.86
-32.86
-32.86
-32.86
-32.86
-32.86
-32.86
-32.86
-32.86
-32.86
-32.86
-32.86
-32.86
-32.86
-32.84388262611845
-32.812107806714195
-32.781050928607826
-32.750916290245094
-32.72136808096634
-32.69233067040649
-32.664327348698265
-32.63694262857749
-32.61016952029346
-32.58459416655029
-32.559619969323315
-32.535466634399135
-32.512484317701066
-32.49020500586686
-32.46895535592189
-32.44870642765465
-32.42940582458535
-32.41124478462892
-32.394048868991504
-32.378012864913266
-32.36324051388201
-32.34962534785918
-32.337186464673216
-32.32605218618658
-32.316056231829954
-32.307488089333305
-32.30043466884635
-32.294415134038154
-32.29025527723236
-32.287411701065025
-32.28564173338575
-32.28605195335508
-32.28770096226007
-32.29072428636743
-32.29568565048716
-32.30193298699798
-32.30989006097077
-32.31974660592782
-32.33078600294052
-32.34399008567528
-32.358625430611816
-32.374671170315686
-32.392770918048086
-32.41213034823933
-32.43346873443253
-32.456468211305285
-32.480914631398704
-32.50702749787601
-32.53497187598037
-32.56434398937536
-32.59586002534026
-32.62878495623239
-32.66313170263059
-32.699349738172835
-32.73747640731142
-32.77688704664354
-32.81854845006384
-32.86
-32.86
-32.86
-32.86
-32.86
-32.86
-32.86
-32.86
-32.86
-32.86
-32.86
-32.86
-32.86
-32.86
-32.86
-32.86
-32.86
-32.86
-32.86
-32.86
-32.86
-32.86
-32.86
-32.86
-32.86
-32.86
-32.86
-32.86
-32.86
-32.86
-32.86
-32.86
-32.86
-32.86
-32.86
-32.86
-32.86
-32.86
-32.86
-32.86
-32.86
-32.86
-32.86
-32.84388262611845
-32.812107806714195
-32.781050928607826
-32.750916290245094
-32.72136808096634
-32.69233067040649
-32.664327348698265
-32.63694262857749
-32.61016952029346
-32.58459416655029
-32.559619969323315
-32.535466634399135
-32.512484317701066
-32.49020500586686
-32.46895535592189
-32.44870642765465
-32.42940582458535
-32.41124478462892
-32.394048868991504
-32.378012864913266
-32.36324051388201
-32.34962534785918
-32.337186464673216
-32.32605218618658
-32.316056231829954
-32.307488089333305
-32.30043466884635
-32.294415134038154
-32.29025527723236
-32.287411701065025
-32.28564173338575
-32.28605195335508
-32.28770096226007
-32.29072428636743
-32.29568565048716
-32.30193298699798
-32.30989006097077
-32.31974660592782
-32.33078600294052
-32.34399008567528
-32.358625430611816
-32.374671170315686
-32.392770918048086
-32.41213034823933
-32.43346873443253
-32.456468211305285
-32.480914631398704
-32.50702749787601
-32.53497187598037
-32.56434398937536
-32.59586002534026
-32.62878495623239
-32.66313170263059
-32.699349738172835
-32.73747640731142
-32.77688704664354
-32.81854845006384
-32.86
-32.86
-32.86
-32.86
-32.86
-32.86
-32.86
-32.86
-32.86
-32.86
-32.86
-32.86
-32.86
-32.86
-32.86
-32.86
-32.86
-32.86
-32.86
-32.86
-32.86
-32.86
-32.86
-32.86
-32.86
-32.86
-32.86
-32.86
-32.86
-32.86
-32.86
-32.86
-32.86
-32.86
-32.86
-32.86
-32.86
-32.86
-32.86
-32.86
-32.86
-32.86
-32.86
-32.86
-32.86
-32.86
-32.86
-32.86
-32.86
-32.86
-32.86
-32.86
-32.86
-32.86
-32.86
-32.86
-32.86
-32.86
-32.86
-32.86
-32.86
-32.86
-32.86
-32.86
-32.86
-32.86
-32.86
-32.86
-32.86
-32.86
-32.86
-32.86
-32.86
-32.86
-32.86
-32.86
-32.86
-32.86
-32.86
-32.86
-32.86
-32.86
-32.86
-32.86
-32.86
-32.86
-32.86
-32.86
-32.86
-32.86
-32.86
-32.86
-32.86
-32.86
-32.86
-32.86
-32.86
-32.86
-32.86
-32.86
-32.86
-32.86
-32.86
-32.86
-32.86
-32.86
-32.86
-32.86
-32.86
-32.86
-32.86
-32.86
-32.86
-32.86
-32.86
-32.86
-32.86
-32.86
-32.86
-32.86
-32.86
-32.86
-32.86
-32.86
-32.86
-32.86
-32.86
-32.86
-32.86
-32.86
-32.86
-32.86
-32.86
-32.86
-32.86
-32.86
-32.86
-32.86
-32.86
-32.86
-32.86
-32.86
-32.86
-32.841548858162405
-32.80989673496834
-32.778920385765744
-32.7487060292452
-32.71920078793938
-32.69028065877542
-32.66219761689688
-32.63480763852891
-32.608200850623234
-32.582550256941445
-32.55753320035107
-32.53358396446324
-32.51054771286059
-32.4881182434974
-32.467041265716816
-32.446807502285374
-32.427282307272726
-32.409335227074926
-32.39218297651439
-32.37598592865413
-32.36134088625571
-32.34757614024879
-32.33503519464754
-32.32411581240176
-32.314049943426724
-32.305358269106975
-32.29839547794783
-32.292361353721965
-32.28807721144154
-32.2851032213012
-32.28353559556213
-32.28390610986908
-32.285242886063216
-32.28851780870826
-32.29347295503447
-32.29951787802395
-32.30776941917327
-32.317421989596454
-32.32833630710976
-32.34158580358796
-32.35601085884906
-32.372288371869516
-32.39033181257591
-32.40986775115405
-32.431003757621056
-32.45409364030837
-32.47821416041559
-32.50470805259778
-32.53251664282972
-32.56196860894546
-32.59333680385256
-32.626347420206784
-32.66092604957033
-32.6972980632414
-32.73531221699191
-32.774443827075935
-32.81641953006539
-32.86
-32.86
-32.86
-32.86
-32.86
-32.86
-32.86
-32.86
-32.86
-32.86
-32.86
-32.86
-32.86
-32.86
-32.86
-32.86
-32.86
-32.86
-32.86
-32.86
-32.86
-32.86
-32.86
-32.86
-32.86
-32.86
-32.86
-32.86
-32.86
-32.86
-32.86
-32.86
-32.86
-32.86
-32.86
-32.86
-32.86
-32.86
-32.86
-32.86
-32.86
-32.86
-32.86
-32.841548858162405
-32.80989673496834
-32.778920385765744
-32.7487060292452
-32.71920078793938
-32.69028065877542
-32.66219761689688
-32.63480763852891
-32.608200850623234
-32.582550256941445
-32.55753320035107
-32.53358396446324
-32.51054771286059
-32.4881182434974
-32.467041265716816
-32.446807502285374
-32.427282307272726
-32.409335227074926
-32.39218297651439
-32.37598592865413
-32.36134088625571
-32.34757614024879
-32.33503519464754
-32.32411581240176
-32.314049943426724
-32.305358269106975
-32.29839547794783
-32.292361353721965
-32.28807721144154
-32.2851032213012
-32.28353559556213
-32.28390610986908
-32.285242886063216
-32.28851780870826
-32.29347295503447
-32.29951787802395
-32.30776941917327
-32.317421989596454
-32.32833630710976
-32.34158580358796
-32.35601085884906
-32.372288371869516
-32.39033181257591
-32.40986775115405
-32.431003757621056
-32.45409364030837
-32.47821416041559
-32.50470805259778
-32.53251664282972
-32.56196860894546
-32.59333680385256
-32.626347420206784
-32.66092604957033
-32.6972980632414
-32.73531221699191
-32.774443827075935
-32.81641953006539
-32.86
-32.86
-32.86
-32.86
-32.86
-32.86
-32.86
-32.86
-32.86
-32.86
-32.86
-32.86
-32.86
-32.86
-32.86
-32.86
-32.86
-32.86
-32.86
-32.86
-32.86
-32.86
-32.86
-32.86
-32.86
-32.86
-32.86
-32.86
-32.86
-32.86
-32.86
-32.86
-32.86
-32.86
-32.86
-32.86
-32.86
-32.86
-32.86
-32.86
-32.86
-32.86
-32.86
-32.86
-32.86
-32.86
-32.86
-32.86
-32.86
-32.86
-32.86
-32.86
-32.86
-32.86
-32.86
-32.86
-32.86
-32.86
-32.86
-32.86
-32.86
-32.86
-32.86
-32.86
-32.86
-32.86
-32.86
-32.86
-32.86
-32.86
-32.86
-32.86
-32.86
-32.86
-32.86
-32.86
-32.86
-32.86
-32.86
-32.86
-32.86
-32.86
-32.86
-32.86
-32.86
-32.86
-32.86
-32.86
-32.86
-32.86
-32.86
-32.86
-32.86
-32.86
-32.86
-32.86
-32.86
-32.86
-32.86
-32.86
-32.86
-32.86
-32.86
-32.86
-32.86
-32.86
-32.86
-32.86
-32.86
-32.86
-32.86
-32.86
-32.86
-32.86
-32.86
-32.86
-32.86
-32.86
-32.86
-32.86
-32.86
-32.86
-32.86
-32.86
-32.86
-32.86
-32.86
-32.86
-32.86
-32.86
-32.86
-32.86
-32.86
-32.86
-32.86
-32.86
-32.86
-32.86
-32.86
-32.86
-32.86
-32.86
-32.86
-32.83952293336625
-32.80785455223995
-32.77687821203467
-32.74674437720395
-32.71727669843052
-32.68829205997513
-32.660322711505195
-32.63304461816177
-32.60624541518205
-32.580750592814894
-32.55585692625129
-32.531709807313305
-32.50880180262896
-32.48652249428406
-32.46527365296366
-32.445056913788285
-32.4257303385267
-32.40764901891737
-32.39045391075907
-32.37441169295662
-32.359670825054856
-32.34580489620535
-32.3335199745368
-32.32236967248651
-32.31226891625082
-32.30389842035547
-32.29667623402287
-32.29041295976411
-32.28644027592359
-32.28343316313644
-32.28179489647746
-32.281995337912704
-32.283562143968034
-32.28685761901946
-32.2915237389455
-32.29773145862129
-32.305874735412374
-32.31540830203241
-32.32670298515698
-32.339786820187726
-32.35429710866489
-32.37040077484344
-32.38846934655192
-32.40784801815456
-32.4293811376156
-32.4522187414961
-32.47656035993471
-32.502975298610224
-32.53077145273869
-32.5600865519012
-32.591731914741914
-32.62460682910745
-32.65911276527816
-32.695666336076805
-32.73368655548699
-32.773381807967006
-32.81495452801154
-32.86
-32.86
-32.86
-32.86
-32.86
-32.86
-32.86
-32.86
-32.86
-32.86
-32.86
-32.86
-32.86
-32.86
-32.86
-32.86
-32.86
-32.86
-32.86
-32.86
-32.86
-32.86
-32.86
-32.86
-32.86
-32.86
-32.86
-32.86
-32.86
-32.86
-32.86
-32.86
-32.86
-32.86
-32.86
-32.86
-32.86
-32.86
-32.86
-32.86
-32.86
-32.86
-32.86
-32.83952293336625
-32.80785455223995
-32.77687821203467
-32.74674437720395
-32.71727669843052
-32.68829205997513
-32.660322711505195
-32.63304461816177
-32.60624541518205
-32.580750592814894
-32.55585692625129
-32.531709807313305
-32.50880180262896
-32.48652249428406
-32.46527365296366
-32.445056913788285
-32.4257303385267
-32.40764901891737
-32.39045391075907
-32.37441169295662
-32.359670825054856
-32.34580489620535
-32.3335199745368
-32.32236967248651
-32.31226891625082
-32.30389842035547
-32.29667623402287
-32.29041295976411
-32.28644027592359
-32.28343316313644
-32.28179489647746
-32.281995337912704
-32.283562143968034
-32.28685761901946
-32.2915237389455
-32.29773145862129
-32.305874735412374
-32.31540830203241
-32.32670298515698
-32.339786820187726
-32.35429710866489
-32.37040077484344
-32.38846934655192
-32.40784801815456
-32.4293811376156
-32.4522187414961
-32.47656035993471
-32.502975298610224
-32.53077145273869
-32.5600865519012
-32.591731914741914
-32.62460682910745
-32.65911276527816
-32.695666336076805
-32.73368655548699
-32.773381807967006
-32.81495452801154
-32.86
-32.86
-32.86
-32.86
-32.86
-32.86
-32.86
-32.86
-32.86
-32.86
-32.86
-32.86
-32.86
-32.86
-32.86
-32.86
-32.86
-32.86
-32.86
-32.86
-32.86
-32.86
-32.86
-32.86
-32.86
-32.86
-32.86
-32.86
-32.86
-32.86
-32.86
-32.86
-32.86
-32.86
-32.86
-32.86
-32.86
-32.86
-32.86
-32.86
-32.86
-32.86
-32.86
-32.86
-32.86
-32.86
-32.86
-32.86
-32.86
-32.86
-32.86
-32.86
-32.86
-32.86
-32.86
-32.86
-32.86
-32.86
-32.86
-32.86
-32.86
-32.86
-32.86
-32.86
-32.86
-32.86
-32.86
-32.86
-32.86
-32.86
-32.86
-32.86
-32.86
-32.86
-32.86
-32.86
-32.86
-32.86
-32.86
-32.86
-32.86
-32.86
-32.86
-32.86
-32.86
-32.86
-32.86
-32.86
-32.86
-32.86
-32.86
-32.86
-32.86
-32.86
-32.86
-32.86
-32.86
-32.86
-32.86
-32.86
-32.86
-32.86
-32.86
-32.86
-32.86
-32.86
-32.86
-32.86
-32.86
-32.86
-32.86
-32.86
-32.86
-32.86
-32.86
-32.86
-32.86
-32.86
-32.86
-32.86
-32.86
-32.86
-32.86
-32.86
-32.86
-32.86
-32.86
-32.86
-32.86
-32.86
-32.86
-32.86
-32.86
-32.86
-32.86
-32.86
-32.86
-32.86
-32.86
-32.86
-32.86
-32.86
-32.86
-32.83767937454452
-32.806060995516845
-32.775084651456915
-32.74490082547961
-32.71546714399485
-32.68665597348344
-32.658683999499104
-32.63133335840949
-32.60473722599594
-32.579204727901605
-32.5542182936053
-32.53031896286753
-32.50733271133735
-32.48495162911621
-32.46390679360554
-32.44373034371274
-32.42426592321321
-32.406324249567575
-32.389209561234246
-32.37295349422826
-32.35839436823671
-32.344636549361425
-32.332160053317004
-32.321106537686205
-32.31112480384368
-32.3025888849843
-32.29524291146388
-32.28942880521682
-32.285211239080645
-32.28190101819899
-32.28064777321016
-32.28083240850506
-32.282133632221026
-32.28551383396149
-32.2903186863714
-32.29657309218824
-32.30463290188498
-32.31420327888821
-32.32542530583788
-32.338533460705726
-32.35265853552007
-32.36941858311231
-32.38725097445842
-32.40679590485973
-32.42816260446817
-32.45091038513244
-32.47538936698956
-32.50187750212604
-32.52953039331574
-32.55934920933461
-32.59068695818255
-32.62357939419618
-32.658330535332965
-32.694767803794235
-32.73281234300863
-32.7724076073709
-32.81446902370143
-32.86
-32.86
-32.86
-32.86
-32.86
-32.86
-32.86
-32.86
-32.86
-32.86
-32.86
-32.86
-32.86
-32.86
-32.86
-32.86
-32.86
-32.86
-32.86
-32.86
-32.86
-32.86
-32.86
-32.86
-32.86
-32.86
-32.86
-32.86
-32.86
-32.86
-32.86
-32.86
-32.86
-32.86
-32.86
-32.86
-32.86
-32.86
-32.86
-32.86
-32.86
-32.86
-32.86
-32.83767937454452
-32.806060995516845
-32.775084651456915
-32.74490082547961
-32.71546714399485
-32.68665597348344
-32.658683999499104
-32.63133335840949
-32.60473722599594
-32.579204727901605
-32.5542182936053
-32.53031896286753
-32.50733271133735
-32.48495162911621
-32.46390679360554
-32.44373034371274
-32.42426592321321
-32.406324249567575
-32.389209561234246
-32.37295349422826
-32.35839436823671
-32.344636549361425
-32.332160053317004
-32.321106537686205
-32.31112480384368
-32.3025888849843
-32.29524291146388
-32.28942880521682
-32.285211239080645
-32.28190101819899
-32.28064777321016
-32.28083240850506
-32.282133632221026
-32.28551383396149
-32.2903186863714
-32.29657309218824
-32.30463290188498
-32.31420327888821
-32.32542530583788
-32.338533460705726
-32.35265853552007
-32.36941858311231
-32.38725097445842
-32.40679590485973
-32.42816260446817
-32.45091038513244
-32.47538936698956
-32.50187750212604
-32.52953039331574
-32.55934920933461
-32.59068695818255
-32.62357939419618
-32.658330535332965
-32.694767803794235
-32.73281234300863
-32.7724076073709
-32.81446902370143
-32.86
-32.86
-32.86
-32.86
-32.86
-32.86
-32.86
-32.86
-32.86
-32.86
-32.86
-32.86
-32.86
-32.86
-32.86
-32.86
-32.86
-32.86
-32.86
-32.86
-32.86
-32.86
-32.86
-32.86
-32.86
-32.86
-32.86
-32.86
-32.86
-32.86
-32.86
-32.86
-32.86
-32.86
-32.86
-32.86
-32.86
-32.86
-32.86
-32.86
-32.86
-32.86
-32.86
-32.86
-32.86
-32.86
-32.86
-32.86
-32.86
-32.86
-32.86
-32.86
-32.86
-32.86
-32.86
-32.86
-32.86
-32.86
-32.86
-32.86
-32.86
-32.86
-32.86
-32.86
-32.86
-32.86
-32.86
-32.86
-32.86
-32.86
-32.86
-32.86
-32.86
-32.86
-32.86
-32.86
-32.86
-32.86
-32.86
-32.86
-32.86
-32.86
-32.86
-32.86
-32.86
-32.86
-32.86
-32.86
-32.86
-32.86
-32.86
-32.86
-32.86
-32.86
-32.86
-32.86
-32.86
-32.86
-32.86
-32.86
-32.86
-32.86
-32.86
-32.86
-32.86
-32.86
-32.86
-32.86
-32.86
-32.86
-32.86
-32.86
-32.86
-32.86
-32.86
-32.86
-32.86
-32.86
-32.86
-32.86
-32.86
-32.86
-32.86
-32.86
-32.86
-32.86
-32.86
-32.86
-32.86
-32.86
-32.86
-32.86
-32.86
-32.86
-32.86
-32.86
-32.86
-32.86
-32.86
-32.86
-32.86
-32.86
-32.86
-32.835942836929355
-32.80442227892281
-32.77344593383924
-32.74334693412801
-32.71395144033024
-32.685087988335596
-32.65722219370103
-32.62996094570876
-32.60329807753019
-32.57785943633172
-32.553021871066825
-32.52899210484665
-32.506060520617
-32.48392903554254
-32.46269099709726
-32.442564742547056
-32.42330496455597
-32.405282759624384
-32.38810907253955
-32.37213753861152
-32.35740651417057
-32.343558303858615
-32.33126188342093
-32.32034250831514
-32.31006424453291
-32.30180225822677
-32.29443679597853
-32.288518139457835
-32.28421237535124
-32.28112556105795
-32.27995272291579
-32.279834693689395
-32.2812971097324
-32.28489730236531
-32.289417617971814
-32.29565518040744
-32.30392055762553
-32.313253899741404
-32.32485785354118
-32.33776409652377
-32.35215938259338
-32.368670399101966
-32.386509374550776
-32.406054292728676
-32.42748234318022
-32.45026911783269
-32.47499914719789
-32.50130468910579
-32.529169700114224
-32.55885494720911
-32.59033270525057
-32.62314322561414
-32.65813969066866
-32.69472092579354
-32.73254387167331
-32.77264713837327
-32.81440887015423
-32.86
-32.86
-32.86
-32.86
-32.86
-32.86
-32.86
-32.86
-32.86
-32.86
-32.86
-32.86
-32.86
-32.86
-32.86
-32.86
-32.86
-32.86
-32.86
-32.86
-32.86
-32.86
-32.86
-32.86
-32.86
-32.86
-32.86
-32.86
-32.86
-32.86
-32.86
-32.86
-32.86
-32.86
-32.86
-32.86
-32.86
-32.86
-32.86
-32.86
-32.86
-32.86
-32.86
-32.835942836929355
-32.80442227892281
-32.77344593383924
-32.74334693412801
-32.71395144033024
-32.685087988335596
-32.65722219370103
-32.62996094570876
-32.60329807753019
-32.57785943633172
-32.553021871066825
-32.52899210484665
-32.506060520617
-32.48392903554254
-32.46269099709726
-32.442564742547056
-32.42330496455597
-32.405282759624384
-32.38810907253955
-32.37213753861152
-32.35740651417057
-32.343558303858615
-32.33126188342093
-32.32034250831514
-32.31006424453291
-32.30180225822677
-32.29443679597853
-32.288518139457835
-32.28421237535124
-32.28112556105795
-32.27995272291579
-32.279834693689395
-32.2812971097324
-32.28489730236531
-32.289417617971814
-32.29565518040744
-32.30392055762553
-32.313253899741404
-32.32485785354118
-32.33776409652377
-32.35215938259338
-32.368670399101966
-32.386509374550776
-32.406054292728676
-32.42748234318022
-32.45026911783269
-32.47499914719789
-32.50130468910579
-32.529169700114224
-32.55885494720911
-32.59033270525057
-32.62314322561414
-32.65813969066866
-32.69472092579354
-32.73254387167331
-32.77264713837327
-32.81440887015423
-32.86
-32.86
-32.86
-32.86
-32.86
-32.86
-32.86
-32.86
-32.86
-32.86
-32.86
-32.86
-32.86
-32.86
-32.86
-32.86
-32.86
-32.86
-32.86
-32.86
-32.86
-32.86
-32.86
-32.86
-32.86
-32.86
-32.86
-32.86
-32.86
-32.86
-32.86
-32.86
-32.86
-32.86
-32.86
-32.86
-32.86
-32.86
-32.86
-32.86
-32.86
-32.86
-32.86
-32.86
-32.86
-32.86
-32.86
-32.86
-32.86
-32.86
-32.86
-32.86
-32.86
-32.86
-32.86
-32.86
-32.86
-32.86
-32.86
-32.86
-32.86
-32.86
-32.86
-32.86
-32.86
-32.86
-32.86
-32.86
-32.86
-32.86
-32.86
-32.86
-32.86
-32.86
-32.86
-32.86
-32.86
-32.86
-32.86
-32.86
-32.86
-32.86
-32.86
-32.86
-32.86
-32.86
-32.86
-32.86
-32.86
-32.86
-32.86
-32.86
-32.86
-32.86
-32.86
-32.86
-32.86
-32.86
-32.86
-32.86
-32.86
-32.86
-32.86
-32.86
-32.86
-32.86
-32.86
-32.86
-32.86
-32.86
-32.86
-32.86
-32.86
-32.86
-32.86
-32.86
-32.86
-32.86
-32.86
-32.86
-32.86
-32.86
-32.86
-32.86
-32.86
-32.86
-32.86
-32.86
-32.86
-32.86
-32.86
-32.86
-32.86
-32.86
-32.86
-32.86
-32.86
-32.86
-32.86
-32.86
-32.86
-32.86
-32.86
-32.834451941096454
-32.80292111289187
-32.77206096599337
-32.7419935857316
-32.712609876737055
-32.68382173243928
-32.655946769529784
-32.6287319119091
-32.60221983202739
-32.57678730294225
-32.55191714590143
-32.52806796248036
-32.50516063378458
-32.48290483932511
-32.46194190394579
-32.441788670846705
-32.422421247697486
-32.4045560294586
-32.38748428623955
-32.37133423643865
-32.356751597638365
-32.34307064237337
-32.33060484412663
-32.31976407964888
-32.30968191071523
-32.30138231155021
-32.29377930464206
-32.28817384640231
-32.28394024825881
-32.280694379626325
-32.279559638251364
-32.27956840962505
-32.28115955866938
-32.28444180914417
-32.2890472949244
-32.29572246882971
-32.303648430476194
-32.31321441166277
-32.324648135813334
-32.337503571551366
-32.35203504465048
-32.36860345005901
-32.386428843863634
-32.40608653520254
-32.42748531776938
-32.45029209783948
-32.475114760713325
-32.50148070514075
-32.52936819372206
-32.559258772653926
-32.59046354690805
-32.62354615299799
-32.65857425175555
-32.69508111136634
-32.73341104827766
-32.773318675781546
-32.81549225133025
-32.86
-32.86
-32.86
-32.86
-32.86
-32.86
-32.86
-32.86
-32.86
-32.86
-32.86
-32.86
-32.86
-32.86
-32.86
-32.86
-32.86
-32.86
-32.86
-32.86
-32.86
-32.86
-32.86
-32.86
-32.86
-32.86
-32.86
-32.86
-32.86
-32.86
-32.86
-32.86
-32.86
-32.86
-32.86
-32.86
-32.86
-32.86
-32.86
-32.86
-32.86
-32.86
-32.86
-32.834451941096454
-32.80292111289187
-32.77206096599337
-32.7419935857316
-32.712609876737055
-32.68382173243928
-32.655946769529784
-32.6287319119091
-32.60221983202739
-32.57678730294225
-32.55191714590143
-32.52806796248036
-32.50516063378458
-32.48290483932511
-32.46194190394579
-32.441788670846705
-32.422421247697486
-32.4045560294586
-32.38748428623955
-32.37133423643865
-32.356751597638365
-32.34307064237337
-32.33060484412663
-32.31976407964888
-32.30968191071523
-32.30138231155021
-32.29377930464206
-32.28817384640231
-32.28394024825881
-32.280694379626325
-32.279559638251364
-32.27956840962505
-32.28115955866938
-32.28444180914417
-32.2890472949244
-32.29572246882971
-32.303648430476194
-32.31321441166277
-32.324648135813334
-32.337503571551366
-32.35203504465048
-32.36860345005901
-32.386428843863634
-32.40608653520254
-32.42748531776938
-32.45029209783948
-32.475114760713325
-32.50148070514075
-32.52936819372206
-32.559258772653926
-32.59046354690805
-32.62354615299799
-32.65857425175555
-32.69508111136634
-32.73341104827766
-32.773318675781546
-32.81549225133025
-32.86
-32.86
-32.86
-32.86
-32.86
-32.86
-32.86
-32.86
-32.86
-32.86
-32.86
-32.86
-32.86
-32.86
-32.86
-32.86
-32.86
-32.86
-32.86
-32.86
-32.86
-32.86
-32.86
-32.86
-32.86
-32.86
-32.86
-32.86
-32.86
-32.86
-32.86
-32.86
-32.86
-32.86
-32.86
-32.86
-32.86
-32.86
-32.86
-32.86
-32.86
-32.86
-32.86
-32.86
-32.86
-32.86
-32.86
-32.86
-32.86
-32.86
-32.86
-32.86
-32.86
-32.86
-32.86
-32.86
-32.86
-32.86
-32.86
-32.86
-32.86
-32.86
-32.86
-32.86
-32.86
-32.86
-32.86
-32.86
-32.86
-32.86
-32.86
-32.86
-32.86
-32.86
-32.86
-32.86
-32.86
-32.86
-32.86
-32.86
-32.86
-32.86
-32.86
-32.86
-32.86
-32.86
-32.86
-32.86
-32.86
-32.86
-32.86
-32.86
-32.86
-32.86
-32.86
-32.86
-32.86
-32.86
-32.86
-32.86
-32.86
-32.86
-32.86
-32.86
-32.86
-32.86
-32.86
-32.86
-32.86
-32.86
-32.86
-32.86
-32.86
-32.86
-32.86
-32.86
-32.86
-32.86
-32.86
-32.86
-32.86
-32.86
-32.86
-32.86
-32.86
-32.86
-32.86
-32.86
-32.86
-32.86
-32.86
-32.86
-32.86
-32.86
-32.86
-32.86
-32.86
-32.86
-32.86
-32.86
-32.86
-32.86
-32.86
-32.83304191347677
-32.80162453427595
-32.77077275654362
-32.740781578969994
-32.711497637886055
-32.68274395237055
-32.65489481949898
-32.62781731304504
-32.60129643193645
-32.57594535468877
-32.55119543326841
-32.527306373465976
-32.50446234520653
-32.482364367684696
-32.46132738704596
-32.44124817642173
-32.42204917958653
-32.40410750498729
-32.38703461294889
-32.371063082181394
-32.35644595491971
-32.34275106856486
-32.330429015437595
-32.31959017291098
-32.30941150520536
-32.301298568263874
-32.29386983583505
-32.28827464521268
-32.28371568439392
-32.280847725154146
-32.27973772683281
-32.27950399082753
-32.281254707636336
-32.284719863125254
-32.28931658116555
-32.29584353665149
-32.30384555363033
-32.31347504276049
-32.32503516341964
-32.33793271409733
-32.352535799562624
-32.36906777058742
-32.38654618354601
-32.40666231954926
-32.428034208200515
-32.45081312850919
-32.4758838555861
-32.502033700741066
-32.530224102450155
-32.56005957915418
-32.5914407220933
-32.62460007822093
-32.65982131212631
-32.696286635342105
-32.73457009618537
-32.77504442422161
-32.816926124096526
-32.86
-32.86
-32.86
-32.86
-32.86
-32.86
-32.86
-32.86
-32.86
-32.86
-32.86
-32.86
-32.86
-32.86
-32.86
-32.86
-32.86
-32.86
-32.86
-32.86
-32.86
-32.86
-32.86
-32.86
-32.86
-32.86
-32.86
-32.86
-32.86
-32.86
-32.86
-32.86
-32.86
-32.86
-32.86
-32.86
-32.86
-32.86
-32.86
-32.86
-32.86
-32.86
-32.86
-32.83304191347677
-32.80162453427595
-32.77077275654362
-32.740781578969994
-32.711497637886055
-32.68274395237055
-32.65489481949898
-32.62781731304504
-32.60129643193645
-32.57594535468877
-32.55119543326841
-32.527306373465976
-32.50446234520653
-32.482364367684696
-32.46132738704596
-32.44124817642173
-32.42204917958653
-32.40410750498729
-32.38703461294889
-32.371063082181394
-32.35644595491971
-32.34275106856486
-32.330429015437595
-32.31959017291098
-32.30941150520536
-32.301298568263874
-32.29386983583505
-32.28827464521268
-32.28371568439392
-32.280847725154146
-32.27973772683281
-32.27950399082753
-32.281254707636336
-32.284719863125254
-32.28931658116555
-32.29584353665149
-32.30384555363033
-32.31347504276049
-32.32503516341964
-32.33793271409733
-32.352535799562624
-32.36906777058742
-32.38654618354601
-32.40666231954926
-32.428034208200515
-32.45081312850919
-32.4758838555861
-32.502033700741066
-32.530224102450155
-32.56005957915418
-32.5914407220933
-32.62460007822093
-32.65982131212631
-32.696286635342105
-32.73457009618537
-32.77504442422161
-32.816926124096526
-32.86
-32.86
-32.86
-32.86
-32.86
-32.86
-32.86
-32.86
-32.86
-32.86
-32.86
-32.86
-32.86
-32.86
-32.86
-32.86
-32.86
-32.86
-32.86
-32.86
-32.86
-32.86
-32.86
-32.86
-32.86
-32.86
-32.86
-32.86
-32.86
-32.86
-32.86
-32.86
-32.86
-32.86
-32.86
-32.86
-32.86
-32.86
-32.86
-32.86
-32.86
-32.86
-32.86
-32.86
-32.86
-32.86
-32.86
-32.86
-32.86
-32.86
-32.86
-32.86
-32.86
-32.86
-32.86
-32.86
-32.86
-32.86
-32.86
-32.86
-32.86
-32.86
-32.86
-32.86
-32.86
-32.86
-32.86
-32.86
-32.86
-32.86
-32.86
-32.86
-32.86
-32.86
-32.86
-32.86
-32.86
-32.86
-32.86
-32.86
-32.86
-32.86
-32.86
-32.86
-32.86
-32.86
-32.86
-32.86
-32.86
-32.86
-32.86
-32.86
-32.86
-32.86
-32.86
-32.86
-32.86
-32.86
-32.86
-32.86
-32.86
-32.86
-32.86
-32.86
-32.86
-32.86
-32.86
-32.86
-32.86
-32.86
-32.86
-32.86
-32.86
-32.86
-32.86
-32.86
-32.86
-32.86
-32.86
-32.86
-32.86
-32.86
-32.86
-32.86
-32.86
-32.86
-32.86
-32.86
-32.86
-32.86
-32.86
-32.86
-32.86
-32.86
-32.86
-32.86
-32.86
-32.86
-32.86
-32.86
-32.86
-32.86
-32.86
-32.83189340877984
-32.800519807056105
-32.76973098425185
-32.739822750320094
-32.71055397338535
-32.68192838142973
-32.654146361242894
-32.62706200063084
-32.60068042500689
-32.57537369466366
-32.550641089498114
-32.52686298208433
-32.50405811457507
-32.481982812569996
-32.46100715746037
-32.441047122380745
-32.42177997894309
-32.403945297484384
-32.38701812932386
-32.370918505069106
-32.35654067842143
-32.34297996194355
-32.33044478435277
-32.319793465440426
-32.30981880497411
-32.30156742643411
-32.29414333625726
-32.28875215485146
-32.284333643246434
-32.28152127238367
-32.28008335950886
-32.28001713955623
-32.28213312099722
-32.28527411817077
-32.289889588993184
-32.29683149862572
-32.30469716537332
-32.314386630725274
-32.3259826170202
-32.338652621675884
-32.353684250568044
-32.36993999610022
-32.38783820926223
-32.40791116931278
-32.429138935102806
-32.45229780502596
-32.47711667742586
-32.50349217763541
-32.53172979474224
-32.5615575001608
-32.592882167858306
-32.62644606670341
-32.661460029143115
-32.698141540818455
-32.736768596548025
-32.777143821203325
-32.81952747697815
-32.86
-32.86
-32.86
-32.86
-32.86
-32.86
-32.86
-32.86
-32.86
-32.86
-32.86
-32.86
-32.86
-32.86
-32.86
-32.86
-32.86
-32.86
-32.86
-32.86
-32.86
-32.86
-32.86
-32.86
-32.86
-32.86
-32.86
-32.86
-32.86
-32.86
-32.86
-32.86
-32.86
-32.86
-32.86
-32.86
-32.86
-32.86
-32.86
-32.86
-32.86
-32.86
-32.86
-32.83189340877984
-32.800519807056105
-32.76973098425185
-32.739822750320094
-32.71055397338535
-32.68192838142973
-32.654146361242894
-32.62706200063084
-32.60068042500689
-32.57537369466366
-32.550641089498114
-32.52686298208433
-32.50405811457507
-32.481982812569996
-32.46100715746037
-32.441047122380745
-32.42177997894309
-32.403945297484384
-32.38701812932386
-32.370918505069106
-32.35654067842143
-32.34297996194355
-32.33044478435277
-32.319793465440426
-32.30981880497411
-32.30156742643411
-32.29414333625726
-32.28875215485146
-32.284333643246434
-32.28152127238367
-32.28008335950886
-32.28001713955623
-32.28213312099722
-32.28527411817077
-32.289889588993184
-32.29683149862572
-32.30469716537332
-32.314386630725274
-32.3259826170202
-32.338652621675884
-32.353684250568044
-32.36993999610022
-32.38783820926223
-32.40791116931278
-32.429138935102806
-32.45229780502596
-32.47711667742586
-32.50349217763541
-32.53172979474224
-32.5615575001608
-32.592882167858306
-32.62644606670341
-32.661460029143115
-32.698141540818455
-32.736768596548025
-32.777143821203325
-32.81952747697815
-32.86
-32.86
-32.86
-32.86
-32.86
-32.86
-32.86
-32.86
-32.86
-32.86
-32.86
-32.86
-32.86
-32.86
-32.86
-32.86
-32.86
-32.86
-32.86
-32.86
-32.86
-32.86
-32.86
-32.86
-32.86
-32.86
-32.86
-32.86
-32.86
-32.86
-32.86
-32.86
-32.86
-32.86
-32.86
-32.86
-32.86
-32.86
-32.86
-32.86
-32.86
-32.86
-32.86
-32.86
-32.86
-32.86
-32.86
-32.86
-32.86
-32.86
-32.86
-32.86
-32.86
-32.86
-32.86
-32.86
-32.86
-32.86
-32.86
-32.86
-32.86
-32.86
-32.86
-32.86
-32.86
-32.86
-32.86
-32.86
-32.86
-32.86
-32.86
-32.86
-32.86
-32.86
-32.86
-32.86
-32.86
-32.86
-32.86
-32.86
-32.86
-32.86
-32.86
-32.86
-32.86
-32.86
-32.86
-32.86
-32.86
-32.86
-32.86
-32.86
-32.86
-32.86
-32.86
-32.86
-32.86
-32.86
-32.86
-32.86
-32.86
-32.86
-32.86
-32.86
-32.86
-32.86
-32.86
-32.86
-32.86
-32.86
-32.86
-32.86
-32.86
-32.86
-32.86
-32.86
-32.86
-32.86
-32.86
-32.86
-32.86
-32.86
-32.86
-32.86
-32.86
-32.86
-32.86
-32.86
-32.86
-32.86
-32.86
-32.86
-32.86
-32.86
-32.86
-32.86
-32.86
-32.86
-32.86
-32.86
-32.86
-32.86
-32.86
-32.83085330633007
-32.79960343326762
-32.768911626087494
-32.739030686243474
-32.70989049126149
-32.6813138645299
-32.65354867877763
-32.62658761664264
-32.60027074707367
-32.57500212104002
-32.550350219127374
-32.52665814311772
-32.50393916983616
-32.48189660950258
-32.46107687947168
-32.44104764079476
-32.42197914623921
-32.404155068214834
-32.38727179451714
-32.37137050313002
-32.356897122342225
-32.343363700734116
-32.3311391199373
-32.32042412580697
-32.310401218722035
-32.302300608684156
-32.295021067396405
-32.289571510717906
-32.285277307747144
-32.28248655927861
-32.281284137877705
-32.28124614985048
-32.283071945768754
-32.286336942828584
-32.29140399700396
-32.29798000326872
-32.30575503157911
-32.31588455410377
-32.327255463502034
-32.34037081298402
-32.3551562012172
-32.371535422060454
-32.389553619888986
-32.40958798877949
-32.43081487289436
-32.454126227913754
-32.47901396599904
-32.50526664621494
-32.53381629662912
-32.56360630311531
-32.59518368631091
-32.62868417467852
-32.66392263847992
-32.70046034406944
-32.73949665693194
-32.780156057565655
-32.822450254609834
-32.86
-32.86
-32.86
-32.86
-32.86
-32.86
-32.86
-32.86
-32.86
-32.86
-32.86
-32.86
-32.86
-32.86
-32.86
-32.86
-32.86
-32.86
-32.86
-32.86
-32.86
-32.86
-32.86
-32.86
-32.86
-32.86
-32.86
-32.86
-32.86
-32.86
-32.86
-32.86
-32.86
-32.86
-32.86
-32.86
-32.86
-32.86
-32.86
-32.86
-32.86
-32.86
-32.86
-32.83085330633007
-32.79960343326762
-32.768911626087494
-32.739030686243474
-32.70989049126149
-32.6813138645299
-32.65354867877763
-32.62658761664264
-32.60027074707367
-32.57500212104002
-32.550350219127374
-32.52665814311772
-32.50393916983616
-32.48189660950258
-32.46107687947168
-32.44104764079476
-32.42197914623921
-32.404155068214834
-32.38727179451714
-32.37137050313002
-32.356897122342225
-32.343363700734116
-32.3311391199373
-32.32042412580697
-32.310401218722035
-32.302300608684156
-32.295021067396405
-32.289571510717906
-32.285277307747144
-32.28248655927861
-32.281284137877705
-32.28124614985048
-32.283071945768754
-32.286336942828584
-32.29140399700396
-32.29798000326872
-32.30575503157911
-32.31588455410377
-32.327255463502034
-32.34037081298402
-32.3551562012172
-32.371535422060454
-32.389553619888986
-32.40958798877949
-32.43081487289436
-32.454126227913754
-32.47901396599904
-32.50526664621494
-32.53381629662912
-32.56360630311531
-32.59518368631091
-32.62868417467852
-32.66392263847992
-32.70046034406944
-32.73949665693194
-32.780156057565655
-32.822450254609834
-32.86
-32.86
-32.86
-32.86
-32.86
-32.86
-32.86
-32.86
-32.86
-32.86
-32.86
-32.86
-32.86
-32.86
-32.86
-32.86
-32.86
-32.86
-32.86
-32.86
-32.86
-32.86
-32.86
-32.86
-32.86
-32.86
-32.86
-32.86
-32.86
-32.86
-32.86
-32.86
-32.86
-32.86
-32.86
-32.86
-32.86
-32.86
-32.86
-32.86
-32.86
-32.86
-32.86
-32.86
-32.86
-32.86
-32.86
-32.86
-32.86
-32.86
-32.86
-32.86
-32.86
-32.86
-32.86
-32.86
-32.86
-32.86
-32.86
-32.86
-32.86
-32.86
-32.86
-32.86
-32.86
-32.86
-32.86
-32.86
-32.86
-32.86
-32.86
-32.86
-32.86
-32.86
-32.86
-32.86
-32.86
-32.86
-32.86
-32.86
-32.86
-32.86
-32.86
-32.86
-32.86
-32.86
-32.86
-32.86
-32.86
-32.86
-32.86
-32.86
-32.86
-32.86
-32.86
-32.86
-32.86
-32.86
-32.86
-32.86
-32.86
-32.86
-32.86
-32.86
-32.86
-32.86
-32.86
-32.86
-32.86
-32.86
-32.86
-32.86
-32.86
-32.86
-32.86
-32.86
-32.86
-32.86
-32.86
-32.86
-32.86
-32.86
-32.86
-32.86
-32.86
-32.86
-32.86
-32.86
-32.86
-32.86
-32.86
-32.86
-32.86
-32.86
-32.86
-32.86
-32.86
-32.86
-32.86
-32.86
-32.86
-32.86
-32.86
-32.83003394844091
-32.7987840737913
-32.768222515810265
-32.73842829729001
-32.70935650234139
-32.68079736958201
-32.653273945234716
-32.62632954095619
-32.60007956303154
-32.574916401875754
-32.550350219127374
-32.5266384822123
-32.50409622052171
-32.482181980058805
-32.46130090694704
-32.44142140219975
-32.42240499351273
-32.40465115591368
-32.38788262121716
-32.37204003895816
-32.35768068017592
-32.34431451361476
-32.33196974504224
-32.3213856277763
-32.311509021968526
-32.30339584780781
-32.296196870793516
-32.29077053830476
-32.286595255792946
-32.28383990171254
-32.28278908369541
-32.28273670949954
-32.28486808279704
-32.28802889755626
-32.292989478241864
-32.29972543580372
-32.30768170150876
-32.31773435976336
-32.329263066983316
-32.34216250790165
-32.35730290640839
-32.37352642908291
-32.39192050040111
-32.411833376230994
-32.43306578931645
-32.45661105126326
-32.48136751785489
-32.507947399196205
-32.53647130361485
-32.5663177235366
-32.59800658217268
-32.63174217603788
-32.66670682925025
-32.70381714215714
-32.7428273206546
-32.7833790057904
-32.82631718376975
-32.86
-32.86
-32.86
-32.86
-32.86
-32.86
-32.86
-32.86
-32.86
-32.86
-32.86
-32.86
-32.86
-32.86
-32.86
-32.86
-32.86
-32.86
-32.86
-32.86
-32.86
-32.86
-32.86
-32.86
-32.86
-32.86
-32.86
-32.86
-32.86
-32.86
-32.86
-32.86
-32.86
-32.86
-32.86
-32.86
-32.86
-32.86
-32.86
-32.86
-32.86
-32.86
-32.86
-32.83003394844091
-32.7987840737913
-32.768222515810265
-32.73842829729001
-32.70935650234139
-32.68079736958201
-32.653273945234716
-32.62632954095619
-32.60007956303154
-32.574916401875754
-32.550350219127374
-32.5266384822123
-32.50409622052171
-32.482181980058805
-32.46130090694704
-32.44142140219975
-32.42240499351273
-32.40465115591368
-32.38788262121716
-32.37204003895816
-32.35768068017592
-32.34431451361476
-32.33196974504224
-32.3213856277763
-32.311509021968526
-32.30339584780781
-32.296196870793516
-32.29077053830476
-32.286595255792946
-32.28383990171254
-32.28278908369541
-32.28273670949954
-32.28486808279704
-32.28802889755626
-32.292989478241864
-32.29972543580372
-32.30768170150876
-32.31773435976336
-32.329263066983316
-32.34216250790165
-32.35730290640839
-32.37352642908291
-32.39192050040111
-32.411833376230994
-32.43306578931645
-32.45661105126326
-32.48136751785489
-32.507947399196205
-32.53647130361485
-32.5663177235366
-32.59800658217268
-32.63174217603788
-32.66670682925025
-32.70381714215714
-32.7428273206546
-32.7833790057904
-32.82631718376975
-32.86
-32.86
-32.86
-32.86
-32.86
-32.86
-32.86
-32.86
-32.86
-32.86
-32.86
-32.86
-32.86
-32.86
-32.86
-32.86
-32.86
-32.86
-32.86
-32.86
-32.86
-32.86
-32.86
-32.86
-32.86
-32.86
-32.86
-32.86
-32.86
-32.86
-32.86
-32.86
-32.86
-32.86
-32.86
-32.86
-32.86
-32.86
-32.86
-32.86
-32.86
-32.86
-32.86
-32.86
-32.86
-32.86
-32.86
-32.86
-32.86
-32.86
-32.86
-32.86
-32.86
-32.86
-32.86
-32.86
-32.86
-32.86
-32.86
-32.86
-32.86
-32.86
-32.86
-32.86
-32.86
-32.86
-32.86
-32.86
-32.86
-32.86
-32.86
-32.86
-32.86
-32.86
-32.86
-32.86
-32.86
-32.86
-32.86
-32.86
-32.86
-32.86
-32.86
-32.86
-32.86
-32.86
-32.86
-32.86
-32.86
-32.86
-32.86
-32.86
-32.86
-32.86
-32.86
-32.86
-32.86
-32.86
-32.86
-32.86
-32.86
-32.86
-32.86
-32.86
-32.86
-32.86
-32.86
-32.86
-32.86
-32.86
-32.86
-32.86
-32.86
-32.86
-32.86
-32.86
-32.86
-32.86
-32.86
-32.86
-32.86
-32.86
-32.86
-32.86
-32.86
-32.86
-32.86
-32.86
-32.86
-32.86
-32.86
-32.86
-32.86
-32.86
-32.86
-32.86
-32.86
-32.86
-32.86
-32.86
-32.86
-32.86
-32.86
-32.82930995024059
-32.798291177527524
-32.767803380596135
-32.738018617551845
-32.70903622029425
-32.68066360355676
-32.65309279153308
-32.62630618418082
-32.60019332219227
-32.574993582630114
-32.5505337133312
-32.527038702864616
-32.504467567454775
-32.48261870732248
-32.46191542384687
-32.442123994117445
-32.42317539484633
-32.40555354286689
-32.38885988918394
-32.373123423325445
-32.35873919911981
-32.34542750302617
-32.333361289052576
-32.32276383395034
-32.31289997781983
-32.30492325959161
-32.2978853139783
-32.29247494081813
-32.28839503446443
-32.285617191047955
-32.284684360753026
-32.284842186543024
-32.287043345073755
-32.29002174789681
-32.29547623546841
-32.302032369337326
-32.3099692578684
-32.32026277537689
-32.3316527143803
-32.34490648543729
-32.35990066509456
-32.37636050255265
-32.394773442426185
-32.41467771207636
-32.43617741801813
-32.45959702844131
-32.484464974251566
-32.511228345285886
-32.539773596205
-32.56966776588228
-32.601613677545274
-32.63522661124433
-32.6704137107725
-32.70756744639791
-32.74671097278731
-32.78761568278107
-32.83055979555832
-32.86
-32.86
-32.86
-32.86
-32.86
-32.86
-32.86
-32.86
-32.86
-32.86
-32.86
-32.86
-32.86
-32.86
-32.86
-32.86
-32.86
-32.86
-32.86
-32.86
-32.86
-32.86
-32.86
-32.86
-32.86
-32.86
-32.86
-32.86
-32.86
-32.86
-32.86
-32.86
-32.86
-32.86
-32.86
-32.86
-32.86
-32.86
-32.86
-32.86
-32.86
-32.86
-32.86
-32.82930995024059
-32.798291177527524
-32.767803380596135
-32.738018617551845
-32.70903622029425
-32.68066360355676
-32.65309279153308
-32.62630618418082
-32.60019332219227
-32.574993582630114
-32.5505337133312
-32.527038702864616
-32.504467567454775
-32.48261870732248
-32.46191542384687
-32.442123994117445
-32.42317539484633
-32.40555354286689
-32.38885988918394
-32.373123423325445
-32.35873919911981
-32.34542750302617
-32.333361289052576
-32.32276383395034
-32.31289997781983
-32.30492325959161
-32.2978853139783
-32.29247494081813
-32.28839503446443
-32.285617191047955
-32.284684360753026
-32.284842186543024
-32.287043345073755
-32.29002174789681
-32.29547623546841
-32.302032369337326
-32.3099692578684
-32.32026277537689
-32.3316527143803
-32.34490648543729
-32.35990066509456
-32.37636050255265
-32.394773442426185
-32.41467771207636
-32.43617741801813
-32.45959702844131
-32.484464974251566
-32.511228345285886
-32.539773596205
-32.56966776588228
-32.601613677545274
-32.63522661124433
-32.6704137107725
-32.70756744639791
-32.74671097278731
-32.78761568278107
-32.83055979555832
-32.86
-32.86
-32.86
-32.86
-32.86
-32.86
-32.86
-32.86
-32.86
-32.86
-32.86
-32.86
-32.86
-32.86
-32.86
-32.86
-32.86
-32.86
-32.86
-32.86
-32.86
-32.86
-32.86
-32.86
-32.86
-32.86
-32.86
-32.86
-32.86
-32.86
-32.86
-32.86
-32.86
-32.86
-32.86
-32.86
-32.86
-32.86
-32.86
-32.86
-32.86
-32.86
-32.86
-32.86
-32.86
-32.86
-32.86
-32.86
-32.86
-32.86
-32.86
-32.86
-32.86
-32.86
-32.86
-32.86
-32.86
-32.86
-32.86
-32.86
-32.86
-32.86
-32.86
-32.86
-32.86
-32.86
-32.86
-32.86
-32.86
-32.86
-32.86
-32.86
-32.86
-32.86
-32.86
-32.86
-32.86
-32.86
-32.86
-32.86
-32.86
-32.86
-32.86
-32.86
-32.86
-32.86
-32.86
-32.86
-32.86
-32.86
-32.86
-32.86
-32.86
-32.86
-32.86
-32.86
-32.86
-32.86
-32.86
-32.86
-32.86
-32.86
-32.86
-32.86
-32.86
-32.86
-32.86
-32.86
-32.86
-32.86
-32.86
-32.86
-32.86
-32.86
-32.86
-32.86
-32.86
-32.86
-32.86
-32.86
-32.86
-32.86
-32.86
-32.86
-32.86
-32.86
-32.86
-32.86
-32.86
-32.86
-32.86
-32.86
-32.86
-32.86
-32.86
-32.86
-32.86
-32.86
-32.86
-32.86
-32.86
-32.86
-32.86
-32.828898213374785
-32.797881499594304
-32.767450444191276
-32.73792619852202
-32.70899001077933
-32.680566243394054
-32.653251421188365
-32.6265110240499
-32.60031763082653
-32.57547282362539
-32.551067788534176
-32.52752648012077
-32.50514829538723
-32.483438065833916
-32.4626945167042
-32.44315573712731
-32.42428012034194
-32.40664976107622
-32.39009928263564
-32.37446071651546
-32.36020496189769
-32.34708498071182
-32.334951729623484
-32.32447774438373
-32.31480731656369
-32.30689112445082
-32.299933706136265
-32.29451440133416
-32.290636071470885
-32.28800548905349
-32.287103683410116
-32.28712278284443
-32.28964899096391
-32.2928081404709
-32.29823336032253
-32.30455156589097
-32.313110125860966
-32.32316241092105
-32.334503714402146
-32.34804852031713
-32.36308319140659
-32.37957539630612
-32.39812897488352
-32.41797080869176
-32.43961691523986
-32.46325724458744
-32.487933145966544
-32.51499913222252
-32.54347631323196
-32.573465305284806
-32.60575217997336
-32.639379883257405
-32.67460266983968
-32.71204869976008
-32.75113926546156
-32.792197645795035
-32.83550783076857
-32.86
-32.86
-32.86
-32.86
-32.86
-32.86
-32.86
-32.86
-32.86
-32.86
-32.86
-32.86
-32.86
-32.86
-32.86
-32.86
-32.86
-32.86
-32.86
-32.86
-32.86
-32.86
-32.86
-32.86
-32.86
-32.86
-32.86
-32.86
-32.86
-32.86
-32.86
-32.86
-32.86
-32.86
-32.86
-32.86
-32.86
-32.86
-32.86
-32.86
-32.86
-32.86
-32.86
-32.828898213374785
-32.797881499594304
-32.767450444191276
-32.73792619852202
-32.70899001077933
-32.680566243394054
-32.653251421188365
-32.6265110240499
-32.60031763082653
-32.57547282362539
-32.551067788534176
-32.52752648012077
-32.50514829538723
-32.483438065833916
-32.4626945167042
-32.44315573712731
-32.42428012034194
-32.40664976107622
-32.39009928263564
-32.37446071651546
-32.36020496189769
-32.34708498071182
-32.334951729623484
-32.32447774438373
-32.31480731656369
-32.30689112445082
-32.299933706136265
-32.29451440133416
-32.290636071470885
-32.28800548905349
-32.287103683410116
-32.28712278284443
-32.28964899096391
-32.2928081404709
-32.29823336032253
-32.30455156589097
-32.313110125860966
-32.32316241092105
-32.334503714402146
-32.34804852031713
-32.36308319140659
-32.37957539630612
-32.39812897488352
-32.41797080869176
-32.43961691523986
-32.46325724458744
-32.487933145966544
-32.51499913222252
-32.54347631323196
-32.573465305284806
-32.60575217997336
-32.639379883257405
-32.67460266983968
-32.71204869976008
-32.75113926546156
-32.792197645795035
-32.83550783076857
-32.86
-32.86
-32.86
-32.86
-32.86
-32.86
-32.86
-32.86
-32.86
-32.86
-32.86
-32.86
-32.86
-32.86
-32.86
-32.86
-32.86
-32.86
-32.86
-32.86
-32.86
-32.86
-32.86
-32.86
-32.86
-32.86
-32.86
-32.86
-32.86
-32.86
-32.86
-32.86
-32.86
-32.86
-32.86
-32.86
-32.86
-32.86
-32.86
-32.86
-32.86
-32.86
-32.86
-32.86
-32.86
-32.86
-32.86
-32.86
-32.86
-32.86
-32.86
-32.86
-32.86
-32.86
-32.86
-32.86
-32.86
-32.86
-32.86
-32.86
-32.86
-32.86
-32.86
-32.86
-32.86
-32.86
-32.86
-32.86
-32.86
-32.86
-32.86
-32.86
-32.86
-32.86
-32.86
-32.86
-32.86
-32.86
-32.86
-32.86
-32.86
-32.86
-32.86
-32.86
-32.86
-32.86
-32.86
-32.86
-32.86
-32.86
-32.86
-32.86
-32.86
-32.86
-32.86
-32.86
-32.86
-32.86
-32.86
-32.86
-32.86
-32.86
-32.86
-32.86
-32.86
-32.86
-32.86
-32.86
-32.86
-32.86
-32.86
-32.86
-32.86
-32.86
-32.86
-32.86
-32.86
-32.86
-32.86
-32.86
-32.86
-32.86
-32.86
-32.86
-32.86
-32.86
-32.86
-32.86
-32.86
-32.86
-32.86
-32.86
-32.86
-32.86
-32.86
-32.86
-32.86
-32.86
-32.86
-32.86
-32.86
-32.86
-32.86
-32.82855903106298
-32.79766750030239
-32.76744801318187
-32.737867255811224
-32.70909589209538
-32.68088809850573
-32.65353679048732
-32.6269113996176
-32.601002541303124
-32.57608734323263
-32.55176508737746
-32.528427784228626
-32.506089529639965
-32.48443690224053
-32.46392355549285
-32.44436993856269
-32.425663109783414
-32.40815930880668
-32.39171575328613
-32.37617287622556
-32.361965557043675
-32.34897231802834
-32.33698832985677
-32.32664849128771
-32.317017630260274
-32.30914408939725
-32.30243205791423
-32.29716706610118
-32.293370097667484
-32.29065044907463
-32.289981084393105
-32.29020662109317
-32.292681569797125
-32.29585815728535
-32.3015311667732
-32.308116724207025
-32.31656153449969
-32.326487826285984
-32.33803567823876
-32.35184559836605
-32.36672870751717
-32.38354144536279
-32.402114754590635
-32.42196374912727
-32.44396085920956
-32.46743186487816
-32.4924437619711
-32.519535509302315
-32.54797548746917
-32.578320787415514
-32.61046348620539
-32.64397742241948
-32.67961714610465
-32.71673716485759
-32.756245740846346
-32.79735996934358
-32.84095526476857
-32.86
-32.86
-32.86
-32.86
-32.86
-32.86
-32.86
-32.86
-32.86
-32.86
-32.86
-32.86
-32.86
-32.86
-32.86
-32.86
-32.86
-32.86
-32.86
-32.86
-32.86
-32.86
-32.86
-32.86
-32.86
-32.86
-32.86
-32.86
-32.86
-32.86
-32.86
-32.86
-32.86
-32.86
-32.86
-32.86
-32.86
-32.86
-32.86
-32.86
-32.86
-32.86
-32.86
-32.82855903106298
-32.79766750030239
-32.76744801318187
-32.737867255811224
-32.70909589209538
-32.68088809850573
-32.65353679048732
-32.6269113996176
-32.601002541303124
-32.57608734323263
-32.55176508737746
-32.528427784228626
-32.506089529639965
-32.48443690224053
-32.46392355549285
-32.44436993856269
-32.425663109783414
-32.40815930880668
-32.39171575328613
-32.37617287622556
-32.361965557043675
-32.34897231802834
-32.33698832985677
-32.32664849128771
-32.317017630260274
-32.30914408939725
-32.30243205791423
-32.29716706610118
-32.293370097667484
-32.29065044907463
-32.289981084393105
-32.29020662109317
-32.292681569797125
-32.29585815728535
-32.3015311667732
-32.308116724207025
-32.31656153449969
-32.326487826285984
-32.33803567823876
-32.35184559836605
-32.36672870751717
-32.38354144536279
-32.402114754590635
-32.42196374912727
-32.44396085920956
-32.46743186487816
-32.4924437619711
-32.519535509302315
-32.54797548746917
-32.578320787415514
-32.61046348620539
-32.64397742241948
-32.67961714610465
-32.71673716485759
-32.756245740846346
-32.79735996934358
-32.84095526476857
-32.86
-32.86
-32.86
-32.86
-32.86
-32.86
-32.86
-32.86
-32.86
-32.86
-32.86
-32.86
-32.86
-32.86
-32.86
-32.86
-32.86
-32.86
-32.86
-32.86
-32.86
-32.86
-32.86
-32.86
-32.86
-32.86
-32.86
-32.86
-32.86
-32.86
-32.86
-32.86
-32.86
-32.86
-32.86
-32.86
-32.86
-32.86
-32.86
-32.86
-32.86
-32.86
-32.86
-32.86
-32.86
-32.86
-32.86
-32.86
-32.86
-32.86
-32.86
-32.86
-32.86
-32.86
-32.86
-32.86
-32.86
-32.86
-32.86
-32.86
-32.86
-32.86
-32.86
-32.86
-32.86
-32.86
-32.86
-32.86
-32.86
-32.86
-32.86
-32.86
-32.86
-32.86
-32.86
-32.86
-32.86
-32.86
-32.86
-32.86
-32.86
-32.86
-32.86
-32.86
-32.86
-32.86
-32.86
-32.86
-32.86
-32.86
-32.86
-32.86
-32.86
-32.86
-32.86
-32.86
-32.86
-32.86
-32.86
-32.86
-32.86
-32.86
-32.86
-32.86
-32.86
-32.86
-32.86
-32.86
-32.86
-32.86
-32.86
-32.86
-32.86
-32.86
-32.86
-32.86
-32.86
-32.86
-32.86
-32.86
-32.86
-32.86
-32.86
-32.86
-32.86
-32.86
-32.86
-32.86
-32.86
-32.86
-32.86
-32.86
-32.86
-32.86
-32.86
-32.86
-32.86
-32.86
-32.86
-32.86
-32.86
-32.86
-32.86
-32.828466409987406
-32.79766750030239
-32.76743584591148
-32.73813962641366
-32.70946179333873
-32.681248790269194
-32.654136795389846
-32.627611045194314
-32.6016262503988
-32.57695204930769
-32.55286981254286
-32.52946116958585
-32.507364511611456
-32.48583159347714
-32.465268527064204
-32.44594269207948
-32.42739379504667
-32.409853154312295
-32.39365119223486
-32.37826045651088
-32.36409597537916
-32.35126079739458
-32.33936353795368
-32.32907583025962
-32.31972951472752
-32.31197265881952
-32.30533736564146
-32.30001940229177
-32.296461032299035
-32.293953977809004
-32.293331294270644
-32.29343105769102
-32.29622965541147
-32.29969161291512
-32.30519979837613
-32.311839859987366
-32.320477925821145
-32.330579914126766
-32.34228791879484
-32.35595157702012
-32.37112681618728
-32.387846807351124
-32.4065060957684
-32.42653903962797
-32.448552445030955
-32.47217141369137
-32.497235447214
-32.52443472098815
-32.552879073531074
-32.583407185206184
-32.61562260148302
-32.649460259825794
-32.684799937976955
-32.722465251842074
-32.76170891612447
-32.80310448836785
-32.84690479763035
-32.86
-32.86
-32.86
-32.86
-32.86
-32.86
-32.86
-32.86
-32.86
-32.86
-32.86
-32.86
-32.86
-32.86
-32.86
-32.86
-32.86
-32.86
-32.86
-32.86
-32.86
-32.86
-32.86
-32.86
-32.86
-32.86
-32.86
-32.86
-32.86
-32.86
-32.86
-32.86
-32.86
-32.86
-32.86
-32.86
-32.86
-32.86
-32.86
-32.86
-32.86
-32.86
-32.86
-32.828466409987406
-32.79766750030239
-32.76743584591148
-32.73813962641366
-32.70946179333873
-32.681248790269194
-32.654136795389846
-32.627611045194314
-32.6016262503988
-32.57695204930769
-32.55286981254286
-32.52946116958585
-32.507364511611456
-32.48583159347714
-32.465268527064204
-32.44594269207948
-32.42739379504667
-32.409853154312295
-32.39365119223486
-32.37826045651088
-32.36409597537916
-32.35126079739458
-32.33936353795368
-32.32907583025962
-32.31972951472752
-32.31197265881952
-32.30533736564146
-32.30001940229177
-32.296461032299035
-32.293953977809004
-32.293331294270644
-32.29343105769102
-32.29622965541147
-32.29969161291512
-32.30519979837613
-32.311839859987366
-32.320477925821145
-32.330579914126766
-32.34228791879484
-32.35595157702012
-32.37112681618728
-32.387846807351124
-32.4065060957684
-32.42653903962797
-32.448552445030955
-32.47217141369137
-32.497235447214
-32.52443472098815
-32.552879073531074
-32.583407185206184
-32.61562260148302
-32.649460259825794
-32.684799937976955
-32.722465251842074
-32.76170891612447
-32.80310448836785
-32.84690479763035
-32.86
-32.86
-32.86
-32.86
-32.86
-32.86
-32.86
-32.86
-32.86
-32.86
-32.86
-32.86
-32.86
-32.86
-32.86
-32.86
-32.86
-32.86
-32.86
-32.86
-32.86
-32.86
-32.86
-32.86
-32.86
-32.86
-32.86
-32.86
-32.86
-32.86
-32.86
-32.86
-32.86
-32.86
-32.86
-32.86
-32.86
-32.86
-32.86
-32.86
-32.86
-32.86
-32.86
-32.86
-32.86
-32.86
-32.86
-32.86
-32.86
-32.86
-32.86
-32.86
-32.86
-32.86
-32.86
-32.86
-32.86
-32.86
-32.86
-32.86
-32.86
-32.86
-32.86
-32.86
-32.86
-32.86
-32.86
-32.86
-32.86
-32.86
-32.86
-32.86
-32.86
-32.86
-32.86
-32.86
-32.86
-32.86
-32.86
-32.86
-32.86
-32.86
-32.86
-32.86
-32.86
-32.86
-32.86
-32.86
-32.86
-32.86
-32.86
-32.86
-32.86
-32.86
-32.86
-32.86
-32.86
-32.86
-32.86
-32.86
-32.86
-32.86
-32.86
-32.86
-32.86
-32.86
-32.86
-32.86
-32.86
-32.86
-32.86
-32.86
-32.86
-32.86
-32.86
-32.86
-32.86
-32.86
-32.86
-32.86
-32.86
-32.86
-32.86
-32.86
-32.86
-32.86
-32.86
-32.86
-32.86
-32.86
-32.86
-32.86
-32.86
-32.86
-32.86
-32.86
-32.86
-32.86
-32.86
-32.86
-32.86
-32.86
-32.86
-32.828466409987406
-32.79786100462472
-32.7678455238447
-32.73846877546468
-32.70995681906771
-32.681992211065385
-32.65488625667998
-32.62847893159988
-32.602774079448466
-32.578100552775005
-32.554071286993
-32.53093807454819
-32.50879838799906
-32.48741061330574
-32.467122886084724
-32.44779083804106
-32.42935044679551
-32.41205801586375
-32.39588289572733
-32.38063129492439
-32.366629978048735
-32.353847778890255
-32.3421072655317
-32.3320141877194
-32.32276448610222
-32.314985533850425
-32.30860264491737
-32.303507856152834
-32.30002386886881
-32.29745246703705
-32.29714661067774
-32.297543958841864
-32.30017457198346
-32.30363193541946
-32.30936570481509
-32.31639859719065
-32.32458545705388
-32.33515097189078
-32.347026039470485
-32.36059776585021
-32.37609133494993
-32.392808865810146
-32.41150758861714
-32.43183270599151
-32.453542868675875
-32.477567240149206
-32.502777524589916
-32.52979757210685
-32.55875517040677
-32.58892632499773
-32.62133074236769
-32.65532385778692
-32.69108356775952
-32.728400150514766
-32.76799828053789
-32.80933011817751
-32.86
-32.86
-32.86
-32.86
-32.86
-32.86
-32.86
-32.86
-32.86
-32.86
-32.86
-32.86
-32.86
-32.86
-32.86
-32.86
-32.86
-32.86
-32.86
-32.86
-32.86
-32.86
-32.86
-32.86
-32.86
-32.86
-32.86
-32.86
-32.86
-32.86
-32.86
-32.86
-32.86
-32.86
-32.86
-32.86
-32.86
-32.86
-32.86
-32.86
-32.86
-32.86
-32.86
-32.86
-32.828466409987406
-32.79786100462472
-32.7678455238447
-32.73846877546468
-32.70995681906771
-32.681992211065385
-32.65488625667998
-32.62847893159988
-32.602774079448466
-32.578100552775005
-32.554071286993
-32.53093807454819
-32.50879838799906
-32.48741061330574
-32.467122886084724
-32.44779083804106
-32.42935044679551
-32.41205801586375
-32.39588289572733
-32.38063129492439
-32.366629978048735
-32.353847778890255
-32.3421072655317
-32.3320141877194
-32.32276448610222
-32.314985533850425
-32.30860264491737
-32.303507856152834
-32.30002386886881
-32.29745246703705
-32.29714661067774
-32.297543958841864
-32.30017457198346
-32.30363193541946
-32.30936570481509
-32.31639859719065
-32.32458545705388
-32.33515097189078
-32.347026039470485
-32.36059776585021
-32.37609133494993
-32.392808865810146
-32.41150758861714
-32.43183270599151
-32.453542868675875
-32.477567240149206
-32.502777524589916
-32.52979757210685
-32.55875517040677
-32.58892632499773
-32.62133074236769
-32.65532385778692
-32.69108356775952
-32.728400150514766
-32.76799828053789
-32.80933011817751
-32.86
-32.86
-32.86
-32.86
-32.86
-32.86
-32.86
-32.86
-32.86
-32.86
-32.86
-32.86
-32.86
-32.86
-32.86
-32.86
-32.86
-32.86
-32.86
-32.86
-32.86
-32.86
-32.86
-32.86
-32.86
-32.86
-32.86
-32.86
-32.86
-32.86
-32.86
-32.86
-32.86
-32.86
-32.86
-32.86
-32.86
-32.86
-32.86
-32.86
-32.86
-32.86
-32.86
-32.86
-32.86
-32.86
-32.86
-32.86
-32.86
-32.86
-32.86
-32.86
-32.86
-32.86
-32.86
-32.86
-32.86
-32.86
-32.86
-32.86
-32.86
-32.86
-32.86
-32.86
-32.86
-32.86
-32.86
-32.86
-32.86
-32.86
-32.86
-32.86
-32.86
-32.86
-32.86
-32.86
-32.86
-32.86
-32.86
-32.86
-32.86
-32.86
-32.86
-32.86
-32.86
-32.86
-32.86
-32.86
-32.86
-32.86
-32.86
-32.86
-32.86
-32.86
-32.86
-32.86
-32.86
-32.86
-32.86
-32.86
-32.86
-32.86
-32.86
-32.86
-32.86
-32.86
-32.86
-32.86
-32.86
-32.86
-32.86
-32.86
-32.86
-32.86
-32.86
-32.86
-32.86
-32.86
-32.86
-32.86
-32.86
-32.86
-32.86
-32.86
-32.86
-32.86
-32.86
-32.86
-32.86
-32.86
-32.86
-32.86
-32.86
-32.86
-32.86
-32.86
-32.86
-32.86
-32.86
-32.86
-32.86
-32.86
-32.86
-32.86
-32.82878505697399
-32.79827068255794
-32.768278444845095
-32.739164878410186
-32.710760179210546
-32.68278122856715
-32.6559375545183
-32.629627435089525
-32.60392258618709
-32.579471034974716
-32.555677849035625
-32.53248734907325
-32.51060014193305
-32.4894268477366
-32.469081026216244
-32.45004513251177
-32.43171182205343
-32.41439448617849
-32.39845564545765
-32.383390844294034
-32.36940302271409
-32.356867674714614
-32.345271916267016
-32.33517001811732
-32.32616276920051
-32.318559982657675
-32.31234435160161
-32.307127924612104
-32.303959757375544
-32.30164063313074
-32.301362384519294
-32.30169172459347
-32.304595252350694
-32.30849013276208
-32.31376657750939
-32.32132636392288
-32.32978899276837
-32.340239763529524
-32.35239048409475
-32.36590381878548
-32.3813162086003
-32.398529288289524
-32.416893027335355
-32.43756389868381
-32.45958174127221
-32.483302746114745
-32.508902382856995
-32.53585060040128
-32.56486819956917
-32.59543998128381
-32.62763140651573
-32.66183251089406
-32.69762489631424
-32.735285158800245
-32.77466029500102
-32.8160283841749
-32.86
-32.86
-32.86
-32.86
-32.86
-32.86
-32.86
-32.86
-32.86
-32.86
-32.86
-32.86
-32.86
-32.86
-32.86
-32.86
-32.86
-32.86
-32.86
-32.86
-32.86
-32.86
-32.86
-32.86
-32.86
-32.86
-32.86
-32.86
-32.86
-32.86
-32.86
-32.86
-32.86
-32.86
-32.86
-32.86
-32.86
-32.86
-32.86
-32.86
-32.86
-32.86
-32.86
-32.86
-32.82878505697399
-32.79827068255794
-32.768278444845095
-32.739164878410186
-32.710760179210546
-32.68278122856715
-32.6559375545183
-32.629627435089525
-32.60392258618709
-32.579471034974716
-32.555677849035625
-32.53248734907325
-32.51060014193305
-32.4894268477366
-32.469081026216244
-32.45004513251177
-32.43171182205343
-32.41439448617849
-32.39845564545765
-32.383390844294034
-32.36940302271409
-32.356867674714614
-32.345271916267016
-32.33517001811732
-32.32616276920051
-32.318559982657675
-32.31234435160161
-32.307127924612104
-32.303959757375544
-32.30164063313074
-32.301362384519294
-32.30169172459347
-32.304595252350694
-32.30849013276208
-32.31376657750939
-32.32132636392288
-32.32978899276837
-32.340239763529524
-32.35239048409475
-32.36590381878548
-32.3813162086003
-32.398529288289524
-32.416893027335355
-32.43756389868381
-32.45958174127221
-32.483302746114745
-32.508902382856995
-32.53585060040128
-32.56486819956917
-32.59543998128381
-32.62763140651573
-32.66183251089406
-32.69762489631424
-32.735285158800245
-32.77466029500102
-32.8160283841749
-32.86
-32.86
-32.86
-32.86
-32.86
-32.86
-32.86
-32.86
-32.86
-32.86
-32.86
-32.86
-32.86
-32.86
-32.86
-32.86
-32.86
-32.86
-32.86
-32.86
-32.86
-32.86
-32.86
-32.86
-32.86
-32.86
-32.86
-32.86
-32.86
-32.86
-32.86
-32.86
-32.86
-32.86
-32.86
-32.86
-32.86
-32.86
-32.86
-32.86
-32.86
-32.86
-32.86
-32.86
-32.86
-32.86
-32.86
-32.86
-32.86
-32.86
-32.86
-32.86
-32.86
-32.86
-32.86
-32.86
-32.86
-32.86
-32.86
-32.86
-32.86
-32.86
-32.86
-32.86
-32.86
-32.86
-32.86
-32.86
-32.86
-32.86
-32.86
-32.86
-32.86
-32.86
-32.86
-32.86
-32.86
-32.86
-32.86
-32.86
-32.86
-32.86
-32.86
-32.86
-32.86
-32.86
-32.86
-32.86
-32.86
-32.86
-32.86
-32.86
-32.86
-32.86
-32.86
-32.86
-32.86
-32.86
-32.86
-32.86
-32.86
-32.86
-32.86
-32.86
-32.86
-32.86
-32.86
-32.86
-32.86
-32.86
-32.86
-32.86
-32.86
-32.86
-32.86
-32.86
-32.86
-32.86
-32.86
-32.86
-32.86
-32.86
-32.86
-32.86
-32.86
-32.86
-32.86
-32.86
-32.86
-32.86
-32.86
-32.86
-32.86
-32.86
-32.86
-32.86
-32.86
-32.86
-32.86
-32.86
-32.86
-32.86
-32.86
-32.86
-32.829194736712154
-32.79880738742523
-32.769055085122396
-32.739984236645114
-32.711690334748
-32.68395668533337
-32.65709768463043
-32.6309441794834
-32.60549346118126
-32.58110975264611
-32.55737196136921
-32.534478646389296
-32.51261796269052
-32.49154689286102
-32.47148099562637
-32.452503206266854
-32.43429686312546
-32.41721941030107
-32.40137880025856
-32.3864454907071
-32.37270734211668
-32.360200504687604
-32.34882832987875
-32.338932324165974
-32.33001179960897
-32.32235794669491
-32.31642763197056
-32.311490342526525
-32.30839279656672
-32.30593950221751
-32.30590903932803
-32.30685912802413
-32.30925546549464
-32.31366651956867
-32.319145916747075
-32.32653304570486
-32.33525515415313
-32.345784592495306
-32.35811248140622
-32.3718968867713
-32.387118736598914
-32.404562641574095
-32.42327334345815
-32.44377610527571
-32.46604256304808
-32.4897480235536
-32.51550820911836
-32.542600938453084
-32.57161621452987
-32.60240452124908
-32.634701122783966
-32.66887757916617
-32.70486406409874
-32.74250993483609
-32.78196257265649
-32.82340259697287
-32.86
-32.86
-32.86
-32.86
-32.86
-32.86
-32.86
-32.86
-32.86
-32.86
-32.86
-32.86
-32.86
-32.86
-32.86
-32.86
-32.86
-32.86
-32.86
-32.86
-32.86
-32.86
-32.86
-32.86
-32.86
-32.86
-32.86
-32.86
-32.86
-32.86
-32.86
-32.86
-32.86
-32.86
-32.86
-32.86
-32.86
-32.86
-32.86
-32.86
-32.86
-32.86
-32.86
-32.86
-32.829194736712154
-32.79880738742523
-32.769055085122396
-32.739984236645114
-32.711690334748
-32.68395668533337
-32.65709768463043
-32.6309441794834
-32.60549346118126
-32.58110975264611
-32.55737196136921
-32.534478646389296
-32.51261796269052
-32.49154689286102
-32.47148099562637
-32.452503206266854
-32.43429686312546
-32.41721941030107
-32.40137880025856
-32.3864454907071
-32.37270734211668
-32.360200504687604
-32.34882832987875
-32.338932324165974
-32.33001179960897
-32.32235794669491
-32.31642763197056
-32.311490342526525
-32.30839279656672
-32.30593950221751
-32.30590903932803
-32.30685912802413
-32.30925546549464
-32.31366651956867
-32.319145916747075
-32.32653304570486
-32.33525515415313
-32.345784592495306
-32.35811248140622
-32.3718968867713
-32.387118736598914
-32.404562641574095
-32.42327334345815
-32.44377610527571
-32.46604256304808
-32.4897480235536
-32.51550820911836
-32.542600938453084
-32.57161621452987
-32.60240452124908
-32.634701122783966
-32.66887757916617
-32.70486406409874
-32.74250993483609
-32.78196257265649
-32.82340259697287
-32.86
-32.86
-32.86
-32.86
-32.86
-32.86
-32.86
-32.86
-32.86
-32.86
-32.86
-32.86
-32.86
-32.86
-32.86
-32.86
-32.86
-32.86
-32.86
-32.86
-32.86
-32.86
-32.86
-32.86
-32.86
-32.86
-32.86
-32.86
-32.86
-32.86
-32.86
-32.86
-32.86
-32.86
-32.86
-32.86
-32.86
-32.86
-32.86
-32.86
-32.86
-32.86
-32.86
-32.86
-32.86
-32.86
-32.86
-32.86
-32.86
-32.86
-32.86
-32.86
-32.86
-32.86
-32.86
-32.86
-32.86
-32.86
-32.86
-32.86
-32.86
-32.86
-32.86
-32.86
-32.86
-32.86
-32.86
-32.86
-32.86
-32.86
-32.86
-32.86
-32.86
-32.86
-32.86
-32.86
-32.86
-32.86
-32.86
-32.86
-32.86
-32.86
-32.86
-32.86
-32.86
-32.86
-32.86
-32.86
-32.86
-32.86
-32.86
-32.86
-32.86
-32.86
-32.86
-32.86
-32.86
-32.86
-32.86
-32.86
-32.86
-32.86
-32.86
-32.86
-32.86
-32.86
-32.86
-32.86
-32.86
-32.86
-32.86
-32.86
-32.86
-32.86
-32.86
-32.86
-32.86
-32.86
-32.86
-32.86
-32.86
-32.86
-32.86
-32.86
-32.86
-32.86
-32.86
-32.86
-32.86
-32.86
-32.86
-32.86
-32.86
-32.86
-32.86
-32.86
-32.86
-32.86
-32.86
-32.86
-32.86
-32.86
-32.86
-32.86
-32.82985658535467
-32.799626746901545
-32.76991444969471
-32.74106377235397
-32.71292202158968
-32.68526625506698
-32.6585949732167
-32.63263829851563
-32.60721270953065
-32.58300313939797
-32.559475929404
-32.53662696583798
-32.51491938201291
-32.494111153443484
-32.47399798485225
-32.45529392143926
-32.437325674861306
-32.420164517540506
-32.40459074162694
-32.38982209866975
-32.37611314644665
-32.36395097044948
-32.35272027739127
-32.34277988632744
-32.33420128284464
-32.32681418172749
-32.320989499071494
-32.315964354629976
-32.31306542557741
-32.31109502487721
-32.31082913600945
-32.31212306862874
-32.31467033026974
-32.319185053222974
-32.32486780842836
-32.33241320688792
-32.34128456262332
-32.35189556621937
-32.3641195456008
-32.37830285591766
-32.39373453537667
-32.41103766689183
-32.43009547141443
-32.4504956262088
-32.473038377589155
-32.4968740190189
-32.522533079729634
-32.55007073378253
-32.578805248956826
-32.60981428158392
-32.64240613902148
-32.676485296786694
-32.712698744507385
-32.75039324645554
-32.790007453977104
-32.83116785205604
-32.86
-32.86
-32.86
-32.86
-32.86
-32.86
-32.86
-32.86
-32.86
-32.86
-32.86
-32.86
-32.86
-32.86
-32.86
-32.86
-32.86
-32.86
-32.86
-32.86
-32.86
-32.86
-32.86
-32.86
-32.86
-32.86
-32.86
-32.86
-32.86
-32.86
-32.86
-32.86
-32.86
-32.86
-32.86
-32.86
-32.86
-32.86
-32.86
-32.86
-32.86
-32.86
-32.86
-32.86
-32.82985658535467
-32.799626746901545
-32.76991444969471
-32.74106377235397
-32.71292202158968
-32.68526625506698
-32.6585949732167
-32.63263829851563
-32.60721270953065
-32.58300313939797
-32.559475929404
-32.53662696583798
-32.51491938201291
-32.494111153443484
-32.47399798485225
-32.45529392143926
-32.437325674861306
-32.420164517540506
-32.40459074162694
-32.38982209866975
-32.37611314644665
-32.36395097044948
-32.35272027739127
-32.34277988632744
-32.33420128284464
-32.32681418172749
-32.320989499071494
-32.315964354629976
-32.31306542557741
-32.31109502487721
-32.31082913600945
-32.31212306862874
-32.31467033026974
-32.319185053222974
-32.32486780842836
-32.33241320688792
-32.34128456262332
-32.35189556621937
-32.3641195456008
-32.37830285591766
-32.39373453537667
-32.41103766689183
-32.43009547141443
-32.4504956262088
-32.473038377589155
-32.4968740190189
-32.522533079729634
-32.55007073378253
-32.578805248956826
-32.60981428158392
-32.64240613902148
-32.676485296786694
-32.712698744507385
-32.75039324645554
-32.790007453977104
-32.83116785205604
-32.86
-32.86
-32.86
-32.86
-32.86
-32.86
-32.86
-32.86
-32.86
-32.86
-32.86
-32.86
-32.86
-32.86
-32.86
-32.86
-32.86
-32.86
-32.86
-32.86
-32.86
-32.86
-32.86
-32.86
-32.86
-32.86
-32.86
-32.86
-32.86
-32.86
-32.86
-32.86
-32.86
-32.86
-32.86
-32.86
-32.86
-32.86
-32.86
-32.86
-32.86
-32.86
-32.86
-32.86
-32.86
-32.86
-32.86
-32.86
-32.86
-32.86
-32.86
-32.86
-32.86
-32.86
-32.86
-32.86
-32.86
-32.86
-32.86
-32.86
-32.86
-32.86
-32.86
-32.86
-32.86
-32.86
-32.86
-32.86
-32.86
-32.86
-32.86
-32.86
-32.86
-32.86
-32.86
-32.86
-32.86
-32.86
-32.86
-32.86
-32.86
-32.86
-32.86
-32.86
-32.86
-32.86
-32.86
-32.86
-32.86
-32.86
-32.86
-32.86
-32.86
-32.86
-32.86
-32.86
-32.86
-32.86
-32.86
-32.86
-32.86
-32.86
-32.86
-32.86
-32.86
-32.86
-32.86
-32.86
-32.86
-32.86
-32.86
-32.86
-32.86
-32.86
-32.86
-32.86
-32.86
-32.86
-32.86
-32.86
-32.86
-32.86
-32.86
-32.86
-32.86
-32.86
-32.86
-32.86
-32.86
-32.86
-32.86
-32.86
-32.86
-32.86
-32.86
-32.86
-32.86
-32.86
-32.86
-32.86
-32.86
-32.86
-32.86
-32.86
-32.83075647435759
-32.80052475969337
-32.771119421019094
-32.74233310238956
-32.71430580267658
-32.68689752565335
-32.6603142155177
-32.634452278304856
-32.609269744823884
-32.58517584689375
-32.561667365823766
-32.539115499453004
-32.51751987247185
-32.49680435077387
-32.47700869008855
-32.45825087244527
-32.44047740838751
-32.42368448747483
-32.40811390891278
-32.393540071161546
-32.38015629682535
-32.36797517624183
-32.35699281796439
-32.34728102116528
-32.33885070703358
-32.33138310386075
-32.32580674590875
-32.32103230094314
-32.318233241618
-32.31656380444843
-32.31642222421494
-32.31790542923259
-32.320518587886816
-32.32525306723564
-32.331202809389005
-32.33848658753167
-32.34777754030709
-32.358483713764365
-32.370879785078685
-32.38514388824724
-32.4009662854088
-32.418043476531395
-32.437321943143225
-32.45805637659322
-32.48029156893637
-32.50465860697372
-32.530174842333466
-32.55785733853386
-32.587093417277586
-32.61772302711907
-32.65061043576977
-32.68499478988376
-32.720937187604676
-32.75905348185841
-32.798550659919734
-32.84032339789624
-32.86
-32.86
-32.86
-32.86
-32.86
-32.86
-32.86
-32.86
-32.86
-32.86
-32.86
-32.86
-32.86
-32.86
-32.86
-32.86
-32.86
-32.86
-32.86
-32.86
-32.86
-32.86
-32.86
-32.86
-32.86
-32.86
-32.86
-32.86
-32.86
-32.86
-32.86
-32.86
-32.86
-32.86
-32.86
-32.86
-32.86
-32.86
-32.86
-32.86
-32.86
-32.86
-32.86
-32.86
-32.83075647435759
-32.80052475969337
-32.771119421019094
-32.74233310238956
-32.71430580267658
-32.68689752565335
-32.6603142155177
-32.634452278304856
-32.609269744823884
-32.58517584689375
-32.561667365823766
-32.539115499453004
-32.51751987247185
-32.49680435077387
-32.47700869008855
-32.45825087244527
-32.44047740838751
-32.42368448747483
-32.40811390891278
-32.393540071161546
-32.38015629682535
-32.36797517624183
-32.35699281796439
-32.34728102116528
-32.33885070703358
-32.33138310386075
-32.32580674590875
-32.32103230094314
-32.318233241618
-32.31656380444843
-32.31642222421494
-32.31790542923259
-32.320518587886816
-32.32525306723564
-32.331202809389005
-32.33848658753167
-32.34777754030709
-32.358483713764365
-32.370879785078685
-32.38514388824724
-32.4009662854088
-32.418043476531395
-32.437321943143225
-32.45805637659322
-32.48029156893637
-32.50465860697372
-32.530174842333466
-32.55785733853386
-32.587093417277586
-32.61772302711907
-32.65061043576977
-32.68499478988376
-32.720937187604676
-32.75905348185841
-32.798550659919734
-32.84032339789624
-32.86
-32.86
-32.86
-32.86
-32.86
-32.86
-32.86
-32.86
-32.86
-32.86
-32.86
-32.86
-32.86
-32.86
-32.86
-32.86
-32.86
-32.86
-32.86
-32.86
-32.86
-32.86
-32.86
-32.86
-32.86
-32.86
-32.86
-32.86
-32.86
-32.86
-32.86
-32.86
-32.86
-32.86
-32.86
-32.86
-32.86
-32.86
-32.86
-32.86
-32.86
-32.86
-32.86
-32.86
-32.86
-32.86
-32.86
-32.86
-32.86
-32.86
-32.86
-32.86
-32.86
-32.86
-32.86
-32.86
-32.86
-32.86
-32.86
-32.86
-32.86
-32.86
-32.86
-32.86
-32.86
-32.86
-32.86
-32.86
-32.86
-32.86
-32.86
-32.86
-32.86
-32.86
-32.86
-32.86
-32.86
-32.86
-32.86
-32.86
-32.86
-32.86
-32.86
-32.86
-32.86
-32.86
-32.86
-32.86
-32.86
-32.86
-32.86
-32.86
-32.86
-32.86
-32.86
-32.86
-32.86
-32.86
-32.86
-32.86
-32.86
-32.86
-32.86
-32.86
-32.86
-32.86
-32.86
-32.86
-32.86
-32.86
-32.86
-32.86
-32.86
-32.86
-32.86
-32.86
-32.86
-32.86
-32.86
-32.86
-32.86
-32.86
-32.86
-32.86
-32.86
-32.86
-32.86
-32.86
-32.86
-32.86
-32.86
-32.86
-32.86
-32.86
-32.86
-32.86
-32.86
-32.86
-32.86
-32.86
-32.86
-32.86
-32.86
-32.86
-32.83176152022804
-32.80183244849463
-32.77243330301811
-32.74379613933406
-32.71598618715254
-32.68866055114292
-32.66225027749506
-32.6365887738621
-32.611522973456594
-32.58747523602994
-32.56429407113469
-32.54177841401641
-32.52041365618025
-32.499884515124265
-32.480048042335284
-32.461642281497035
-32.44406588272998
-32.42726006652058
-32.41205648721874
-32.39765291479072
-32.38427768673604
-32.37243474142657
-32.361612068311494
-32.35191936735157
-32.34368858956798
-32.33646808090116
-32.331097167763446
-32.32659081712557
-32.323918440466414
-32.32255263883964
-32.32223593605119
-32.32415681096917
-32.327021340974305
-32.33155243614101
-32.33789153721275
-32.34536995475644
-32.35477565297464
-32.36575732835878
-32.37811570691489
-32.39245813895628
-32.408472379076855
-32.42592304486591
-32.44501043412513
-32.466062334682704
-32.48836717785411
-32.51278044245928
-32.53870129744075
-32.566150730950106
-32.595670802786934
-32.62667273254578
-32.65931045717777
-32.69399286261638
-32.730095659859636
-32.76788530582888
-32.80798637666066
-32.849749640696466
-32.86
-32.86
-32.86
-32.86
-32.86
-32.86
-32.86
-32.86
-32.86
-32.86
-32.86
-32.86
-32.86
-32.86
-32.86
-32.86
-32.86
-32.86
-32.86
-32.86
-32.86
-32.86
-32.86
-32.86
-32.86
-32.86
-32.86
-32.86
-32.86
-32.86
-32.86
-32.86
-32.86
-32.86
-32.86
-32.86
-32.86
-32.86
-32.86
-32.86
-32.86
-32.86
-32.86
-32.86
-32.83176152022804
-32.80183244849463
-32.77243330301811
-32.74379613933406
-32.71598618715254
-32.68866055114292
-32.66225027749506
-32.6365887738621
-32.611522973456594
-32.58747523602994
-32.56429407113469
-32.54177841401641
-32.52041365618025
-32.499884515124265
-32.480048042335284
-32.461642281497035
-32.44406588272998
-32.42726006652058
-32.41205648721874
-32.39765291479072
-32.38427768673604
-32.37243474142657
-32.361612068311494
-32.35191936735157
-32.34368858956798
-32.33646808090116
-32.331097167763446
-32.32659081712557
-32.323918440466414
-32.32255263883964
-32.32223593605119
-32.32415681096917
-32.327021340974305
-32.33155243614101
-32.33789153721275
-32.34536995475644
-32.35477565297464
-32.36575732835878
-32.37811570691489
-32.39245813895628
-32.408472379076855
-32.42592304486591
-32.44501043412513
-32.466062334682704
-32.48836717785411
-32.51278044245928
-32.53870129744075
-32.566150730950106
-32.595670802786934
-32.62667273254578
-32.65931045717777
-32.69399286261638
-32.730095659859636
-32.76788530582888
-32.80798637666066
-32.849749640696466
-32.86
-32.86
-32.86
-32.86
-32.86
-32.86
-32.86
-32.86
-32.86
-32.86
-32.86
-32.86
-32.86
-32.86
-32.86
-32.86
-32.86
-32.86
-32.86
-32.86
-32.86
-32.86
-32.86
-32.86
-32.86
-32.86
-32.86
-32.86
-32.86
-32.86
-32.86
-32.86
-32.86
-32.86
-32.86
-32.86
-32.86
-32.86
-32.86
-32.86
-32.86
-32.86
-32.86
-32.86
-32.86
-32.86
-32.86
-32.86
-32.86
-32.86
-32.86
-32.86
-32.86
-32.86
-32.86
-32.86
-32.86
-32.86
-32.86
-32.86
-32.86
-32.86
-32.86
-32.86
-32.86
-32.86
-32.86
-32.86
-32.86
-32.86
-32.86
-32.86
-32.86
-32.86
-32.86
-32.86
-32.86
-32.86
-32.86
-32.86
-32.86
-32.86
-32.86
-32.86
-32.86
-32.86
-32.86
-32.86
-32.86
-32.86
-32.86
-32.86
-32.86
-32.86
-32.86
-32.86
-32.86
-32.86
-32.86
-32.86
-32.86
-32.86
-32.86
-32.86
-32.86
-32.86
-32.86
-32.86
-32.86
-32.86
-32.86
-32.86
-32.86
-32.86
-32.86
-32.86
-32.86
-32.86
-32.86
-32.86
-32.86
-32.86
-32.86
-32.86
-32.86
-32.86
-32.86
-32.86
-32.86
-32.86
-32.86
-32.86
-32.86
-32.86
-32.86
-32.86
-32.86
-32.86
-32.86
-32.86
-32.86
-32.86
-32.86
-32.86
-32.832990555031046
-32.80314716153477
-32.77404389658409
-32.74552589329102
-32.71781374464063
-32.69075049070984
-32.66443361278591
-32.63887431670703
-32.61405454651118
-32.59021868292822
-32.5670375108373
-32.54481627535086
-32.52354110306533
-32.50312980895691
-32.48363624954378
-32.46527563889918
-32.447843699733056
-32.43143738618513
-32.416201196830414
-32.40201756095068
-32.38896102809115
-32.377091191917955
-32.36648794914625
-32.35698016529919
-32.34911484655922
-32.341958511627446
-32.336777812782714
-32.332739812750184
-32.32968613998138
-32.32885855134816
-32.32890057319466
-32.33061351771305
-32.3339310218586
-32.338573832464846
-32.34502721047177
-32.3526075682234
-32.36206133391555
-32.373383177213896
-32.38606260827411
-32.40037010235141
-32.41639526643911
-32.43414845873052
-32.453221703644196
-32.47450310120225
-32.49710933040574
-32.52130561119493
-32.54764332141887
-32.57515113516732
-32.60475839612608
-32.63602941202336
-32.66878753331224
-32.703565449965694
-32.73999075025476
-32.777799898944856
-32.81766239279257
-32.86
-32.86
-32.86
-32.86
-32.86
-32.86
-32.86
-32.86
-32.86
-32.86
-32.86
-32.86
-32.86
-32.86
-32.86
-32.86
-32.86
-32.86
-32.86
-32.86
-32.86
-32.86
-32.86
-32.86
-32.86
-32.86
-32.86
-32.86
-32.86
-32.86
-32.86
-32.86
-32.86
-32.86
-32.86
-32.86
-32.86
-32.86
-32.86
-32.86
-32.86
-32.86
-32.86
-32.86
-32.86
-32.832990555031046
-32.80314716153477
-32.77404389658409
-32.74552589329102
-32.71781374464063
-32.69075049070984
-32.66443361278591
-32.63887431670703
-32.61405454651118
-32.59021868292822
-32.5670375108373
-32.54481627535086
-32.52354110306533
-32.50312980895691
-32.48363624954378
-32.46527563889918
-32.447843699733056
-32.43143738618513
-32.416201196830414
-32.40201756095068
-32.38896102809115
-32.377091191917955
-32.36648794914625
-32.35698016529919
-32.34911484655922
-32.341958511627446
-32.336777812782714
-32.332739812750184
-32.32968613998138
-32.32885855134816
-32.32890057319466
-32.33061351771305
-32.3339310218586
-32.338573832464846
-32.34502721047177
-32.3526075682234
-32.36206133391555
-32.373383177213896
-32.38606260827411
-32.40037010235141
-32.41639526643911
-32.43414845873052
-32.453221703644196
-32.47450310120225
-32.49710933040574
-32.52130561119493
-32.54764332141887
-32.57515113516732
-32.60475839612608
-32.63602941202336
-32.66878753331224
-32.703565449965694
-32.73999075025476
-32.777799898944856
-32.81766239279257
-32.86
-32.86
-32.86
-32.86
-32.86
-32.86
-32.86
-32.86
-32.86
-32.86
-32.86
-32.86
-32.86
-32.86
-32.86
-32.86
-32.86
-32.86
-32.86
-32.86
-32.86
-32.86
-32.86
-32.86
-32.86
-32.86
-32.86
-32.86
-32.86
-32.86
-32.86
-32.86
-32.86
-32.86
-32.86
-32.86
-32.86
-32.86
-32.86
-32.86
-32.86
-32.86
-32.86
-32.86
-32.86
-32.86
-32.86
-32.86
-32.86
-32.86
-32.86
-32.86
-32.86
-32.86
-32.86
-32.86
-32.86
-32.86
-32.86
-32.86
-32.86
-32.86
-32.86
-32.86
-32.86
-32.86
-32.86
-32.86
-32.86
-32.86
-32.86
-32.86
-32.86
-32.86
-32.86
-32.86
-32.86
-32.86
-32.86
-32.86
-32.86
-32.86
-32.86
-32.86
-32.86
-32.86
-32.86
-32.86
-32.86
-32.86
-32.86
-32.86
-32.86
-32.86
-32.86
-32.86
-32.86
-32.86
-32.86
-32.86
-32.86
-32.86
-32.86
-32.86
-32.86
-32.86
-32.86
-32.86
-32.86
-32.86
-32.86
-32.86
-32.86
-32.86
-32.86
-32.86
-32.86
-32.86
-32.86
-32.86
-32.86
-32.86
-32.86
-32.86
-32.86
-32.86
-32.86
-32.86
-32.86
-32.86
-32.86
-32.86
-32.86
-32.86
-32.86
-32.86
-32.86
-32.86
-32.86
-32.86
-32.86
-32.86
-32.86
-32.86
-32.86
-32.83441933767254
-32.80485533269291
-32.775774224226524
-32.7474564367299
-32.71996429346941
-32.69300372359987
-32.66681150979622
-32.64154738483896
-32.616755960214704
-32.59302752431055
-32.57020135267419
-32.54805620906105
-32.52695883690751
-32.50684315378583
-32.487344975762554
-32.469248888119445
-32.452053719745685
-32.435658691229605
-32.42079387780295
-32.40681436723878
-32.39368409606584
-32.38228186716932
-32.371850972258514
-32.36230182011808
-32.35479635358418
-32.34811421106809
-32.34269680166708
-32.339047395327654
-32.33642323916744
-32.335456989220944
-32.33579045410552
-32.33772854310106
-32.34119767183277
-32.34579220333074
-32.35262788927947
-32.360494272149786
-32.370082561392245
-32.38137748022981
-32.394380493619124
-32.40869391442603
-32.425009007905395
-32.44284856288755
-32.46230983624896
-32.483215984734386
-32.506386484391726
-32.530657798555
-32.55688330906471
-32.58498289536736
-32.61436989964885
-32.64594836754392
-32.67904004882011
-32.71357827191139
-32.75037755310702
-32.78851133179015
-32.828366347013514
-32.86
-32.86
-32.86
-32.86
-32.86
-32.86
-32.86
-32.86
-32.86
-32.86
-32.86
-32.86
-32.86
-32.86
-32.86
-32.86
-32.86
-32.86
-32.86
-32.86
-32.86
-32.86
-32.86
-32.86
-32.86
-32.86
-32.86
-32.86
-32.86
-32.86
-32.86
-32.86
-32.86
-32.86
-32.86
-32.86
-32.86
-32.86
-32.86
-32.86
-32.86
-32.86
-32.86
-32.86
-32.86
-32.83441933767254
-32.80485533269291
-32.775774224226524
-32.7474564367299
-32.71996429346941
-32.69300372359987
-32.66681150979622
-32.64154738483896
-32.616755960214704
-32.59302752431055
-32.57020135267419
-32.54805620906105
-32.52695883690751
-32.50684315378583
-32.487344975762554
-32.469248888119445
-32.452053719745685
-32.435658691229605
-32.42079387780295
-32.40681436723878
-32.39368409606584
-32.38228186716932
-32.371850972258514
-32.36230182011808
-32.35479635358418
-32.34811421106809
-32.34269680166708
-32.339047395327654
-32.33642323916744
-32.335456989220944
-32.33579045410552
-32.33772854310106
-32.34119767183277
-32.34579220333074
-32.35262788927947
-32.360494272149786
-32.370082561392245
-32.38137748022981
-32.394380493619124
-32.40869391442603
-32.425009007905395
-32.44284856288755
-32.46230983624896
-32.483215984734386
-32.506386484391726
-32.530657798555
-32.55688330906471
-32.58498289536736
-32.61436989964885
-32.64594836754392
-32.67904004882011
-32.71357827191139
-32.75037755310702
-32.78851133179015
-32.828366347013514
-32.86
-32.86
-32.86
-32.86
-32.86
-32.86
-32.86
-32.86
-32.86
-32.86
-32.86
-32.86
-32.86
-32.86
-32.86
-32.86
-32.86
-32.86
-32.86
-32.86
-32.86
-32.86
-32.86
-32.86
-32.86
-32.86
-32.86
-32.86
-32.86
-32.86
-32.86
-32.86
-32.86
-32.86
-32.86
-32.86
-32.86
-32.86
-32.86
-32.86
-32.86
-32.86
-32.86
-32.86
-32.86
-32.86
-32.86
-32.86
-32.86
-32.86
-32.86
-32.86
-32.86
-32.86
-32.86
-32.86
-32.86
-32.86
-32.86
-32.86
-32.86
-32.86
-32.86
-32.86
-32.86
-32.86
-32.86
-32.86
-32.86
-32.86
-32.86
-32.86
-32.86
-32.86
-32.86
-32.86
-32.86
-32.86
-32.86
-32.86
-32.86
-32.86
-32.86
-32.86
-32.86
-32.86
-32.86
-32.86
-32.86
-32.86
-32.86
-32.86
-32.86
-32.86
-32.86
-32.86
-32.86
-32.86
-32.86
-32.86
-32.86
-32.86
-32.86
-32.86
-32.86
-32.86
-32.86
-32.86
-32.86
-32.86
-32.86
-32.86
-32.86
-32.86
-32.86
-32.86
-32.86
-32.86
-32.86
-32.86
-32.86
-32.86
-32.86
-32.86
-32.86
-32.86
-32.86
-32.86
-32.86
-32.86
-32.86
-32.86
-32.86
-32.86
-32.86
-32.86
-32.86
-32.86
-32.86
-32.86
-32.86
-32.86
-32.86
-32.86
-32.86
-32.836107811943414
-32.80659892807061
-32.777862606189004
-32.74965072874951
-32.722217525067954
-32.69551334282577
-32.6695508970812
-32.64429082418332
-32.61977139831048
-32.59625712400415
-32.57347868985746
-32.55157266374343
-32.5306459383065
-32.51060674041622
-32.4914225755985
-32.47347403638318
-32.45644394435246
-32.44043634582724
-32.42558571547893
-32.411787478772496
-32.39901587197111
-32.38761433539002
-32.37755127092384
-32.36831735472661
-32.36065125021424
-32.354460182587886
-32.349284930965574
-32.345752538546954
-32.34319460786184
-32.34249800375661
-32.343216100927016
-32.34496633097856
-32.3489337409531
-32.35390364105616
-32.360492315694124
-32.36881215540107
-32.378497003180954
-32.39002594394958
-32.40309426731258
-32.417816027954956
-32.43381715979776
-32.45208476634586
-32.47171859965293
-32.49302096351412
-32.51588557735635
-32.54067184184441
-32.5668446255919
-32.59506308710508
-32.62493312147664
-32.65620650040946
-32.68980108267079
-32.72473770368712
-32.7612586402917
-32.799939956628705
-32.84039714642417
-32.86
-32.86
-32.86
-32.86
-32.86
-32.86
-32.86
-32.86
-32.86
-32.86
-32.86
-32.86
-32.86
-32.86
-32.86
-32.86
-32.86
-32.86
-32.86
-32.86
-32.86
-32.86
-32.86
-32.86
-32.86
-32.86
-32.86
-32.86
-32.86
-32.86
-32.86
-32.86
-32.86
-32.86
-32.86
-32.86
-32.86
-32.86
-32.86
-32.86
-32.86
-32.86
-32.86
-32.86
-32.86
-32.836107811943414
-32.80659892807061
-32.777862606189004
-32.74965072874951
-32.722217525067954
-32.69551334282577
-32.6695508970812
-32.64429082418332
-32.61977139831048
-32.59625712400415
-32.57347868985746
-32.55157266374343
-32.5306459383065
-32.51060674041622
-32.4914225755985
-32.47347403638318
-32.45644394435246
-32.44043634582724
-32.42558571547893
-32.411787478772496
-32.39901587197111
-32.38761433539002
-32.37755127092384
-32.36831735472661
-32.36065125021424
-32.354460182587886
-32.349284930965574
-32.345752538546954
-32.34319460786184
-32.34249800375661
-32.343216100927016
-32.34496633097856
-32.3489337409531
-32.35390364105616
-32.360492315694124
-32.36881215540107
-32.378497003180954
-32.39002594394958
-32.40309426731258
-32.417816027954956
-32.43381715979776
-32.45208476634586
-32.47171859965293
-32.49302096351412
-32.51588557735635
-32.54067184184441
-32.5668446255919
-32.59506308710508
-32.62493312147664
-32.65620650040946
-32.68980108267079
-32.72473770368712
-32.7612586402917
-32.799939956628705
-32.84039714642417
-32.86
-32.86
-32.86
-32.86
-32.86
-32.86
-32.86
-32.86
-32.86
-32.86
-32.86
-32.86
-32.86
-32.86
-32.86
-32.86
-32.86
-32.86
-32.86
-32.86
-32.86
-32.86
-32.86
-32.86
-32.86
-32.86
-32.86
-32.86
-32.86
-32.86
-32.86
-32.86
-32.86
-32.86
-32.86
-32.86
-32.86
-32.86
-32.86
-32.86
-32.86
-32.86
-32.86
-32.86
-32.86
-32.86
-32.86
-32.86
-32.86
-32.86
-32.86
-32.86
-32.86
-32.86
-32.86
-32.86
-32.86
-32.86
-32.86
-32.86
-32.86
-32.86
-32.86
-32.86
-32.86
-32.86
-32.86
-32.86
-32.86
-32.86
-32.86
-32.86
-32.86
-32.86
-32.86
-32.86
-32.86
-32.86
-32.86
-32.86
-32.86
-32.86
-32.86
-32.86
-32.86
-32.86
-32.86
-32.86
-32.86
-32.86
-32.86
-32.86
-32.86
-32.86
-32.86
-32.86
-32.86
-32.86
-32.86
-32.86
-32.86
-32.86
-32.86
-32.86
-32.86
-32.86
-32.86
-32.86
-32.86
-32.86
-32.86
-32.86
-32.86
-32.86
-32.86
-32.86
-32.86
-32.86
-32.86
-32.86
-32.86
-32.86
-32.86
-32.86
-32.86
-32.86
-32.86
-32.86
-32.86
-32.86
-32.86
-32.86
-32.86
-32.86
-32.86
-32.86
-32.86
-32.86
-32.86
-32.86
-32.86
-32.86
-32.86
-32.86
-32.86
-32.83800410015994
-32.808767578971754
-32.78005666228394
-32.75202659068076
-32.7249208720851
-32.69824697659412
-32.67232640850196
-32.64742735185713
-32.62304882783028
-32.59953142469619
-32.577157870456745
-32.55534030322243
-32.534543654500084
-32.51483598997769
-32.495763930516894
-32.477998300784805
-32.461275507536406
-32.445311687313115
-32.43074058261645
-32.417209890423415
-32.404555461432146
-32.39344465637911
-32.383531343120204
-32.37448647327943
-32.36715103518375
-32.36109446594818
-32.356093309686024
-32.35279381844618
-32.35070456719887
-32.3498124226973
-32.3509323609053
-32.3530218885424
-32.356896951214516
-32.362341782752544
-32.36895052509718
-32.37750475294763
-32.38755681131356
-32.39896281901957
-32.41230690961382
-32.42723351164349
-32.443628060392754
-32.461788696426545
-32.48168549614917
-32.50303268966725
-32.52604752775415
-32.55107785127495
-32.57740581687885
-32.60568330496858
-32.635888450964785
-32.66748304187215
-32.700978611529955
-32.73630437729017
-32.77306973711071
-32.811863159159635
-32.8535455090283
-32.86
-32.86
-32.86
-32.86
-32.86
-32.86
-32.86
-32.86
-32.86
-32.86
-32.86
-32.86
-32.86
-32.86
-32.86
-32.86
-32.86
-32.86
-32.86
-32.86
-32.86
-32.86
-32.86
-32.86
-32.86
-32.86
-32.86
-32.86
-32.86
-32.86
-32.86
-32.86
-32.86
-32.86
-32.86
-32.86
-32.86
-32.86
-32.86
-32.86
-32.86
-32.86
-32.86
-32.86
-32.86
-32.83800410015994
-32.808767578971754
-32.78005666228394
-32.75202659068076
-32.7249208720851
-32.69824697659412
-32.67232640850196
-32.64742735185713
-32.62304882783028
-32.59953142469619
-32.577157870456745
-32.55534030322243
-32.534543654500084
-32.51483598997769
-32.495763930516894
-32.477998300784805
-32.461275507536406
-32.445311687313115
-32.43074058261645
-32.417209890423415
-32.404555461432146
-32.39344465637911
-32.383531343120204
-32.37448647327943
-32.36715103518375
-32.36109446594818
-32.356093309686024
-32.35279381844618
-32.35070456719887
-32.3498124226973
-32.3509323609053
-32.3530218885424
-32.356896951214516
-32.362341782752544
-32.36895052509718
-32.37750475294763
-32.38755681131356
-32.39896281901957
-32.41230690961382
-32.42723351164349
-32.443628060392754
-32.461788696426545
-32.48168549614917
-32.50303268966725
-32.52604752775415
-32.55107785127495
-32.57740581687885
-32.60568330496858
-32.635888450964785
-32.66748304187215
-32.700978611529955
-32.73630437729017
-32.77306973711071
-32.811863159159635
-32.8535455090283
-32.86
-32.86
-32.86
-32.86
-32.86
-32.86
-32.86
-32.86
-32.86
-32.86
-32.86
-32.86
-32.86
-32.86
-32.86
-32.86
-32.86
-32.86
-32.86
-32.86
-32.86
-32.86
-32.86
-32.86
-32.86
-32.86
-32.86
-32.86
-32.86
-32.86
-32.86
-32.86
-32.86
-32.86
-32.86
-32.86
-32.86
-32.86
-32.86
-32.86
-32.86
-32.86
-32.86
-32.86
-32.86
-32.86
-32.86
-32.86
-32.86
-32.86
-32.86
-32.86
-32.86
-32.86
-32.86
-32.86
-32.86
-32.86
-32.86
-32.86
-32.86
-32.86
-32.86
-32.86
-32.86
-32.86
-32.86
-32.86
-32.86
-32.86
-32.86
-32.86
-32.86
-32.86
-32.86
-32.86
-32.86
-32.86
-32.86
-32.86
-32.86
-32.86
-32.86
-32.86
-32.86
-32.86
-32.86
-32.86
-32.86
-32.86
-32.86
-32.86
-32.86
-32.86
-32.86
-32.86
-32.86
-32.86
-32.86
-32.86
-32.86
-32.86
-32.86
-32.86
-32.86
-32.86
-32.86
-32.86
-32.86
-32.86
-32.86
-32.86
-32.86
-32.86
-32.86
-32.86
-32.86
-32.86
-32.86
-32.86
-32.86
-32.86
-32.86
-32.86
-32.86
-32.86
-32.86
-32.86
-32.86
-32.86
-32.86
-32.86
-32.86
-32.86
-32.86
-32.86
-32.86
-32.86
-32.86
-32.86
-32.86
-32.86
-32.86
-32.86
-32.86
-32.84020054959328
-32.81102676249965
-32.78257687152337
-32.75477003328212
-32.72766729054862
-32.701228160537816
-32.67552330887849
-32.65070478322195
-32.62655797272148
-32.603295932681625
-32.58092848677723
-32.55936399102985
-32.5388452827989
-32.519178679398735
-32.50044821594634
-32.482833916955585
-32.46616855419107
-32.450615962064155
-32.436113159846066
-32.42283762546675
-32.4105653940514
-32.3994744515534
-32.38990803675772
-32.381305371470695
-32.37387291020726
-32.368145538910476
-32.36339214746467
-32.360026119128996
-32.35845924764277
-32.35775667669776
-32.35903738856007
-32.3614801935591
-32.36547979638681
-32.371152600993064
-32.37796532808006
-32.386569341151734
-32.39690376671067
-32.40865845519505
-32.42202028357764
-32.437157700092364
-32.45379226643515
-32.47191950651175
-32.49210513559601
-32.51371398889894
-32.536846764282195
-32.5617922050954
-32.58870732682721
-32.61692721875175
-32.647303061198386
-32.67924536612112
-32.71274837801455
-32.74843260599163
-32.78564736432365
-32.82458550668341
-32.86
-32.86
-32.86
-32.86
-32.86
-32.86
-32.86
-32.86
-32.86
-32.86
-32.86
-32.86
-32.86
-32.86
-32.86
-32.86
-32.86
-32.86
-32.86
-32.86
-32.86
-32.86
-32.86
-32.86
-32.86
-32.86
-32.86
-32.86
-32.86
-32.86
-32.86
-32.86
-32.86
-32.86
-32.86
-32.86
-32.86
-32.86
-32.86
-32.86
-32.86
-32.86
-32.86
-32.86
-32.86
-32.86
-32.84020054959328
-32.81102676249965
-32.78257687152337
-32.75477003328212
-32.72766729054862
-32.701228160537816
-32.67552330887849
-32.65070478322195
-32.62655797272148
-32.603295932681625
-32.58092848677723
-32.55936399102985
-32.5388452827989
-32.519178679398735
-32.50044821594634
-32.482833916955585
-32.46616855419107
-32.450615962064155
-32.436113159846066
-32.42283762546675
-32.4105653940514
-32.3994744515534
-32.38990803675772
-32.381305371470695
-32.37387291020726
-32.368145538910476
-32.36339214746467
-32.360026119128996
-32.35845924764277
-32.35775667669776
-32.35903738856007
-32.3614801935591
-32.36547979638681
-32.371152600993064
-32.37796532808006
-32.386569341151734
-32.39690376671067
-32.40865845519505
-32.42202028357764
-32.437157700092364
-32.45379226643515
-32.47191950651175
-32.49210513559601
-32.51371398889894
-32.536846764282195
-32.5617922050954
-32.58870732682721
-32.61692721875175
-32.647303061198386
-32.67924536612112
-32.71274837801455
-32.74843260599163
-32.78564736432365
-32.82458550668341
-32.86
-32.86
-32.86
-32.86
-32.86
-32.86
-32.86
-32.86
-32.86
-32.86
-32.86
-32.86
-32.86
-32.86
-32.86
-32.86
-32.86
-32.86
-32.86
-32.86
-32.86
-32.86
-32.86
-32.86
-32.86
-32.86
-32.86
-32.86
-32.86
-32.86
-32.86
-32.86
-32.86
-32.86
-32.86
-32.86
-32.86
-32.86
-32.86
-32.86
-32.86
-32.86
-32.86
-32.86
-32.86
-32.86
-32.86
-32.86
-32.86
-32.86
-32.86
-32.86
-32.86
-32.86
-32.86
-32.86
-32.86
-32.86
-32.86
-32.86
-32.86
-32.86
-32.86
-32.86
-32.86
-32.86
-32.86
-32.86
-32.86
-32.86
-32.86
-32.86
-32.86
-32.86
-32.86
-32.86
-32.86
-32.86
-32.86
-32.86
-32.86
-32.86
-32.86
-32.86
-32.86
-32.86
-32.86
-32.86
-32.86
-32.86
-32.86
-32.86
-32.86
-32.86
-32.86
-32.86
-32.86
-32.86
-32.86
-32.86
-32.86
-32.86
-32.86
-32.86
-32.86
-32.86
-32.86
-32.86
-32.86
-32.86
-32.86
-32.86
-32.86
-32.86
-32.86
-32.86
-32.86
-32.86
-32.86
-32.86
-32.86
-32.86
-32.86
-32.86
-32.86
-32.86
-32.86
-32.86
-32.86
-32.86
-32.86
-32.86
-32.86
-32.86
-32.86
-32.86
-32.86
-32.86
-32.86
-32.86
-32.86
-32.86
-32.86
-32.86
-32.86
-32.86
-32.842597014815276
-32.8136253712805
-32.78525816310782
-32.75754804213443
-32.73072685634129
-32.704425058248034
-32.67881371229073
-32.65426908515526
-32.630245082606024
-32.60703758045196
-32.5850283355266
-32.563661897331365
-32.543251311483395
-32.52398379699677
-32.50536436114499
-32.487897323630044
-32.471602516616905
-32.456103797171004
-32.441938474521365
-32.428902274826946
-32.41675733312752
-32.40605467381139
-32.39663846339505
-32.388189338272234
-32.38116724049055
-32.375566482823004
-32.37098959321998
-32.36800319229266
-32.36652692510808
-32.36621259077423
-32.367606858358826
-32.37041696072122
-32.374319953808644
-32.380438600219506
-32.3874828402823
-32.39632799027321
-32.40672377452989
-32.41874233745002
-32.43209470279954
-32.44761126043307
-32.46445992725845
-32.4828754154253
-32.50281420559889
-32.52478981673895
-32.54815424755047
-32.57325212208153
-32.600258864535526
-32.629043919491565
-32.65914819790537
-32.69145529721167
-32.725448422697184
-32.76087403579624
-32.79874551325362
-32.838461620159435
-32.86
-32.86
-32.86
-32.86
-32.86
-32.86
-32.86
-32.86
-32.86
-32.86
-32.86
-32.86
-32.86
-32.86
-32.86
-32.86
-32.86
-32.86
-32.86
-32.86
-32.86
-32.86
-32.86
-32.86
-32.86
-32.86
-32.86
-32.86
-32.86
-32.86
-32.86
-32.86
-32.86
-32.86
-32.86
-32.86
-32.86
-32.86
-32.86
-32.86
-32.86
-32.86
-32.86
-32.86
-32.86
-32.86
-32.842597014815276
-32.8136253712805
-32.78525816310782
-32.75754804213443
-32.73072685634129
-32.704425058248034
-32.67881371229073
-32.65426908515526
-32.630245082606024
-32.60703758045196
-32.5850283355266
-32.563661897331365
-32.543251311483395
-32.52398379699677
-32.50536436114499
-32.487897323630044
-32.471602516616905
-32.456103797171004
-32.441938474521365
-32.428902274826946
-32.41675733312752
-32.40605467381139
-32.39663846339505
-32.388189338272234
-32.38116724049055
-32.375566482823004
-32.37098959321998
-32.36800319229266
-32.36652692510808
-32.36621259077423
-32.367606858358826
-32.37041696072122
-32.374319953808644
-32.380438600219506
-32.3874828402823
-32.39632799027321
-32.40672377452989
-32.41874233745002
-32.43209470279954
-32.44761126043307
-32.46445992725845
-32.4828754154253
-32.50281420559889
-32.52478981673895
-32.54815424755047
-32.57325212208153
-32.600258864535526
-32.629043919491565
-32.65914819790537
-32.69145529721167
-32.725448422697184
-32.76087403579624
-32.79874551325362
-32.838461620159435
-32.86
-32.86
-32.86
-32.86
-32.86
-32.86
-32.86
-32.86
-32.86
-32.86
-32.86
-32.86
-32.86
-32.86
-32.86
-32.86
-32.86
-32.86
-32.86
-32.86
-32.86
-32.86
-32.86
-32.86
-32.86
-32.86
-32.86
-32.86
-32.86
-32.86
-32.86
-32.86
-32.86
-32.86
-32.86
-32.86
-32.86
-32.86
-32.86
-32.86
-32.86
-32.86
-32.86
-32.86
-32.86
-32.86
-32.86
-32.86
-32.86
-32.86
-32.86
-32.86
-32.86
-32.86
-32.86
-32.86
-32.86
-32.86
-32.86
-32.86
-32.86
-32.86
-32.86
-32.86
-32.86
-32.86
-32.86
-32.86
-32.86
-32.86
-32.86
-32.86
-32.86
-32.86
-32.86
-32.86
-32.86
-32.86
-32.86
-32.86
-32.86
-32.86
-32.86
-32.86
-32.86
-32.86
-32.86
-32.86
-32.86
-32.86
-32.86
-32.86
-32.86
-32.86
-32.86
-32.86
-32.86
-32.86
-32.86
-32.86
-32.86
-32.86
-32.86
-32.86
-32.86
-32.86
-32.86
-32.86
-32.86
-32.86
-32.86
-32.86
-32.86
-32.86
-32.86
-32.86
-32.86
-32.86
-32.86
-32.86
-32.86
-32.86
-32.86
-32.86
-32.86
-32.86
-32.86
-32.86
-32.86
-32.86
-32.86
-32.86
-32.86
-32.86
-32.86
-32.86
-32.86
-32.86
-32.86
-32.86
-32.86
-32.86
-32.86
-32.86
-32.86
-32.86
-32.84535751787472
-32.81637881335414
-32.78820912949467
-32.76073274973883
-32.73389998243833
-32.70782996809115
-32.68247955043786
-32.65799850733467
-32.634187963373684
-32.61133920323819
-32.58937671587433
-32.56816384322826
-32.54804859534954
-32.52884402826001
-32.51056371617759
-32.49327689507102
-32.47717935402825
-32.46204569819692
-32.44799087610562
-32.43522247062006
-32.42347636833522
-32.412664011441564
-32.40373425912023
-32.395638753287805
-32.38864669231926
-32.38333666529974
-32.37922992477547
-32.37622293876949
-32.37505043366803
-32.37506668929083
-32.37634442380897
-32.37967084775862
-32.383895962175416
-32.38998321757512
-32.39742332928439
-32.406193305232236
-32.417032502890365
-32.42927809572531
-32.44307452336738
-32.458282908555866
-32.47546069673143
-32.49405110774988
-32.51416001261582
-32.53626327056023
-32.5600456293697
-32.585306840841746
-32.61236569102865
-32.64142481569508
-32.67192561263298
-32.70418533924411
-32.73842683120009
-32.774467231306886
-32.81216648887977
-32.85276461602263
-32.86
-32.86
-32.86
-32.86
-32.86
-32.86
-32.86
-32.86
-32.86
-32.86
-32.86
-32.86
-32.86
-32.86
-32.86
-32.86
-32.86
-32.86
-32.86
-32.86
-32.86
-32.86
-32.86
-32.86
-32.86
-32.86
-32.86
-32.86
-32.86
-32.86
-32.86
-32.86
-32.86
-32.86
-32.86
-32.86
-32.86
-32.86
-32.86
-32.86
-32.86
-32.86
-32.86
-32.86
-32.86
-32.86
-32.84535751787472
-32.81637881335414
-32.78820912949467
-32.76073274973883
-32.73389998243833
-32.70782996809115
-32.68247955043786
-32.65799850733467
-32.634187963373684
-32.61133920323819
-32.58937671587433
-32.56816384322826
-32.54804859534954
-32.52884402826001
-32.51056371617759
-32.49327689507102
-32.47717935402825
-32.46204569819692
-32.44799087610562
-32.43522247062006
-32.42347636833522
-32.412664011441564
-32.40373425912023
-32.395638753287805
-32.38864669231926
-32.38333666529974
-32.37922992477547
-32.37622293876949
-32.37505043366803
-32.37506668929083
-32.37634442380897
-32.37967084775862
-32.383895962175416
-32.38998321757512
-32.39742332928439
-32.406193305232236
-32.417032502890365
-32.42927809572531
-32.44307452336738
-32.458282908555866
-32.47546069673143
-32.49405110774988
-32.51416001261582
-32.53626327056023
-32.5600456293697
-32.585306840841746
-32.61236569102865
-32.64142481569508
-32.67192561263298
-32.70418533924411
-32.73842683120009
-32.774467231306886
-32.81216648887977
-32.85276461602263
-32.86
-32.86
-32.86
-32.86
-32.86
-32.86
-32.86
-32.86
-32.86
-32.86
-32.86
-32.86
-32.86
-32.86
-32.86
-32.86
-32.86
-32.86
-32.86
-32.86
-32.86
-32.86
-32.86
-32.86
-32.86
-32.86
-32.86
-32.86
-32.86
-32.86
-32.86
-32.86
-32.86
-32.86
-32.86
-32.86
-32.86
-32.86
-32.86
-32.86
-32.86
-32.86
-32.86
-32.86
-32.86
-32.86
-32.86
-32.86
-32.86
-32.86
-32.86
-32.86
-32.86
-32.86
-32.86
-32.86
-32.86
-32.86
-32.86
-32.86
-32.86
-32.86
-32.86
-32.86
-32.86
-32.86
-32.86
-32.86
-32.86
-32.86
-32.86
-32.86
-32.86
-32.86
-32.86
-32.86
-32.86
-32.86
-32.86
-32.86
-32.86
-32.86
-32.86
-32.86
-32.86
-32.86
-32.86
-32.86
-32.86
-32.86
-32.86
-32.86
-32.86
-32.86
-32.86
-32.86
-32.86
-32.86
-32.86
-32.86
-32.86
-32.86
-32.86
-32.86
-32.86
-32.86
-32.86
-32.86
-32.86
-32.86
-32.86
-32.86
-32.86
-32.86
-32.86
-32.86
-32.86
-32.86
-32.86
-32.86
-32.86
-32.86
-32.86
-32.86
-32.86
-32.86
-32.86
-32.86
-32.86
-32.86
-32.86
-32.86
-32.86
-32.86
-32.86
-32.86
-32.86
-32.86
-32.86
-32.86
-32.86
-32.86
-32.86
-32.86
-32.86
-32.86
-32.84825233199877
-32.81954763337773
-32.79142738830936
-32.76403176843181
-32.737484561043495
-32.711544028390634
-32.68620980524337
-32.66203032374166
-32.6384895916725
-32.61563564308273
-32.59394722214695
-32.572999453849675
-32.55289965837826
-32.534067184565416
-32.515980881829464
-32.49889834478643
-32.483125868738405
-32.46816946557436
-32.45441026827559
-32.44184785848391
-32.43031688191044
-32.4199663121058
-32.41110847421753
-32.403222756333925
-32.39666774061397
-32.391530240062934
-32.38759025815261
-32.384954534113106
-32.38398283786654
-32.384203182517226
-32.38586779231851
-32.38927154801953
-32.39394773224135
-32.40008413069113
-32.40780960573582
-32.41703296522279
-32.42764112239184
-32.440219952915
-32.454183457190375
-32.46974144337992
-32.48690501145286
-32.50595265335669
-32.52627256932132
-32.54846587692798
-32.572307852884315
-32.59792649224724
-32.62504267436554
-32.65399532516654
-32.68519734469459
-32.71757480433969
-32.751922984356625
-32.78836955670201
-32.826528897294466
-32.86
-32.86
-32.86
-32.86
-32.86
-32.86
-32.86
-32.86
-32.86
-32.86
-32.86
-32.86
-32.86
-32.86
-32.86
-32.86
-32.86
-32.86
-32.86
-32.86
-32.86
-32.86
-32.86
-32.86
-32.86
-32.86
-32.86
-32.86
-32.86
-32.86
-32.86
-32.86
-32.86
-32.86
-32.86
-32.86
-32.86
-32.86
-32.86
-32.86
-32.86
-32.86
-32.86
-32.86
-32.86
-32.86
-32.86
-32.84825233199877
-32.81954763337773
-32.79142738830936
-32.76403176843181
-32.737484561043495
-32.711544028390634
-32.68620980524337
-32.66203032374166
-32.6384895916725
-32.61563564308273
-32.59394722214695
-32.572999453849675
-32.55289965837826
-32.534067184565416
-32.515980881829464
-32.49889834478643
-32.483125868738405
-32.46816946557436
-32.45441026827559
-32.44184785848391
-32.43031688191044
-32.4199663121058
-32.41110847421753
-32.403222756333925
-32.39666774061397
-32.391530240062934
-32.38759025815261
-32.384954534113106
-32.38398283786654
-32.384203182517226
-32.38586779231851
-32.38927154801953
-32.39394773224135
-32.40008413069113
-32.40780960573582
-32.41703296522279
-32.42764112239184
-32.440219952915
-32.454183457190375
-32.46974144337992
-32.48690501145286
-32.50595265335669
-32.52627256932132
-32.54846587692798
-32.572307852884315
-32.59792649224724
-32.62504267436554
-32.65399532516654
-32.68519734469459
-32.71757480433969
-32.751922984356625
-32.78836955670201
-32.826528897294466
-32.86
-32.86
-32.86
-32.86
-32.86
-32.86
-32.86
-32.86
-32.86
-32.86
-32.86
-32.86
-32.86
-32.86
-32.86
-32.86
-32.86
-32.86
-32.86
-32.86
-32.86
-32.86
-32.86
-32.86
-32.86
-32.86
-32.86
-32.86
-32.86
-32.86
-32.86
-32.86
-32.86
-32.86
-32.86
-32.86
-32.86
-32.86
-32.86
-32.86
-32.86
-32.86
-32.86
-32.86
-32.86
-32.86
-32.86
-32.86
-32.86
-32.86
-32.86
-32.86
-32.86
-32.86
-32.86
-32.86
-32.86
-32.86
-32.86
-32.86
-32.86
-32.86
-32.86
-32.86
-32.86
-32.86
-32.86
-32.86
-32.86
-32.86
-32.86
-32.86
-32.86
-32.86
-32.86
-32.86
-32.86
-32.86
-32.86
-32.86
-32.86
-32.86
-32.86
-32.86
-32.86
-32.86
-32.86
-32.86
-32.86
-32.86
-32.86
-32.86
-32.86
-32.86
-32.86
-32.86
-32.86
-32.86
-32.86
-32.86
-32.86
-32.86
-32.86
-32.86
-32.86
-32.86
-32.86
-32.86
-32.86
-32.86
-32.86
-32.86
-32.86
-32.86
-32.86
-32.86
-32.86
-32.86
-32.86
-32.86
-32.86
-32.86
-32.86
-32.86
-32.86
-32.86
-32.86
-32.86
-32.86
-32.86
-32.86
-32.86
-32.86
-32.86
-32.86
-32.86
-32.86
-32.86
-32.86
-32.86
-32.86
-32.86
-32.86
-32.86
-32.86
-32.86
-32.86
-32.851637351059146
-32.82284209219836
-32.79485721622591
-32.767686965372484
-32.74118869934614
-32.71533611898706
-32.69036676511426
-32.66626670316016
-32.64281999949884
-32.620331117914255
-32.5987560870301
-32.57795518689688
-32.5581883213712
-32.539507592293916
-32.52169072116425
-32.504892439736054
-32.48923015959006
-32.474708526170836
-32.46107971672785
-32.44880828558269
-32.437664346612024
-32.42734884186472
-32.418839871905845
-32.41133579796684
-32.404846283066014
-32.40009707671811
-32.39649591041736
-32.39392013478407
-32.393321612502476
-32.39390694147096
-32.39567325205896
-32.399267673914665
-32.404299006836624
-32.410607101663764
-32.41854908766106
-32.42803087050585
-32.438969424787444
-32.45158553293091
-32.46591953067577
-32.481673484853374
-32.498890468597615
-32.518066932994984
-32.53885999180791
-32.561093772713186
-32.5850666925805
-32.61095582061554
-32.63845068689373
-32.66755066793776
-32.698630870440574
-32.73167139214248
-32.766063554138
-32.80258076294655
-32.841677286785995
-32.86
-32.86
-32.86
-32.86
-32.86
-32.86
-32.86
-32.86
-32.86
-32.86
-32.86
-32.86
-32.86
-32.86
-32.86
-32.86
-32.86
-32.86
-32.86
-32.86
-32.86
-32.86
-32.86
-32.86
-32.86
-32.86
-32.86
-32.86
-32.86
-32.86
-32.86
-32.86
-32.86
-32.86
-32.86
-32.86
-32.86
-32.86
-32.86
-32.86
-32.86
-32.86
-32.86
-32.86
-32.86
-32.86
-32.86
-32.851637351059146
-32.82284209219836
-32.79485721622591
-32.767686965372484
-32.74118869934614
-32.71533611898706
-32.69036676511426
-32.66626670316016
-32.64281999949884
-32.620331117914255
-32.5987560870301
-32.57795518689688
-32.5581883213712
-32.539507592293916
-32.52169072116425
-32.504892439736054
-32.48923015959006
-32.474708526170836
-32.46107971672785
-32.44880828558269
-32.437664346612024
-32.42734884186472
-32.418839871905845
-32.41133579796684
-32.404846283066014
-32.40009707671811
-32.39649591041736
-32.39392013478407
-32.393321612502476
-32.39390694147096
-32.39567325205896
-32.399267673914665
-32.404299006836624
-32.410607101663764
-32.41854908766106
-32.42803087050585
-32.438969424787444
-32.45158553293091
-32.46591953067577
-32.481673484853374
-32.498890468597615
-32.518066932994984
-32.53885999180791
-32.561093772713186
-32.5850666925805
-32.61095582061554
-32.63845068689373
-32.66755066793776
-32.698630870440574
-32.73167139214248
-32.766063554138
-32.80258076294655
-32.841677286785995
-32.86
-32.86
-32.86
-32.86
-32.86
-32.86
-32.86
-32.86
-32.86
-32.86
-32.86
-32.86
-32.86
-32.86
-32.86
-32.86
-32.86
-32.86
-32.86
-32.86
-32.86
-32.86
-32.86
-32.86
-32.86
-32.86
-32.86
-32.86
-32.86
-32.86
-32.86
-32.86
-32.86
-32.86
-32.86
-32.86
-32.86
-32.86
-32.86
-32.86
-32.86
-32.86
-32.86
-32.86
-32.86
-32.86
-32.86
-32.86
-32.86
-32.86
-32.86
-32.86
-32.86
-32.86
-32.86
-32.86
-32.86
-32.86
-32.86
-32.86
-32.86
-32.86
-32.86
-32.86
-32.86
-32.86
-32.86
-32.86
-32.86
-32.86
-32.86
-32.86
-32.86
-32.86
-32.86
-32.86
-32.86
-32.86
-32.86
-32.86
-32.86
-32.86
-32.86
-32.86
-32.86
-32.86
-32.86
-32.86
-32.86
-32.86
-32.86
-32.86
-32.86
-32.86
-32.86
-32.86
-32.86
-32.86
-32.86
-32.86
-32.86
-32.86
-32.86
-32.86
-32.86
-32.86
-32.86
-32.86
-32.86
-32.86
-32.86
-32.86
-32.86
-32.86
-32.86
-32.86
-32.86
-32.86
-32.86
-32.86
-32.86
-32.86
-32.86
-32.86
-32.86
-32.86
-32.86
-32.86
-32.86
-32.86
-32.86
-32.86
-32.86
-32.86
-32.86
-32.86
-32.86
-32.86
-32.86
-32.86
-32.86
-32.86
-32.86
-32.86
-32.86
-32.86
-32.86
-32.85505611713501
-32.82640139692676
-32.79854595752354
-32.77143488201037
-32.74518626380456
-32.71955721695353
-32.694587863080734
-32.67073927908404
-32.64753130573088
-32.62508009508533
-32.603793930352914
-32.583318509415264
-32.56358040099501
-32.54525935231542
-32.52771159203204
-32.51111565553166
-32.49578501652159
-32.48140472087528
-32.46803012088172
-32.4560581997464
-32.44515315760173
-32.435326887284226
-32.426828611603646
-32.41962059478338
-32.413559682149625
-32.4089659739305
-32.40561614153889
-32.40348138524841
-32.40307337256743
-32.40387159353575
-32.405990379654696
-32.40979501141234
-32.41500971059481
-32.42150559075933
-32.42961041567213
-32.4395528789631
-32.4507462981052
-32.46347134476652
-32.477921828269075
-32.49409357474492
-32.51156808771738
-32.53075515325562
-32.55182671249527
-32.574408327299366
-32.59852352878611
-32.62443591282432
-32.652251787387655
-32.68160668144655
-32.71266332250943
-32.74594664198787
-32.78090974393279
-32.81756972251262
-32.86
-32.86
-32.86
-32.86
-32.86
-32.86
-32.86
-32.86
-32.86
-32.86
-32.86
-32.86
-32.86
-32.86
-32.86
-32.86
-32.86
-32.86
-32.86
-32.86
-32.86
-32.86
-32.86
-32.86
-32.86
-32.86
-32.86
-32.86
-32.86
-32.86
-32.86
-32.86
-32.86
-32.86
-32.86
-32.86
-32.86
-32.86
-32.86
-32.86
-32.86
-32.86
-32.86
-32.86
-32.86
-32.86
-32.86
-32.86
-32.85505611713501
-32.82640139692676
-32.79854595752354
-32.77143488201037
-32.74518626380456
-32.71955721695353
-32.694587863080734
-32.67073927908404
-32.64753130573088
-32.62508009508533
-32.603793930352914
-32.583318509415264
-32.56358040099501
-32.54525935231542
-32.52771159203204
-32.51111565553166
-32.49578501652159
-32.48140472087528
-32.46803012088172
-32.4560581997464
-32.44515315760173
-32.435326887284226
-32.426828611603646
-32.41962059478338
-32.413559682149625
-32.4089659739305
-32.40561614153889
-32.40348138524841
-32.40307337256743
-32.40387159353575
-32.405990379654696
-32.40979501141234
-32.41500971059481
-32.42150559075933
-32.42961041567213
-32.4395528789631
-32.4507462981052
-32.46347134476652
-32.477921828269075
-32.49409357474492
-32.51156808771738
-32.53075515325562
-32.55182671249527
-32.574408327299366
-32.59852352878611
-32.62443591282432
-32.652251787387655
-32.68160668144655
-32.71266332250943
-32.74594664198787
-32.78090974393279
-32.81756972251262
-32.86
-32.86
-32.86
-32.86
-32.86
-32.86
-32.86
-32.86
-32.86
-32.86
-32.86
-32.86
-32.86
-32.86
-32.86
-32.86
-32.86
-32.86
-32.86
-32.86
-32.86
-32.86
-32.86
-32.86
-32.86
-32.86
-32.86
-32.86
-32.86
-32.86
-32.86
-32.86
-32.86
-32.86
-32.86
-32.86
-32.86
-32.86
-32.86
-32.86
-32.86
-32.86
-32.86
-32.86
-32.86
-32.86
-32.86
-32.86
-32.86
-32.86
-32.86
-32.86
-32.86
-32.86
-32.86
-32.86
-32.86
-32.86
-32.86
-32.86
-32.86
-32.86
-32.86
-32.86
-32.86
-32.86
-32.86
-32.86
-32.86
-32.86
-32.86
-32.86
-32.86
-32.86
-32.86
-32.86
-32.86
-32.86
-32.86
-32.86
-32.86
-32.86
-32.86
-32.86
-32.86
-32.86
-32.86
-32.86
-32.86
-32.86
-32.86
-32.86
-32.86
-32.86
-32.86
-32.86
-32.86
-32.86
-32.86
-32.86
-32.86
-32.86
-32.86
-32.86
-32.86
-32.86
-32.86
-32.86
-32.86
-32.86
-32.86
-32.86
-32.86
-32.86
-32.86
-32.86
-32.86
-32.86
-32.86
-32.86
-32.86
-32.86
-32.86
-32.86
-32.86
-32.86
-32.86
-32.86
-32.86
-32.86
-32.86
-32.86
-32.86
-32.86
-32.86
-32.86
-32.86
-32.86
-32.86
-32.86
-32.86
-32.86
-32.86
-32.86
-32.86
-32.86
-32.86
-32.86
-32.85895976381236
-32.830281448003454
-32.80238412656951
-32.77553599791641
-32.74938330836739
-32.72377831476226
-32.699157909042896
-32.675426532563264
-32.65228544403343
-32.630199300393066
-32.60909570008114
-32.58882153947425
-32.569336577830974
-32.55117997353356
-32.53398729991377
-32.517624018324156
-32.502428207634935
-32.48849182227111
-32.47528003196396
-32.46360580441016
-32.45307554612413
-32.443345009407935
-32.435276136413776
-32.42842869034763
-32.422429444534885
-32.41821221561947
-32.41524359348718
-32.413257198717005
-32.413098547491096
-32.41432272933824
-32.41659114511217
-32.42061979274709
-32.426275765680465
-32.43289781239045
-32.44138792027604
-32.45135457874126
-32.46297748529446
-32.47593412520802
-32.49037815399063
-32.50682741722674
-32.52475825374276
-32.5441087049895
-32.56509706704856
-32.58810114646024
-32.61247665391739
-32.63852186779829
-32.66639803073529
-32.69611785455083
-32.72744014511724
-32.760494082667
-32.79602569133049
-32.83329562253051
-32.86
-32.86
-32.86
-32.86
-32.86
-32.86
-32.86
-32.86
-32.86
-32.86
-32.86
-32.86
-32.86
-32.86
-32.86
-32.86
-32.86
-32.86
-32.86
-32.86
-32.86
-32.86
-32.86
-32.86
-32.86
-32.86
-32.86
-32.86
-32.86
-32.86
-32.86
-32.86
-32.86
-32.86
-32.86
-32.86
-32.86
-32.86
-32.86
-32.86
-32.86
-32.86
-32.86
-32.86
-32.86
-32.86
-32.86
-32.86
-32.85895976381236
-32.830281448003454
-32.80238412656951
-32.77553599791641
-32.74938330836739
-32.72377831476226
-32.699157909042896
-32.675426532563264
-32.65228544403343
-32.630199300393066
-32.60909570008114
-32.58882153947425
-32.569336577830974
-32.55117997353356
-32.53398729991377
-32.517624018324156
-32.502428207634935
-32.48849182227111
-32.47528003196396
-32.46360580441016
-32.45307554612413
-32.443345009407935
-32.435276136413776
-32.42842869034763
-32.422429444534885
-32.41821221561947
-32.41524359348718
-32.413257198717005
-32.413098547491096
-32.41432272933824
-32.41659114511217
-32.42061979274709
-32.426275765680465
-32.43289781239045
-32.44138792027604
-32.45135457874126
-32.46297748529446
-32.47593412520802
-32.49037815399063
-32.50682741722674
-32.52475825374276
-32.5441087049895
-32.56509706704856
-32.58810114646024
-32.61247665391739
-32.63852186779829
-32.66639803073529
-32.69611785455083
-32.72744014511724
-32.760494082667
-32.79602569133049
-32.83329562253051
-32.86
-32.86
-32.86
-32.86
-32.86
-32.86
-32.86
-32.86
-32.86
-32.86
-32.86
-32.86
-32.86
-32.86
-32.86
-32.86
-32.86
-32.86
-32.86
-32.86
-32.86
-32.86
-32.86
-32.86
-32.86
-32.86
-32.86
-32.86
-32.86
-32.86
-32.86
-32.86
-32.86
-32.86
-32.86
-32.86
-32.86
-32.86
-32.86
-32.86
-32.86
-32.86
-32.86
-32.86
-32.86
-32.86
-32.86
-32.86
-32.86
-32.86
-32.86
-32.86
-32.86
-32.86
-32.86
-32.86
-32.86
-32.86
-32.86
-32.86
-32.86
-32.86
-32.86
-32.86
-32.86
-32.86
-32.86
-32.86
-32.86
-32.86
-32.86
-32.86
-32.86
-32.86
-32.86
-32.86
-32.86
-32.86
-32.86
-32.86
-32.86
-32.86
-32.86
-32.86
-32.86
-32.86
-32.86
-32.86
-32.86
-32.86
-32.86
-32.86
-32.86
-32.86
-32.86
-32.86
-32.86
-32.86
-32.86
-32.86
-32.86
-32.86
-32.86
-32.86
-32.86
-32.86
-32.86
-32.86
-32.86
-32.86
-32.86
-32.86
-32.86
-32.86
-32.86
-32.86
-32.86
-32.86
-32.86
-32.86
-32.86
-32.86
-32.86
-32.86
-32.86
-32.86
-32.86
-32.86
-32.86
-32.86
-32.86
-32.86
-32.86
-32.86
-32.86
-32.86
-32.86
-32.86
-32.86
-32.86
-32.86
-32.86
-32.86
-32.86
-32.86
-32.86
-32.86
-32.86
-32.86
-32.83439799056924
-32.80660522453598
-32.779757088009575
-32.75374153007628
-32.72840361619514
-32.70381201983022
-32.6802011158205
-32.65747640679059
-32.63547615757441
-32.61459402374141
-32.59459454365598
-32.57528780868583
-32.55746543120031
-32.54046162870903
-32.52439527173681
-32.509529755130146
-32.495720311118575
-32.4829590918424
-32.47145417758766
-32.4611732016584
-32.45193756840267
-32.44395992160228
-32.437440281028564
-32.43191977509923
-32.427771892866254
-32.425117517973156
-32.42360183171693
-32.42360183171693
-32.42499588068437
-32.42772612719077
-32.431958550454254
-32.43780840674834
-32.44483538347226
-32.45340560760048
-32.46373957810491
-32.47543771610686
-32.48888734556037
-32.50368598319029
-32.520086823105515
-32.53823255913701
-32.557951089502104
-32.57914004378423
-32.60209473263808
-32.62688591309317
-32.65316273787889
-32.68098953436855
-32.71095312916783
-32.74271648598228
-32.77611322852297
-32.811405280227405
-32.84961305693868
-32.86
-32.86
-32.86
-32.86
-32.86
-32.86
-32.86
-32.86
-32.86
-32.86
-32.86
-32.86
-32.86
-32.86
-32.86
-32.86
-32.86
-32.86
-32.86
-32.86
-32.86
-32.86
-32.86
-32.86
-32.86
-32.86
-32.86
-32.86
-32.86
-32.86
-32.86
-32.86
-32.86
-32.86
-32.86
-32.86
-32.86
-32.86
-32.86
-32.86
-32.86
-32.86
-32.86
-32.86
-32.86
-32.86
-32.86
-32.86
-32.86
-32.83439799056924
-32.80660522453598
-32.779757088009575
-32.75374153007628
-32.72840361619514
-32.70381201983022
-32.6802011158205
-32.65747640679059
-32.63547615757441
-32.61459402374141
-32.59459454365598
-32.57528780868583
-32.55746543120031
-32.54046162870903
-32.52439527173681
-32.509529755130146
-32.495720311118575
-32.4829590918424
-32.47145417758766
-32.4611732016584
-32.45193756840267
-32.44395992160228
-32.437440281028564
-32.43191977509923
-32.427771892866254
-32.425117517973156
-32.42360183171693
-32.42360183171693
-32.42499588068437
-32.42772612719077
-32.431958550454254
-32.43780840674834
-32.44483538347226
-32.45340560760048
-32.46373957810491
-32.47543771610686
-32.48888734556037
-32.50368598319029
-32.520086823105515
-32.53823255913701
-32.557951089502104
-32.57914004378423
-32.60209473263808
-32.62688591309317
-32.65316273787889
-32.68098953436855
-32.71095312916783
-32.74271648598228
-32.77611322852297
-32.811405280227405
-32.84961305693868
-32.86
-32.86
-32.86
-32.86
-32.86
-32.86
-32.86
-32.86
-32.86
-32.86
-32.86
-32.86
-32.86
-32.86
-32.86
-32.86
-32.86
-32.86
-32.86
-32.86
-32.86
-32.86
-32.86
-32.86
-32.86
-32.86
-32.86
-32.86
-32.86
-32.86
-32.86
-32.86
-32.86
-32.86
-32.86
-32.86
-32.86
-32.86
-32.86
-32.86
-32.86
-32.86
-32.86
-32.86
-32.86
-32.86
-32.86
-32.86
-32.86
-32.86
-32.86
-32.86
-32.86
-32.86
-32.86
-32.86
-32.86
-32.86
-32.86
-32.86
-32.86
-32.86
-32.86
-32.86
-32.86
-32.86
-32.86
-32.86
-32.86
-32.86
-32.86
-32.86
-32.86
-32.86
-32.86
-32.86
-32.86
-32.86
-32.86
-32.86
-32.86
-32.86
-32.86
-32.86
-32.86
-32.86
-32.86
-32.86
-32.86
-32.86
-32.86
-32.86
-32.86
-32.86
-32.86
-32.86
-32.86
-32.86
-32.86
-32.86
-32.86
-32.86
-32.86
-32.86
-32.86
-32.86
-32.86
-32.86
-32.86
-32.86
-32.86
-32.86
-32.86
-32.86
-32.86
-32.86
-32.86
-32.86
-32.86
-32.86
-32.86
-32.86
-32.86
-32.86
-32.86
-32.86
-32.86
-32.86
-32.86
-32.86
-32.86
-32.86
-32.86
-32.86
-32.86
-32.86
-32.86
-32.86
-32.86
-32.86
-32.86
-32.86
-32.86
-32.86
-32.86
-32.86
-32.86
-32.86
-32.86
-32.83882608119774
-32.81098738316714
-32.78420140599101
-32.75836290549772
-32.73308828989583
-32.70871257752896
-32.68532210213344
-32.662695906984936
-32.64105676888413
-32.62031699994037
-32.6005587983203
-32.58161243376592
-32.56378331675588
-32.54726133010152
-32.53144464133127
-32.51671657495501
-32.50338558448561
-32.490801983691725
-32.47962133007971
-32.469652149621766
-32.46062337074802
-32.45310636838982
-32.446852228975764
-32.44160938588019
-32.43772159073595
-32.43548299674028
-32.434171032488756
-32.43443069434213
-32.436255034159075
-32.43912085052121
-32.44371949507874
-32.449908385652805
-32.45708506502279
-32.466118133574774
-32.47642692130514
-32.48858870169896
-32.50212705378306
-32.517313524280524
-32.53394291403925
-32.552099489582524
-32.572251751284476
-32.59373310543032
-32.616730009315106
-32.64168481477071
-32.668299786254956
-32.69646172410308
-32.72636878426916
-32.7582588869121
-32.79198035698285
-32.82767044926845
-32.86
-32.86
-32.86
-32.86
-32.86
-32.86
-32.86
-32.86
-32.86
-32.86
-32.86
-32.86
-32.86
-32.86
-32.86
-32.86
-32.86
-32.86
-32.86
-32.86
-32.86
-32.86
-32.86
-32.86
-32.86
-32.86
-32.86
-32.86
-32.86
-32.86
-32.86
-32.86
-32.86
-32.86
-32.86
-32.86
-32.86
-32.86
-32.86
-32.86
-32.86
-32.86
-32.86
-32.86
-32.86
-32.86
-32.86
-32.86
-32.86
-32.86
-32.83882608119774
-32.81098738316714
-32.78420140599101
-32.75836290549772
-32.73308828989583
-32.70871257752896
-32.68532210213344
-32.662695906984936
-32.64105676888413
-32.62031699994037
-32.6005587983203
-32.58161243376592
-32.56378331675588
-32.54726133010152
-32.53144464133127
-32.51671657495501
-32.50338558448561
-32.490801983691725
-32.47962133007971
-32.469652149621766
-32.46062337074802
-32.45310636838982
-32.446852228975764
-32.44160938588019
-32.43772159073595
-32.43548299674028
-32.434171032488756
-32.43443069434213
-32.436255034159075
-32.43912085052121
-32.44371949507874
-32.449908385652805
-32.45708506502279
-32.466118133574774
-32.47642692130514
-32.48858870169896
-32.50212705378306
-32.517313524280524
-32.53394291403925
-32.552099489582524
-32.572251751284476
-32.59373310543032
-32.616730009315106
-32.64168481477071
-32.668299786254956
-32.69646172410308
-32.72636878426916
-32.7582588869121
-32.79198035698285
-32.82767044926845
-32.86
-32.86
-32.86
-32.86
-32.86
-32.86
-32.86
-32.86
-32.86
-32.86
-32.86
-32.86
-32.86
-32.86
-32.86
-32.86
-32.86
-32.86
-32.86
-32.86
-32.86
-32.86
-32.86
-32.86
-32.86
-32.86
-32.86
-32.86
-32.86
-32.86
-32.86
-32.86
-32.86
-32.86
-32.86
-32.86
-32.86
-32.86
-32.86
-32.86
-32.86
-32.86
-32.86
-32.86
-32.86
-32.86
-32.86
-32.86
-32.86
-32.86
-32.86
-32.86
-32.86
-32.86
-32.86
-32.86
-32.86
-32.86
-32.86
-32.86
-32.86
-32.86
-32.86
-32.86
-32.86
-32.86
-32.86
-32.86
-32.86
-32.86
-32.86
-32.86
-32.86
-32.86
-32.86
-32.86
-32.86
-32.86
-32.86
-32.86
-32.86
-32.86
-32.86
-32.86
-32.86
-32.86
-32.86
-32.86
-32.86
-32.86
-32.86
-32.86
-32.86
-32.86
-32.86
-32.86
-32.86
-32.86
-32.86
-32.86
-32.86
-32.86
-32.86
-32.86
-32.86
-32.86
-32.86
-32.86
-32.86
-32.86
-32.86
-32.86
-32.86
-32.86
-32.86
-32.86
-32.86
-32.86
-32.86
-32.86
-32.86
-32.86
-32.86
-32.86
-32.86
-32.86
-32.86
-32.86
-32.86
-32.86
-32.86
-32.86
-32.86
-32.86
-32.86
-32.86
-32.86
-32.86
-32.86
-32.86
-32.86
-32.86
-32.86
-32.86
-32.86
-32.86
-32.86
-32.86
-32.86
-32.86
-32.84338199919257
-32.815584102645474
-32.788859442127226
-32.763036545823866
-32.738029835045154
-32.71375303356882
-32.690582564115296
-32.66826547026709
-32.64665710511301
-32.62628283387667
-32.606778839668316
-32.58804820616173
-32.57062143268168
-32.554161817865825
-32.53874283599281
-32.52432796893405
-32.51114806410007
-32.49911664042983
-32.48801974771073
-32.47843634458141
-32.46987890146702
-32.4624380973407
-32.45649941537102
-32.45171606972356
-32.44796358782729
-32.44602981583278
-32.44528345999359
-32.445616332122334
-32.44780597271039
-32.45115549537826
-32.45583724113371
-32.46230552068597
-32.46991252144274
-32.47898512247867
-32.489829021968504
-32.501978115153285
-32.51594109247978
-32.531273675401486
-32.54826952312612
-32.566693814569064
-32.58676686246581
-32.60875057655657
-32.6320654060834
-32.65689408867285
-32.68381245846782
-32.712259761851925
-32.74228553967149
-32.77424380107248
-32.80824319765024
-32.844666451141826
-32.86
-32.86
-32.86
-32.86
-32.86
-32.86
-32.86
-32.86
-32.86
-32.86
-32.86
-32.86
-32.86
-32.86
-32.86
-32.86
-32.86
-32.86
-32.86
-32.86
-32.86
-32.86
-32.86
-32.86
-32.86
-32.86
-32.86
-32.86
-32.86
-32.86
-32.86
-32.86
-32.86
-32.86
-32.86
-32.86
-32.86
-32.86
-32.86
-32.86
-32.86
-32.86
-32.86
-32.86
-32.86
-32.86
-32.86
-32.86
-32.86
-32.86
-32.84338199919257
-32.815584102645474
-32.788859442127226
-32.763036545823866
-32.738029835045154
-32.71375303356882
-32.690582564115296
-32.66826547026709
-32.64665710511301
-32.62628283387667
-32.606778839668316
-32.58804820616173
-32.57062143268168
-32.554161817865825
-32.53874283599281
-32.52432796893405
-32.51114806410007
-32.49911664042983
-32.48801974771073
-32.47843634458141
-32.46987890146702
-32.4624380973407
-32.45649941537102
-32.45171606972356
-32.44796358782729
-32.44602981583278
-32.44528345999359
-32.445616332122334
-32.44780597271039
-32.45115549537826
-32.45583724113371
-32.46230552068597
-32.46991252144274
-32.47898512247867
-32.489829021968504
-32.501978115153285
-32.51594109247978
-32.531273675401486
-32.54826952312612
-32.566693814569064
-32.58676686246581
-32.60875057655657
-32.6320654060834
-32.65689408867285
-32.68381245846782
-32.712259761851925
-32.74228553967149
-32.77424380107248
-32.80824319765024
-32.844666451141826
-32.86
-32.86
-32.86
-32.86
-32.86
-32.86
-32.86
-32.86
-32.86
-32.86
-32.86
-32.86
-32.86
-32.86
-32.86
-32.86
-32.86
-32.86
-32.86
-32.86
-32.86
-32.86
-32.86
-32.86
-32.86
-32.86
-32.86
-32.86
-32.86
-32.86
-32.86
-32.86
-32.86
-32.86
-32.86
-32.86
-32.86
-32.86
-32.86
-32.86
-32.86
-32.86
-32.86
-32.86
-32.86
-32.86
-32.86
-32.86
-32.86
-32.86
-32.86
-32.86
-32.86
-32.86
-32.86
-32.86
-32.86
-32.86
-32.86
-32.86
-32.86
-32.86
-32.86
-32.86
-32.86
-32.86
-32.86
-32.86
-32.86
-32.86
-32.86
-32.86
-32.86
-32.86
-32.86
-32.86
-32.86
-32.86
-32.86
-32.86
-32.86
-32.86
-32.86
-32.86
-32.86
-32.86
-32.86
-32.86
-32.86
-32.86
-32.86
-32.86
-32.86
-32.86
-32.86
-32.86
-32.86
-32.86
-32.86
-32.86
-32.86
-32.86
-32.86
-32.86
-32.86
-32.86
-32.86
-32.86
-32.86
-32.86
-32.86
-32.86
-32.86
-32.86
-32.86
-32.86
-32.86
-32.86
-32.86
-32.86
-32.86
-32.86
-32.86
-32.86
-32.86
-32.86
-32.86
-32.86
-32.86
-32.86
-32.86
-32.86
-32.86
-32.86
-32.86
-32.86
-32.86
-32.86
-32.86
-32.86
-32.86
-32.86
-32.86
-32.86
-32.86
-32.86
-32.86
-32.86
-32.86
-32.86
-32.8481095129822
-32.820230558770525
-32.793624769831844
-32.76800679374445
-32.74307029108501
-32.719051916178834
-32.69610755385849
-32.67394232539536
-32.652667114667494
-32.63234774811057
-32.61317310290824
-32.59480223785428
-32.577425203118324
-32.56144929903105
-32.54623569270486
-32.53212844465236
-32.519367994705746
-32.50743452441564
-32.49674195558476
-32.487502918010755
-32.47922168608209
-32.472221321146684
-32.466601078291966
-32.4619204246367
-32.458642083329785
-32.45709114002974
-32.45655069449818
-32.45735121561413
-32.45977794062998
-32.463361008377824
-32.46844564628494
-32.47518326038924
-32.482974668778176
-32.49254147733166
-32.503462712032196
-32.51600373744511
-32.5301396354788
-32.54582758547217
-32.56308740003759
-32.5818037163139
-32.602210596883225
-32.624194733107196
-32.64782219639074
-32.672937081516466
-32.699710621347755
-32.728480511158196
-32.758866189875995
-32.79077748768852
-32.82465701361945
-32.86
-32.86
-32.86
-32.86
-32.86
-32.86
-32.86
-32.86
-32.86
-32.86
-32.86
-32.86
-32.86
-32.86
-32.86
-32.86
-32.86
-32.86
-32.86
-32.86
-32.86
-32.86
-32.86
-32.86
-32.86
-32.86
-32.86
-32.86
-32.86
-32.86
-32.86
-32.86
-32.86
-32.86
-32.86
-32.86
-32.86
-32.86
-32.86
-32.86
-32.86
-32.86
-32.86
-32.86
-32.86
-32.86
-32.86
-32.86
-32.86
-32.86
-32.86
-32.8481095129822
-32.820230558770525
-32.793624769831844
-32.76800679374445
-32.74307029108501
-32.719051916178834
-32.69610755385849
-32.67394232539536
-32.652667114667494
-32.63234774811057
-32.61317310290824
-32.59480223785428
-32.577425203118324
-32.56144929903105
-32.54623569270486
-32.53212844465236
-32.519367994705746
-32.50743452441564
-32.49674195558476
-32.487502918010755
-32.47922168608209
-32.472221321146684
-32.466601078291966
-32.4619204246367
-32.458642083329785
-32.45709114002974
-32.45655069449818
-32.45735121561413
-32.45977794062998
-32.463361008377824
-32.46844564628494
-32.47518326038924
-32.482974668778176
-32.49254147733166
-32.503462712032196
-32.51600373744511
-32.5301396354788
-32.54582758547217
-32.56308740003759
-32.5818037163139
-32.602210596883225
-32.624194733107196
-32.64782219639074
-32.672937081516466
-32.699710621347755
-32.728480511158196
-32.758866189875995
-32.79077748768852
-32.82465701361945
-32.86
-32.86
-32.86
-32.86
-32.86
-32.86
-32.86
-32.86
-32.86
-32.86
-32.86
-32.86
-32.86
-32.86
-32.86
-32.86
-32.86
-32.86
-32.86
-32.86
-32.86
-32.86
-32.86
-32.86
-32.86
-32.86
-32.86
-32.86
-32.86
-32.86
-32.86
-32.86
-32.86
-32.86
-32.86
-32.86
-32.86
-32.86
-32.86
-32.86
-32.86
-32.86
-32.86
-32.86
-32.86
-32.86
-32.86
-32.86
-32.86
-32.86
-32.86
-32.86
-32.86
-32.86
-32.86
-32.86
-32.86
-32.86
-32.86
-32.86
-32.86
-32.86
-32.86
-32.86
-32.86
-32.86
-32.86
-32.86
-32.86
-32.86
-32.86
-32.86
-32.86
-32.86
-32.86
-32.86
-32.86
-32.86
-32.86
-32.86
-32.86
-32.86
-32.86
-32.86
-32.86
-32.86
-32.86
-32.86
-32.86
-32.86
-32.86
-32.86
-32.86
-32.86
-32.86
-32.86
-32.86
-32.86
-32.86
-32.86
-32.86
-32.86
-32.86
-32.86
-32.86
-32.86
-32.86
-32.86
-32.86
-32.86
-32.86
-32.86
-32.86
-32.86
-32.86
-32.86
-32.86
-32.86
-32.86
-32.86
-32.86
-32.86
-32.86
-32.86
-32.86
-32.86
-32.86
-32.86
-32.86
-32.86
-32.86
-32.86
-32.86
-32.86
-32.86
-32.86
-32.86
-32.86
-32.86
-32.86
-32.86
-32.86
-32.86
-32.86
-32.86
-32.86
-32.86
-32.86
-32.86
-32.86
-32.86
-32.85302430591794
-32.825082923167166
-32.798562502911736
-32.773016607942964
-32.74840759114694
-32.72445827062409
-32.7017524101253
-32.67980741567155
-32.65869069286396
-32.638736047564436
-32.61980924397158
-32.60173115168514
-32.5847248613843
-32.568835681271096
-32.554086025546795
-32.54021523356734
-32.5276247501349
-32.516281361236835
-32.50580466577023
-32.496843524492355
-32.48903258992399
-32.482134145549665
-32.476873197926466
-32.47280009447614
-32.46958328388854
-32.46840489416213
-32.46831920375881
-32.4692856554113
-32.4720881938545
-32.47616844474745
-32.48132104086305
-32.48847338585814
-32.496635003394175
-32.506340081459356
-32.517651653170525
-32.5302920233143
-32.54488375431449
-32.56073979372814
-32.57828687551735
-32.597251177004374
-32.61795227066245
-32.63999808730513
-32.663947408747326
-32.689475958863376
-32.716464740809556
-32.745138068557715
-32.77582607520368
-32.80814304120323
-32.842474599542534
-32.86
-32.86
-32.86
-32.86
-32.86
-32.86
-32.86
-32.86
-32.86
-32.86
-32.86
-32.86
-32.86
-32.86
-32.86
-32.86
-32.86
-32.86
-32.86
-32.86
-32.86
-32.86
-32.86
-32.86
-32.86
-32.86
-32.86
-32.86
-32.86
-32.86
-32.86
-32.86
-32.86
-32.86
-32.86
-32.86
-32.86
-32.86
-32.86
-32.86
-32.86
-32.86
-32.86
-32.86
-32.86
-32.86
-32.86
-32.86
-32.86
-32.86
-32.86
-32.85302430591794
-32.825082923167166
-32.798562502911736
-32.773016607942964
-32.74840759114694
-32.72445827062409
-32.7017524101253
-32.67980741567155
-32.65869069286396
-32.638736047564436
-32.61980924397158
-32.60173115168514
-32.5847248613843
-32.568835681271096
-32.554086025546795
-32.54021523356734
-32.5276247501349
-32.516281361236835
-32.50580466577023
-32.496843524492355
-32.48903258992399
-32.482134145549665
-32.476873197926466
-32.47280009447614
-32.46958328388854
-32.46840489416213
-32.46831920375881
-32.4692856554113
-32.4720881938545
-32.47616844474745
-32.48132104086305
-32.48847338585814
-32.496635003394175
-32.506340081459356
-32.517651653170525
-32.5302920233143
-32.54488375431449
-32.56073979372814
-32.57828687551735
-32.597251177004374
-32.61795227066245
-32.63999808730513
-32.663947408747326
-32.689475958863376
-32.716464740809556
-32.745138068557715
-32.77582607520368
-32.80814304120323
-32.842474599542534
-32.86
-32.86
-32.86
-32.86
-32.86
-32.86
-32.86
-32.86
-32.86
-32.86
-32.86
-32.86
-32.86
-32.86
-32.86
-32.86
-32.86
-32.86
-32.86
-32.86
-32.86
-32.86
-32.86
-32.86
-32.86
-32.86
-32.86
-32.86
-32.86
-32.86
-32.86
-32.86
-32.86
-32.86
-32.86
-32.86
-32.86
-32.86
-32.86
-32.86
-32.86
-32.86
-32.86
-32.86
-32.86
-32.86
-32.86
-32.86
-32.86
-32.86
-32.86
-32.86
-32.86
-32.86
-32.86
-32.86
-32.86
-32.86
-32.86
-32.86
-32.86
-32.86
-32.86
-32.86
-32.86
-32.86
-32.86
-32.86
-32.86
-32.86
-32.86
-32.86
-32.86
-32.86
-32.86
-32.86
-32.86
-32.86
-32.86
-32.86
-32.86
-32.86
-32.86
-32.86
-32.86
-32.86
-32.86
-32.86
-32.86
-32.86
-32.86
-32.86
-32.86
-32.86
-32.86
-32.86
-32.86
-32.86
-32.86
-32.86
-32.86
-32.86
-32.86
-32.86
-32.86
-32.86
-32.86
-32.86
-32.86
-32.86
-32.86
-32.86
-32.86
-32.86
-32.86
-32.86
-32.86
-32.86
-32.86
-32.86
-32.86
-32.86
-32.86
-32.86
-32.86
-32.86
-32.86
-32.86
-32.86
-32.86
-32.86
-32.86
-32.86
-32.86
-32.86
-32.86
-32.86
-32.86
-32.86
-32.86
-32.86
-32.86
-32.86
-32.86
-32.86
-32.86
-32.86
-32.86
-32.86
-32.86
-32.86
-32.857780745101245
-32.82995635424775
-32.80362590017231
-32.77834243107484
-32.75377854814441
-32.7301645722535
-32.70753304340852
-32.685862872662405
-32.665078382993386
-32.64516659936095
-32.62662724133583
-32.608900533382666
-32.5920477971276
-32.5766317370347
-32.56204798668743
-32.54853141423809
-32.53641142473482
-32.5252345776577
-32.51520954812266
-32.50657704660139
-32.49900027650368
-32.49254981369583
-32.487530183400544
-32.48382207688077
-32.48117994966113
-32.480159916942426
-32.48034606568173
-32.48185691722113
-32.48479898962342
-32.489191810614386
-32.494793488242635
-32.50207331105378
-32.51063959046536
-32.5207593729821
-32.532278300037724
-32.54535081648138
-32.56007037098528
-32.57625438113433
-32.59398465309794
-32.61331896914849
-32.634227076668495
-32.656706429163044
-32.68060830342151
-32.70631927154488
-32.733647214262575
-32.76251479483375
-32.79323599239596
-32.825884893048226
-32.86
-32.86
-32.86
-32.86
-32.86
-32.86
-32.86
-32.86
-32.86
-32.86
-32.86
-32.86
-32.86
-32.86
-32.86
-32.86
-32.86
-32.86
-32.86
-32.86
-32.86
-32.86
-32.86
-32.86
-32.86
-32.86
-32.86
-32.86
-32.86
-32.86
-32.86
-32.86
-32.86
-32.86
-32.86
-32.86
-32.86
-32.86
-32.86
-32.86
-32.86
-32.86
-32.86
-32.86
-32.86
-32.86
-32.86
-32.86
-32.86
-32.86
-32.86
-32.86
-32.857780745101245
-32.82995635424775
-32.80362590017231
-32.77834243107484
-32.75377854814441
-32.7301645722535
-32.70753304340852
-32.685862872662405
-32.665078382993386
-32.64516659936095
-32.62662724133583
-32.608900533382666
-32.5920477971276
-32.5766317370347
-32.56204798668743
-32.54853141423809
-32.53641142473482
-32.5252345776577
-32.51520954812266
-32.50657704660139
-32.49900027650368
-32.49254981369583
-32.487530183400544
-32.48382207688077
-32.48117994966113
-32.480159916942426
-32.48034606568173
-32.48185691722113
-32.48479898962342
-32.489191810614386
-32.494793488242635
-32.50207331105378
-32.51063959046536
-32.5207593729821
-32.532278300037724
-32.54535081648138
-32.56007037098528
-32.57625438113433
-32.59398465309794
-32.61331896914849
-32.634227076668495
-32.656706429163044
-32.68060830342151
-32.70631927154488
-32.733647214262575
-32.76251479483375
-32.79323599239596
-32.825884893048226
-32.86
-32.86
-32.86
-32.86
-32.86
-32.86
-32.86
-32.86
-32.86
-32.86
-32.86
-32.86
-32.86
-32.86
-32.86
-32.86
-32.86
-32.86
-32.86
-32.86
-32.86
-32.86
-32.86
-32.86
-32.86
-32.86
-32.86
-32.86
-32.86
-32.86
-32.86
-32.86
-32.86
-32.86
-32.86
-32.86
-32.86
-32.86
-32.86
-32.86
-32.86
-32.86
-32.86
-32.86
-32.86
-32.86
-32.86
-32.86
-32.86
-32.86
-32.86
-32.86
-32.86
-32.86
-32.86
-32.86
-32.86
-32.86
-32.86
-32.86
-32.86
-32.86
-32.86
-32.86
-32.86
-32.86
-32.86
-32.86
-32.86
-32.86
-32.86
-32.86
-32.86
-32.86
-32.86
-32.86
-32.86
-32.86
-32.86
-32.86
-32.86
-32.86
-32.86
-32.86
-32.86
-32.86
-32.86
-32.86
-32.86
-32.86
-32.86
-32.86
-32.86
-32.86
-32.86
-32.86
-32.86
-32.86
-32.86
-32.86
-32.86
-32.86
-32.86
-32.86
-32.86
-32.86
-32.86
-32.86
-32.86
-32.86
-32.86
-32.86
-32.86
-32.86
-32.86
-32.86
-32.86
-32.86
-32.86
-32.86
-32.86
-32.86
-32.86
-32.86
-32.86
-32.86
-32.86
-32.86
-32.86
-32.86
-32.86
-32.86
-32.86
-32.86
-32.86
-32.86
-32.86
-32.86
-32.86
-32.86
-32.86
-32.86
-32.86
-32.86
-32.86
-32.86
-32.86
-32.86
-32.86
-32.86
-32.86
-32.86
-32.86
-32.83504194266337
-32.80876847487565
-32.783660637619114
-32.75938974057524
-32.735811162798534
-32.713465857543355
-32.6920833074585
-32.67152051159414
-32.651936294711255
-32.63363556268288
-32.61618353982709
-32.59976416238981
-32.58446239102321
-32.57040258575137
-32.557094859371695
-32.54520182895798
-32.5346315210019
-32.524820947601725
-32.5165250161781
-32.5094150044397
-32.503130051268
-32.49859362385653
-32.49525768089673
-32.492800488468326
-32.49226896880501
-32.4928466548418
-32.494549284961025
-32.497948324270226
-32.50267581001791
-32.508475276578004
-32.516286590698336
-32.52506726221274
-32.535502074372694
-32.54739110113699
-32.56074341543603
-32.57576764719004
-32.59221755744464
-32.61026425416317
-32.629828497039746
-32.65100970404052
-32.67360359872134
-32.697939115604754
-32.72364952318475
-32.75106520311425
-32.780377268636435
-32.811369500313134
-32.844148654766244
-32.86
-32.86
-32.86
-32.86
-32.86
-32.86
-32.86
-32.86
-32.86
-32.86
-32.86
-32.86
-32.86
-32.86
-32.86
-32.86
-32.86
-32.86
-32.86
-32.86
-32.86
-32.86
-32.86
-32.86
-32.86
-32.86
-32.86
-32.86
-32.86
-32.86
-32.86
-32.86
-32.86
-32.86
-32.86
-32.86
-32.86
-32.86
-32.86
-32.86
-32.86
-32.86
-32.86
-32.86
-32.86
-32.86
-32.86
-32.86
-32.86
-32.86
-32.86
-32.86
-32.86
-32.83504194266337
-32.80876847487565
-32.783660637619114
-32.75938974057524
-32.735811162798534
-32.713465857543355
-32.6920833074585
-32.67152051159414
-32.651936294711255
-32.63363556268288
-32.61618353982709
-32.59976416238981
-32.58446239102321
-32.57040258575137
-32.557094859371695
-32.54520182895798
-32.5346315210019
-32.524820947601725
-32.5165250161781
-32.5094150044397
-32.503130051268
-32.49859362385653
-32.49525768089673
-32.492800488468326
-32.49226896880501
-32.4928466548418
-32.494549284961025
-32.497948324270226
-32.50267581001791
-32.508475276578004
-32.516286590698336
-32.52506726221274
-32.535502074372694
-32.54739110113699
-32.56074341543603
-32.57576764719004
-32.59221755744464
-32.61026425416317
-32.629828497039746
-32.65100970404052
-32.67360359872134
-32.697939115604754
-32.72364952318475
-32.75106520311425
-32.780377268636435
-32.811369500313134
-32.844148654766244
-32.86
-32.86
-32.86
-32.86
-32.86
-32.86
-32.86
-32.86
-32.86
-32.86
-32.86
-32.86
-32.86
-32.86
-32.86
-32.86
-32.86
-32.86
-32.86
-32.86
-32.86
-32.86
-32.86
-32.86
-32.86
-32.86
-32.86
-32.86
-32.86
-32.86
-32.86
-32.86
-32.86
-32.86
-32.86
-32.86
-32.86
-32.86
-32.86
-32.86
-32.86
-32.86
-32.86
-32.86
-32.86
-32.86
-32.86
-32.86
-32.86
-32.86
-32.86
-32.86
-32.86
-32.86
-32.86
-32.86
-32.86
-32.86
-32.86
-32.86
-32.86
-32.86
-32.86
-32.86
-32.86
-32.86
-32.86
-32.86
-32.86
-32.86
-32.86
-32.86
-32.86
-32.86
-32.86
-32.86
-32.86
-32.86
-32.86
-32.86
-32.86
-32.86
-32.86
-32.86
-32.86
-32.86
-32.86
-32.86
-32.86
-32.86
-32.86
-32.86
-32.86
-32.86
-32.86
-32.86
-32.86
-32.86
-32.86
-32.86
-32.86
-32.86
-32.86
-32.86
-32.86
-32.86
-32.86
-32.86
-32.86
-32.86
-32.86
-32.86
-32.86
-32.86
-32.86
-32.86
-32.86
-32.86
-32.86
-32.86
-32.86
-32.86
-32.86
-32.86
-32.86
-32.86
-32.86
-32.86
-32.86
-32.86
-32.86
-32.86
-32.86
-32.86
-32.86
-32.86
-32.86
-32.86
-32.86
-32.86
-32.86
-32.86
-32.86
-32.86
-32.86
-32.86
-32.86
-32.86
-32.86
-32.86
-32.86
-32.86
-32.86
-32.84035478818838
-32.81411748568134
-32.789110769385246
-32.764999511516116
-32.74173635593754
-32.71951460130828
-32.698408058829436
-32.67819967755212
-32.65874849422902
-32.640862633125224
-32.62371044207097
-32.607523828336035
-32.59271055264986
-32.578800994491864
-32.56597524960376
-32.55449175352909
-32.54402576162327
-32.534826671162904
-32.526793879149956
-32.51993775864654
-32.51429578028497
-32.5098597892837
-32.50696038992876
-32.50509082549077
-32.50457393939555
-32.50566478530197
-32.50781239381335
-32.51133654617332
-32.516591770365544
-32.52281403424073
-32.53068671397746
-32.53999970828271
-32.55074072537176
-32.56296573614492
-32.57662723308826
-32.5919176486062
-32.60860471455407
-32.62709701566122
-32.64692222678554
-32.66800764521788
-32.69137152337638
-32.7155758319017
-32.74163400476122
-32.769473716029346
-32.798784185240024
-32.82995926413785
-32.86
-32.86
-32.86
-32.86
-32.86
-32.86
-32.86
-32.86
-32.86
-32.86
-32.86
-32.86
-32.86
-32.86
-32.86
-32.86
-32.86
-32.86
-32.86
-32.86
-32.86
-32.86
-32.86
-32.86
-32.86
-32.86
-32.86
-32.86
-32.86
-32.86
-32.86
-32.86
-32.86
-32.86
-32.86
-32.86
-32.86
-32.86
-32.86
-32.86
-32.86
-32.86
-32.86
-32.86
-32.86
-32.86
-32.86
-32.86
-32.86
-32.86
-32.86
-32.86
-32.86
-32.86
-32.84035478818838
-32.81411748568134
-32.789110769385246
-32.764999511516116
-32.74173635593754
-32.71951460130828
-32.698408058829436
-32.67819967755212
-32.65874849422902
-32.640862633125224
-32.62371044207097
-32.607523828336035
-32.59271055264986
-32.578800994491864
-32.56597524960376
-32.55449175352909
-32.54402576162327
-32.534826671162904
-32.526793879149956
-32.51993775864654
-32.51429578028497
-32.5098597892837
-32.50696038992876
-32.50509082549077
-32.50457393939555
-32.50566478530197
-32.50781239381335
-32.51133654617332
-32.516591770365544
-32.52281403424073
-32.53068671397746
-32.53999970828271
-32.55074072537176
-32.56296573614492
-32.57662723308826
-32.5919176486062
-32.60860471455407
-32.62709701566122
-32.64692222678554
-32.66800764521788
-32.69137152337638
-32.7155758319017
-32.74163400476122
-32.769473716029346
-32.798784185240024
-32.82995926413785
-32.86
-32.86
-32.86
-32.86
-32.86
-32.86
-32.86
-32.86
-32.86
-32.86
-32.86
-32.86
-32.86
-32.86
-32.86
-32.86
-32.86
-32.86
-32.86
-32.86
-32.86
-32.86
-32.86
-32.86
-32.86
-32.86
-32.86
-32.86
-32.86
-32.86
-32.86
-32.86
-32.86
-32.86
-32.86
-32.86
-32.86
-32.86
-32.86
-32.86
-32.86
-32.86
-32.86
-32.86
-32.86
-32.86
-32.86
-32.86
-32.86
-32.86
-32.86
-32.86
-32.86
-32.86
-32.86
-32.86
-32.86
-32.86
-32.86
-32.86
-32.86
-32.86
-32.86
-32.86
-32.86
-32.86
-32.86
-32.86
-32.86
-32.86
-32.86
-32.86
-32.86
-32.86
-32.86
-32.86
-32.86
-32.86
-32.86
-32.86
-32.86
-32.86
-32.86
-32.86
-32.86
-32.86
-32.86
-32.86
-32.86
-32.86
-32.86
-32.86
-32.86
-32.86
-32.86
-32.86
-32.86
-32.86
-32.86
-32.86
-32.86
-32.86
-32.86
-32.86
-32.86
-32.86
-32.86
-32.86
-32.86
-32.86
-32.86
-32.86
-32.86
-32.86
-32.86
-32.86
-32.86
-32.86
-32.86
-32.86
-32.86
-32.86
-32.86
-32.86
-32.86
-32.86
-32.86
-32.86
-32.86
-32.86
-32.86
-32.86
-32.86
-32.86
-32.86
-32.86
-32.86
-32.86
-32.86
-32.86
-32.86
-32.86
-32.86
-32.86
-32.86
-32.86
-32.86
-32.86
-32.86
-32.86
-32.86
-32.86
-32.86
-32.86
-32.84573278203323
-32.81949326222148
-32.79464084321199
-32.77078891588882
-32.74769687835293
-32.72577262055871
-32.70494224142036
-32.68498500684332
-32.66590490754379
-32.648171727512974
-32.631463894339205
-32.615637718176835
-32.60098493032607
-32.58767525992129
-32.57504812635213
-32.56385256236146
-32.55407074053476
-32.54499275475661
-32.53724326934375
-32.53103683896475
-32.52557979761397
-32.52163936631364
-32.519045914360554
-32.51750800071902
-32.517442905606714
-32.51877989894513
-32.52128980992368
-32.525326322243025
-32.53078486679119
-32.537488231470626
-32.54572903172964
-32.55526227330073
-32.56641142561143
-32.5789610535467
-32.59302132488568
-32.60846130944572
-32.62571237395659
-32.64436945270558
-32.6641336984147
-32.68616620310156
-32.709174234792506
-32.73390177208116
-32.76012419230565
-32.78819707223446
-32.817889496239005
-32.84984230522424
-32.86
-32.86
-32.86
-32.86
-32.86
-32.86
-32.86
-32.86
-32.86
-32.86
-32.86
-32.86
-32.86
-32.86
-32.86
-32.86
-32.86
-32.86
-32.86
-32.86
-32.86
-32.86
-32.86
-32.86
-32.86
-32.86
-32.86
-32.86
-32.86
-32.86
-32.86
-32.86
-32.86
-32.86
-32.86
-32.86
-32.86
-32.86
-32.86
-32.86
-32.86
-32.86
-32.86
-32.86
-32.86
-32.86
-32.86
-32.86
-32.86
-32.86
-32.86
-32.86
-32.86
-32.86
-32.84573278203323
-32.81949326222148
-32.79464084321199
-32.77078891588882
-32.74769687835293
-32.72577262055871
-32.70494224142036
-32.68498500684332
-32.66590490754379
-32.648171727512974
-32.631463894339205
-32.615637718176835
-32.60098493032607
-32.58767525992129
-32.57504812635213
-32.56385256236146
-32.55407074053476
-32.54499275475661
-32.53724326934375
-32.53103683896475
-32.52557979761397
-32.52163936631364
-32.519045914360554
-32.51750800071902
-32.517442905606714
-32.51877989894513
-32.52128980992368
-32.525326322243025
-32.53078486679119
-32.537488231470626
-32.54572903172964
-32.55526227330073
-32.56641142561143
-32.5789610535467
-32.59302132488568
-32.60846130944572
-32.62571237395659
-32.64436945270558
-32.6641336984147
-32.68616620310156
-32.709174234792506
-32.73390177208116
-32.76012419230565
-32.78819707223446
-32.817889496239005
-32.84984230522424
-32.86
-32.86
-32.86
-32.86
-32.86
-32.86
-32.86
-32.86
-32.86
-32.86
-32.86
-32.86
-32.86
-32.86
-32.86
-32.86
-32.86
-32.86
-32.86
-32.86
-32.86
-32.86
-32.86
-32.86
-32.86
-32.86
-32.86
-32.86
-32.86
-32.86
-32.86
-32.86
-32.86
-32.86
-32.86
-32.86
-32.86
-32.86
-32.86
-32.86
-32.86
-32.86
-32.86
-32.86
-32.86
-32.86
-32.86
-32.86
-32.86
-32.86
-32.86
-32.86
-32.86
-32.86
-32.86
-32.86
-32.86
-32.86
-32.86
-32.86
-32.86
-32.86
-32.86
-32.86
-32.86
-32.86
-32.86
-32.86
-32.86
-32.86
-32.86
-32.86
-32.86
-32.86
-32.86
-32.86
-32.86
-32.86
-32.86
-32.86
-32.86
-32.86
-32.86
-32.86
-32.86
-32.86
-32.86
-32.86
-32.86
-32.86
-32.86
-32.86
-32.86
-32.86
-32.86
-32.86
-32.86
-32.86
-32.86
-32.86
-32.86
-32.86
-32.86
-32.86
-32.86
-32.86
-32.86
-32.86
-32.86
-32.86
-32.86
-32.86
-32.86
-32.86
-32.86
-32.86
-32.86
-32.86
-32.86
-32.86
-32.86
-32.86
-32.86
-32.86
-32.86
-32.86
-32.86
-32.86
-32.86
-32.86
-32.86
-32.86
-32.86
-32.86
-32.86
-32.86
-32.86
-32.86
-32.86
-32.86
-32.86
-32.86
-32.86
-32.86
-32.86
-32.86
-32.86
-32.86
-32.86
-32.86
-32.86
-32.86
-32.86
-32.86
-32.85132856980076
-32.82494303776848
-32.800317164524344
-32.77658360475616
-32.75387527873496
-32.732122141093036
-32.711561143243316
-32.69199315283021
-32.673198767707504
-32.65581549803853
-32.639372100576004
-32.62386866042439
-32.609690333898115
-32.59652170281596
-32.58451330942625
-32.57368484750826
-32.563968527989
-32.555540588074514
-32.54821272407609
-32.54208751955462
-32.53734789811999
-32.533595245180955
-32.53143809821294
-32.5304129043763
-32.530541827686214
-32.532459259681964
-32.535278066684356
-32.539519576214
-32.54555423052589
-32.55252274262891
-32.56104297676802
-32.57109325846085
-32.58250726452928
-32.595424309505916
-32.609710185344056
-32.62575187120852
-32.643204805782716
-32.661979136423646
-32.68235846733101
-32.70424096365918
-32.727840693969725
-32.75270259690567
-32.77934705631811
-32.80750493313661
-32.837267801049386
-32.86
-32.86
-32.86
-32.86
-32.86
-32.86
-32.86
-32.86
-32.86
-32.86
-32.86
-32.86
-32.86
-32.86
-32.86
-32.86
-32.86
-32.86
-32.86
-32.86
-32.86
-32.86
-32.86
-32.86
-32.86
-32.86
-32.86
-32.86
-32.86
-32.86
-32.86
-32.86
-32.86
-32.86
-32.86
-32.86
-32.86
-32.86
-32.86
-32.86
-32.86
-32.86
-32.86
-32.86
-32.86
-32.86
-32.86
-32.86
-32.86
-32.86
-32.86
-32.86
-32.86
-32.86
-32.86
-32.85132856980076
-32.82494303776848
-32.800317164524344
-32.77658360475616
-32.75387527873496
-32.732122141093036
-32.711561143243316
-32.69199315283021
-32.673198767707504
-32.65581549803853
-32.639372100576004
-32.62386866042439
-32.609690333898115
-32.59652170281596
-32.58451330942625
-32.57368484750826
-32.563968527989
-32.555540588074514
-32.54821272407609
-32.54208751955462
-32.53734789811999
-32.533595245180955
-32.53143809821294
-32.5304129043763
-32.530541827686214
-32.532459259681964
-32.535278066684356
-32.539519576214
-32.54555423052589
-32.55252274262891
-32.56104297676802
-32.57109325846085
-32.58250726452928
-32.595424309505916
-32.609710185344056
-32.62575187120852
-32.643204805782716
-32.661979136423646
-32.68235846733101
-32.70424096365918
-32.727840693969725
-32.75270259690567
-32.77934705631811
-32.80750493313661
-32.837267801049386
-32.86
-32.86
-32.86
-32.86
-32.86
-32.86
-32.86
-32.86
-32.86
-32.86
-32.86
-32.86
-32.86
-32.86
-32.86
-32.86
-32.86
-32.86
-32.86
-32.86
-32.86
-32.86
-32.86
-32.86
-32.86
-32.86
-32.86
-32.86
-32.86
-32.86
-32.86
-32.86
-32.86
-32.86
-32.86
-32.86
-32.86
-32.86
-32.86
-32.86
-32.86
-32.86
-32.86
-32.86
-32.86
-32.86
-32.86
-32.86
-32.86
-32.86
-32.86
-32.86
-32.86
-32.86
-32.86
-32.86
-32.86
-32.86
-32.86
-32.86
-32.86
-32.86
-32.86
-32.86
-32.86
-32.86
-32.86
-32.86
-32.86
-32.86
-32.86
-32.86
-32.86
-32.86
-32.86
-32.86
-32.86
-32.86
-32.86
-32.86
-32.86
-32.86
-32.86
-32.86
-32.86
-32.86
-32.86
-32.86
-32.86
-32.86
-32.86
-32.86
-32.86
-32.86
-32.86
-32.86
-32.86
-32.86
-32.86
-32.86
-32.86
-32.86
-32.86
-32.86
-32.86
-32.86
-32.86
-32.86
-32.86
-32.86
-32.86
-32.86
-32.86
-32.86
-32.86
-32.86
-32.86
-32.86
-32.86
-32.86
-32.86
-32.86
-32.86
-32.86
-32.86
-32.86
-32.86
-32.86
-32.86
-32.86
-32.86
-32.86
-32.86
-32.86
-32.86
-32.86
-32.86
-32.86
-32.86
-32.86
-32.86
-32.86
-32.86
-32.86
-32.86
-32.86
-32.86
-32.86
-32.86
-32.86
-32.86
-32.86
-32.86
-32.86
-32.86
-32.856800063467446
-32.83055423465126
-32.806015326190156
-32.78260447413541
-32.76003225470793
-32.73859152005041
-32.71832084493951
-32.69901887928276
-32.68065360696619
-32.66345893691705
-32.64750257797286
-32.632336813912715
-32.61840411756264
-32.60590725676041
-32.59411833044348
-32.583477361228816
-32.57451847961792
-32.56628443574851
-32.559238532128546
-32.55383895883669
-32.54925101335616
-32.54595231744022
-32.54428293452059
-32.5434881368104
-32.54422366060088
-32.54628537726273
-32.549656487522995
-32.554289672555065
-32.560547974790616
-32.56808115762622
-32.57687587911762
-32.58721868364759
-32.59912622194858
-32.61236893453159
-32.62710034186621
-32.64326509927396
-32.66116320309665
-32.680200140104944
-32.70090600448721
-32.72328994431935
-32.74663699816093
-32.772314936371934
-32.79890513082772
-32.82750975314732
-32.86
-32.86
-32.86
-32.86
-32.86
-32.86
-32.86
-32.86
-32.86
-32.86
-32.86
-32.86
-32.86
-32.86
-32.86
-32.86
-32.86
-32.86
-32.86
-32.86
-32.86
-32.86
-32.86
-32.86
-32.86
-32.86
-32.86
-32.86
-32.86
-32.86
-32.86
-32.86
-32.86
-32.86
-32.86
-32.86
-32.86
-32.86
-32.86
-32.86
-32.86
-32.86
-32.86
-32.86
-32.86
-32.86
-32.86
-32.86
-32.86
-32.86
-32.86
-32.86
-32.86
-32.86
-32.86
-32.86
-32.856800063467446
-32.83055423465126
-32.806015326190156
-32.78260447413541
-32.76003225470793
-32.73859152005041
-32.71832084493951
-32.69901887928276
-32.68065360696619
-32.66345893691705
-32.64750257797286
-32.632336813912715
-32.61840411756264
-32.60590725676041
-32.59411833044348
-32.583477361228816
-32.57451847961792
-32.56628443574851
-32.559238532128546
-32.55383895883669
-32.54925101335616
-32.54595231744022
-32.54428293452059
-32.5434881368104
-32.54422366060088
-32.54628537726273
-32.549656487522995
-32.554289672555065
-32.560547974790616
-32.56808115762622
-32.57687587911762
-32.58721868364759
-32.59912622194858
-32.61236893453159
-32.62710034186621
-32.64326509927396
-32.66116320309665
-32.680200140104944
-32.70090600448721
-32.72328994431935
-32.74663699816093
-32.772314936371934
-32.79890513082772
-32.82750975314732
-32.86
-32.86
-32.86
-32.86
-32.86
-32.86
-32.86
-32.86
-32.86
-32.86
-32.86
-32.86
-32.86
-32.86
-32.86
-32.86
-32.86
-32.86
-32.86
-32.86
-32.86
-32.86
-32.86
-32.86
-32.86
-32.86
-32.86
-32.86
-32.86
-32.86
-32.86
-32.86
-32.86
-32.86
-32.86
-32.86
-32.86
-32.86
-32.86
-32.86
-32.86
-32.86
-32.86
-32.86
-32.86
-32.86
-32.86
-32.86
-32.86
-32.86
-32.86
-32.86
-32.86
-32.86
-32.86
-32.86
-32.86
-32.86
-32.86
-32.86
-32.86
-32.86
-32.86
-32.86
-32.86
-32.86
-32.86
-32.86
-32.86
-32.86
-32.86
-32.86
-32.86
-32.86
-32.86
-32.86
-32.86
-32.86
-32.86
-32.86
-32.86
-32.86
-32.86
-32.86
-32.86
-32.86
-32.86
-32.86
-32.86
-32.86
-32.86
-32.86
-32.86
-32.86
-32.86
-32.86
-32.86
-32.86
-32.86
-32.86
-32.86
-32.86
-32.86
-32.86
-32.86
-32.86
-32.86
-32.86
-32.86
-32.86
-32.86
-32.86
-32.86
-32.86
-32.86
-32.86
-32.86
-32.86
-32.86
-32.86
-32.86
-32.86
-32.86
-32.86
-32.86
-32.86
-32.86
-32.86
-32.86
-32.86
-32.86
-32.86
-32.86
-32.86
-32.86
-32.86
-32.86
-32.86
-32.86
-32.86
-32.86
-32.86
-32.86
-32.86
-32.86
-32.86
-32.86
-32.86
-32.86
-32.86
-32.86
-32.86
-32.86
-32.86
-32.86
-32.86
-32.86
-32.836106484630974
-32.811750827255246
-32.788518182620564
-32.766375327974245
-32.745144790683405
-32.725141481335456
-32.70624117150292
-32.68817456426455
-32.671374512334445
-32.65569348050805
-32.641064722727535
-32.627552169352754
-32.61523688132367
-32.603984868489924
-32.59384364386476
-32.585044921253036
-32.57738624081788
-32.57082953312675
-32.565584645854976
-32.56158365382428
-32.55865235932318
-32.557332067217786
-32.55721237757329
-32.558076824673684
-32.56069867508425
-32.56440492809676
-32.56934953032917
-32.57614262826838
-32.583869899435
-32.59314147451383
-32.60391268311327
-32.61618883469644
-32.62986078826497
-32.64473182640448
-32.6616373397406
-32.67937147861523
-32.69898997164217
-32.72015282360567
-32.74241057362961
-32.76670338195172
-32.79213417063665
-32.819302372136875
-32.84843903736374
-32.86
-32.86
-32.86
-32.86
-32.86
-32.86
-32.86
-32.86
-32.86
-32.86
-32.86
-32.86
-32.86
-32.86
-32.86
-32.86
-32.86
-32.86
-32.86
-32.86
-32.86
-32.86
-32.86
-32.86
-32.86
-32.86
-32.86
-32.86
-32.86
-32.86
-32.86
-32.86
-32.86
-32.86
-32.86
-32.86
-32.86
-32.86
-32.86
-32.86
-32.86
-32.86
-32.86
-32.86
-32.86
-32.86
-32.86
-32.86
-32.86
-32.86
-32.86
-32.86
-32.86
-32.86
-32.86
-32.86
-32.86
-32.836106484630974
-32.811750827255246
-32.788518182620564
-32.766375327974245
-32.745144790683405
-32.725141481335456
-32.70624117150292
-32.68817456426455
-32.671374512334445
-32.65569348050805
-32.641064722727535
-32.627552169352754
-32.61523688132367
-32.603984868489924
-32.59384364386476
-32.585044921253036
-32.57738624081788
-32.57082953312675
-32.565584645854976
-32.56158365382428
-32.55865235932318
-32.557332067217786
-32.55721237757329
-32.558076824673684
-32.56069867508425
-32.56440492809676
-32.56934953032917
-32.57614262826838
-32.583869899435
-32.59314147451383
-32.60391268311327
-32.61618883469644
-32.62986078826497
-32.64473182640448
-32.6616373397406
-32.67937147861523
-32.69898997164217
-32.72015282360567
-32.74241057362961
-32.76670338195172
-32.79213417063665
-32.819302372136875
-32.84843903736374
-32.86
-32.86
-32.86
-32.86
-32.86
-32.86
-32.86
-32.86
-32.86
-32.86
-32.86
-32.86
-32.86
-32.86
-32.86
-32.86
-32.86
-32.86
-32.86
-32.86
-32.86
-32.86
-32.86
-32.86
-32.86
-32.86
-32.86
-32.86
-32.86
-32.86
-32.86
-32.86
-32.86
-32.86
-32.86
-32.86
-32.86
-32.86
-32.86
-32.86
-32.86
-32.86
-32.86
-32.86
-32.86
-32.86
-32.86
-32.86
-32.86
-32.86
-32.86
-32.86
-32.86
-32.86
-32.86
-32.86
-32.86
-32.86
-32.86
-32.86
-32.86
-32.86
-32.86
-32.86
-32.86
-32.86
-32.86
-32.86
-32.86
-32.86
-32.86
-32.86
-32.86
-32.86
-32.86
-32.86
-32.86
-32.86
-32.86
-32.86
-32.86
-32.86
-32.86
-32.86
-32.86
-32.86
-32.86
-32.86
-32.86
-32.86
-32.86
-32.86
-32.86
-32.86
-32.86
-32.86
-32.86
-32.86
-32.86
-32.86
-32.86
-32.86
-32.86
-32.86
-32.86
-32.86
-32.86
-32.86
-32.86
-32.86
-32.86
-32.86
-32.86
-32.86
-32.86
-32.86
-32.86
-32.86
-32.86
-32.86
-32.86
-32.86
-32.86
-32.86
-32.86
-32.86
-32.86
-32.86
-32.86
-32.86
-32.86
-32.86
-32.86
-32.86
-32.86
-32.86
-32.86
-32.86
-32.86
-32.86
-32.86
-32.86
-32.86
-32.86
-32.86
-32.86
-32.86
-32.86
-32.86
-32.86
-32.86
-32.86
-32.86
-32.86
-32.86
-32.86
-32.86
-32.841717677061794
-32.817518868326765
-32.79464653428688
-32.772670593551595
-32.75178226129499
-32.7320712888402
-32.713507138867826
-32.695914856277525
-32.67939823996921
-32.66421904978168
-32.64994984901436
-32.63670022114287
-32.62494588481529
-32.61408297168666
-32.604183180185494
-32.59599627834846
-32.588732939180844
-32.58255673316201
-32.57782942512152
-32.57417370114238
-32.57161530281146
-32.57087476313171
-32.57091514981241
-32.57245047641702
-32.57533357743903
-32.57951287354278
-32.58492450270992
-32.59193824567674
-32.60035630839472
-32.60980766371625
-32.621089436102906
-32.633797027437275
-32.647499937009364
-32.663294207089095
-32.67997721750148
-32.69834803856611
-32.71840512030361
-32.73978209184953
-32.76262800106746
-32.78683459660712
-32.81299274233499
-32.84025151378931
-32.86
-32.86
-32.86
-32.86
-32.86
-32.86
-32.86
-32.86
-32.86
-32.86
-32.86
-32.86
-32.86
-32.86
-32.86
-32.86
-32.86
-32.86
-32.86
-32.86
-32.86
-32.86
-32.86
-32.86
-32.86
-32.86
-32.86
-32.86
-32.86
-32.86
-32.86
-32.86
-32.86
-32.86
-32.86
-32.86
-32.86
-32.86
-32.86
-32.86
-32.86
-32.86
-32.86
-32.86
-32.86
-32.86
-32.86
-32.86
-32.86
-32.86
-32.86
-32.86
-32.86
-32.86
-32.86
-32.86
-32.86
-32.86
-32.841717677061794
-32.817518868326765
-32.79464653428688
-32.772670593551595
-32.75178226129499
-32.7320712888402
-32.713507138867826
-32.695914856277525
-32.67939823996921
-32.66421904978168
-32.64994984901436
-32.63670022114287
-32.62494588481529
-32.61408297168666
-32.604183180185494
-32.59599627834846
-32.588732939180844
-32.58255673316201
-32.57782942512152
-32.57417370114238
-32.57161530281146
-32.57087476313171
-32.57091514981241
-32.57245047641702
-32.57533357743903
-32.57951287354278
-32.58492450270992
-32.59193824567674
-32.60035630839472
-32.60980766371625
-32.621089436102906
-32.633797027437275
-32.647499937009364
-32.663294207089095
-32.67997721750148
-32.69834803856611
-32.71840512030361
-32.73978209184953
-32.76262800106746
-32.78683459660712
-32.81299274233499
-32.84025151378931
-32.86
-32.86
-32.86
-32.86
-32.86
-32.86
-32.86
-32.86
-32.86
-32.86
-32.86
-32.86
-32.86
-32.86
-32.86
-32.86
-32.86
-32.86
-32.86
-32.86
-32.86
-32.86
-32.86
-32.86
-32.86
-32.86
-32.86
-32.86
-32.86
-32.86
-32.86
-32.86
-32.86
-32.86
-32.86
-32.86
-32.86
-32.86
-32.86
-32.86
-32.86
-32.86
-32.86
-32.86
-32.86
-32.86
-32.86
-32.86
-32.86
-32.86
-32.86
-32.86
-32.86
-32.86
-32.86
-32.86
-32.86
-32.86
-32.86
-32.86
-32.86
-32.86
-32.86
-32.86
-32.86
-32.86
-32.86
-32.86
-32.86
-32.86
-32.86
-32.86
-32.86
-32.86
-32.86
-32.86
-32.86
-32.86
-32.86
-32.86
-32.86
-32.86
-32.86
-32.86
-32.86
-32.86
-32.86
-32.86
-32.86
-32.86
-32.86
-32.86
-32.86
-32.86
-32.86
-32.86
-32.86
-32.86
-32.86
-32.86
-32.86
-32.86
-32.86
-32.86
-32.86
-32.86
-32.86
-32.86
-32.86
-32.86
-32.86
-32.86
-32.86
-32.86
-32.86
-32.86
-32.86
-32.86
-32.86
-32.86
-32.86
-32.86
-32.86
-32.86
-32.86
-32.86
-32.86
-32.86
-32.86
-32.86
-32.86
-32.86
-32.86
-32.86
-32.86
-32.86
-32.86
-32.86
-32.86
-32.86
-32.86
-32.86
-32.86
-32.86
-32.86
-32.86
-32.86
-32.86
-32.86
-32.86
-32.86
-32.86
-32.86
-32.86
-32.86
-32.86
-32.86
-32.86
-32.847423699270024
-32.82342413380363
-32.80063348546832
-32.77912759893911
-32.75849089264252
-32.73912797162768
-32.72101506331214
-32.70372117330586
-32.68767611957649
-32.67288611803944
-32.658913377208414
-32.646199043035445
-32.634831929209426
-32.62432238015515
-32.61509878043195
-32.6072034477826
-32.600257011618865
-32.59464281583805
-32.59025139478063
-32.5870908661917
-32.585050801431244
-32.58450700142877
-32.58535657501227
-32.58703704748299
-32.590422498009175
-32.59510557260756
-32.60069252468933
-32.60842290654349
-32.61704493684114
-32.627081907529096
-32.63883722889388
-32.651631662844416
-32.66610884575678
-32.681876716907404
-32.69925045821607
-32.717888314618875
-32.73835423925684
-32.75990753695082
-32.783079627808725
-32.80797317681821
-32.833861686391884
-32.86
-32.86
-32.86
-32.86
-32.86
-32.86
-32.86
-32.86
-32.86
-32.86
-32.86
-32.86
-32.86
-32.86
-32.86
-32.86
-32.86
-32.86
-32.86
-32.86
-32.86
-32.86
-32.86
-32.86
-32.86
-32.86
-32.86
-32.86
-32.86
-32.86
-32.86
-32.86
-32.86
-32.86
-32.86
-32.86
-32.86
-32.86
-32.86
-32.86
-32.86
-32.86
-32.86
-32.86
-32.86
-32.86
-32.86
-32.86
-32.86
-32.86
-32.86
-32.86
-32.86
-32.86
-32.86
-32.86
-32.86
-32.86
-32.86
-32.847423699270024
-32.82342413380363
-32.80063348546832
-32.77912759893911
-32.75849089264252
-32.73912797162768
-32.72101506331214
-32.70372117330586
-32.68767611957649
-32.67288611803944
-32.658913377208414
-32.646199043035445
-32.634831929209426
-32.62432238015515
-32.61509878043195
-32.6072034477826
-32.600257011618865
-32.59464281583805
-32.59025139478063
-32.5870908661917
-32.585050801431244
-32.58450700142877
-32.58535657501227
-32.58703704748299
-32.590422498009175
-32.59510557260756
-32.60069252468933
-32.60842290654349
-32.61704493684114
-32.627081907529096
-32.63883722889388
-32.651631662844416
-32.66610884575678
-32.681876716907404
-32.69925045821607
-32.717888314618875
-32.73835423925684
-32.75990753695082
-32.783079627808725
-32.80797317681821
-32.833861686391884
-32.86
-32.86
-32.86
-32.86
-32.86
-32.86
-32.86
-32.86
-32.86
-32.86
-32.86
-32.86
-32.86
-32.86
-32.86
-32.86
-32.86
-32.86
-32.86
-32.86
-32.86
-32.86
-32.86
-32.86
-32.86
-32.86
-32.86
-32.86
-32.86
-32.86
-32.86
-32.86
-32.86
-32.86
-32.86
-32.86
-32.86
-32.86
-32.86
-32.86
-32.86
-32.86
-32.86
-32.86
-32.86
-32.86
-32.86
-32.86
-32.86
-32.86
-32.86
-32.86
-32.86
-32.86
-32.86
-32.86
-32.86
-32.86
-32.86
-32.86
-32.86
-32.86
-32.86
-32.86
-32.86
-32.86
-32.86
-32.86
-32.86
-32.86
-32.86
-32.86
-32.86
-32.86
-32.86
-32.86
-32.86
-32.86
-32.86
-32.86
-32.86
-32.86
-32.86
-32.86
-32.86
-32.86
-32.86
-32.86
-32.86
-32.86
-32.86
-32.86
-32.86
-32.86
-32.86
-32.86
-32.86
-32.86
-32.86
-32.86
-32.86
-32.86
-32.86
-32.86
-32.86
-32.86
-32.86
-32.86
-32.86
-32.86
-32.86
-32.86
-32.86
-32.86
-32.86
-32.86
-32.86
-32.86
-32.86
-32.86
-32.86
-32.86
-32.86
-32.86
-32.86
-32.86
-32.86
-32.86
-32.86
-32.86
-32.86
-32.86
-32.86
-32.86
-32.86
-32.86
-32.86
-32.86
-32.86
-32.86
-32.86
-32.86
-32.86
-32.86
-32.86
-32.86
-32.86
-32.86
-32.86
-32.86
-32.86
-32.86
-32.86
-32.86
-32.86
-32.86
-32.86
-32.86
-32.86
-32.853159205604264
-32.82925195448439
-32.80695713921224
-32.78544149409319
-32.76534752128548
-32.74621681765779
-32.728530305507356
-32.71179061442533
-32.69603703804819
-32.68160243203348
-32.66831576002159
-32.65584810361951
-32.64485440920981
-32.63505614003509
-32.62602945063586
-32.61856312756147
-32.61234134929766
-32.60689683725765
-32.60304758035662
-32.60040542902137
-32.59867685777638
-32.5987736729189
-32.59973925478943
-32.60214549645096
-32.60594112207143
-32.610939409684235
-32.61726263246165
-32.62508786338632
-32.63444751910602
-32.644748761576565
-32.656823735770324
-32.670187250571
-32.684909970937525
-32.70134097850029
-32.71876730275488
-32.738098340775046
-32.7585611762091
-32.78059577060215
-32.80451481443452
-32.82951563136774
-32.8569384044026
-32.86
-32.86
-32.86
-32.86
-32.86
-32.86
-32.86
-32.86
-32.86
-32.86
-32.86
-32.86
-32.86
-32.86
-32.86
-32.86
-32.86
-32.86
-32.86
-32.86
-32.86
-32.86
-32.86
-32.86
-32.86
-32.86
-32.86
-32.86
-32.86
-32.86
-32.86
-32.86
-32.86
-32.86
-32.86
-32.86
-32.86
-32.86
-32.86
-32.86
-32.86
-32.86
-32.86
-32.86
-32.86
-32.86
-32.86
-32.86
-32.86
-32.86
-32.86
-32.86
-32.86
-32.86
-32.86
-32.86
-32.86
-32.86
-32.86
-32.853159205604264
-32.82925195448439
-32.80695713921224
-32.78544149409319
-32.76534752128548
-32.74621681765779
-32.728530305507356
-32.71179061442533
-32.69603703804819
-32.68160243203348
-32.66831576002159
-32.65584810361951
-32.64485440920981
-32.63505614003509
-32.62602945063586
-32.61856312756147
-32.61234134929766
-32.60689683725765
-32.60304758035662
-32.60040542902137
-32.59867685777638
-32.5987736729189
-32.59973925478943
-32.60214549645096
-32.60594112207143
-32.610939409684235
-32.61726263246165
-32.62508786338632
-32.63444751910602
-32.644748761576565
-32.656823735770324
-32.670187250571
-32.684909970937525
-32.70134097850029
-32.71876730275488
-32.738098340775046
-32.7585611762091
-32.78059577060215
-32.80451481443452
-32.82951563136774
-32.8569384044026
-32.86
-32.86
-32.86
-32.86
-32.86
-32.86
-32.86
-32.86
-32.86
-32.86
-32.86
-32.86
-32.86
-32.86
-32.86
-32.86
-32.86
-32.86
-32.86
-32.86
-32.86
-32.86
-32.86
-32.86
-32.86
-32.86
-32.86
-32.86
-32.86
-32.86
-32.86
-32.86
-32.86
-32.86
-32.86
-32.86
-32.86
-32.86
-32.86
-32.86
-32.86
-32.86
-32.86
-32.86
-32.86
-32.86
-32.86
-32.86
-32.86
-32.86
-32.86
-32.86
-32.86
-32.86
-32.86
-32.86
-32.86
-32.86
-32.86
-32.86
-32.86
-32.86
-32.86
-32.86
-32.86
-32.86
-32.86
-32.86
-32.86
-32.86
-32.86
-32.86
-32.86
-32.86
-32.86
-32.86
-32.86
-32.86
-32.86
-32.86
-32.86
-32.86
-32.86
-32.86
-32.86
-32.86
-32.86
-32.86
-32.86
-32.86
-32.86
-32.86
-32.86
-32.86
-32.86
-32.86
-32.86
-32.86
-32.86
-32.86
-32.86
-32.86
-32.86
-32.86
-32.86
-32.86
-32.86
-32.86
-32.86
-32.86
-32.86
-32.86
-32.86
-32.86
-32.86
-32.86
-32.86
-32.86
-32.86
-32.86
-32.86
-32.86
-32.86
-32.86
-32.86
-32.86
-32.86
-32.86
-32.86
-32.86
-32.86
-32.86
-32.86
-32.86
-32.86
-32.86
-32.86
-32.86
-32.86
-32.86
-32.86
-32.86
-32.86
-32.86
-32.86
-32.86
-32.86
-32.86
-32.86
-32.86
-32.86
-32.86
-32.86
-32.86
-32.86
-32.86
-32.86
-32.86
-32.86
-32.85897497038377
-32.835192299984065
-32.81287111583157
-32.79209966338924
-32.77210722419811
-32.75344536611769
-32.736271336845235
-32.71969882379079
-32.70456954683832
-32.69066459216802
-32.67750139616428
-32.66567931879936
-32.65535496837995
-32.645659066802565
-32.63740724102964
-32.63044381133367
-32.6242862486397
-32.61957204187766
-32.61622740009738
-32.613928460620954
-32.6128548139956
-32.61306977340835
-32.614926027050615
-32.617551421257936
-32.62173234091786
-32.62737489758256
-32.633886880593636
-32.64251801362863
-32.65190291632654
-32.66282079802607
-32.67540506610197
-32.6888480122021
-32.704362148681874
-32.72079023628562
-32.73904715404997
-32.75854606598647
-32.77954096832525
-32.80222816304344
-32.826444887620355
-32.85255640177395
-32.86
-32.86
-32.86
-32.86
-32.86
-32.86
-32.86
-32.86
-32.86
-32.86
-32.86
-32.86
-32.86
-32.86
-32.86
-32.86
-32.86
-32.86
-32.86
-32.86
-32.86
-32.86
-32.86
-32.86
-32.86
-32.86
-32.86
-32.86
-32.86
-32.86
-32.86
-32.86
-32.86
-32.86
-32.86
-32.86
-32.86
-32.86
-32.86
-32.86
-32.86
-32.86
-32.86
-32.86
-32.86
-32.86
-32.86
-32.86
-32.86
-32.86
-32.86
-32.86
-32.86
-32.86
-32.86
-32.86
-32.86
-32.86
-32.86
-32.86
-32.85897497038377
-32.835192299984065
-32.81287111583157
-32.79209966338924
-32.77210722419811
-32.75344536611769
-32.736271336845235
-32.71969882379079
-32.70456954683832
-32.69066459216802
-32.67750139616428
-32.66567931879936
-32.65535496837995
-32.645659066802565
-32.63740724102964
-32.63044381133367
-32.6242862486397
-32.61957204187766
-32.61622740009738
-32.613928460620954
-32.6128548139956
-32.61306977340835
-32.614926027050615
-32.617551421257936
-32.62173234091786
-32.62737489758256
-32.633886880593636
-32.64251801362863
-32.65190291632654
-32.66282079802607
-32.67540506610197
-32.6888480122021
-32.704362148681874
-32.72079023628562
-32.73904715404997
-32.75854606598647
-32.77954096832525
-32.80222816304344
-32.826444887620355
-32.85255640177395
-32.86
-32.86
-32.86
-32.86
-32.86
-32.86
-32.86
-32.86
-32.86
-32.86
-32.86
-32.86
-32.86
-32.86
-32.86
-32.86
-32.86
-32.86
-32.86
-32.86
-32.86
-32.86
-32.86
-32.86
-32.86
-32.86
-32.86
-32.86
-32.86
-32.86
-32.86
-32.86
-32.86
-32.86
-32.86
-32.86
-32.86
-32.86
-32.86
-32.86
-32.86
-32.86
-32.86
-32.86
-32.86
-32.86
-32.86
-32.86
-32.86
-32.86
-32.86
-32.86
-32.86
-32.86
-32.86
-32.86
-32.86
-32.86
-32.86
-32.86
-32.86
-32.86
-32.86
-32.86
-32.86
-32.86
-32.86
-32.86
-32.86
-32.86
-32.86
-32.86
-32.86
-32.86
-32.86
-32.86
-32.86
-32.86
-32.86
-32.86
-32.86
-32.86
-32.86
-32.86
-32.86
-32.86
-32.86
-32.86
-32.86
-32.86
-32.86
-32.86
-32.86
-32.86
-32.86
-32.86
-32.86
-32.86
-32.86
-32.86
-32.86
-32.86
-32.86
-32.86
-32.86
-32.86
-32.86
-32.86
-32.86
-32.86
-32.86
-32.86
-32.86
-32.86
-32.86
-32.86
-32.86
-32.86
-32.86
-32.86
-32.86
-32.86
-32.86
-32.86
-32.86
-32.86
-32.86
-32.86
-32.86
-32.86
-32.86
-32.86
-32.86
-32.86
-32.86
-32.86
-32.86
-32.86
-32.86
-32.86
-32.86
-32.86
-32.86
-32.86
-32.86
-32.86
-32.86
-32.86
-32.86
-32.86
-32.86
-32.86
-32.86
-32.86
-32.86
-32.86
-32.86
-32.86
-32.86
-32.86
-32.86
-32.84111664324046
-32.819176819762454
-32.79843931235485
-32.7790878917331
-32.76080375767221
-32.744013029326226
-32.72817108980835
-32.713216100245475
-32.69958307224371
-32.68735402334658
-32.675727260752936
-32.6657177010191
-32.656941132255604
-32.648856828530086
-32.64219705495592
-32.63707742544339
-32.63255745505305
-32.62957004716144
-32.628014103440535
-32.62717313945031
-32.6280978086186
-32.630164995190505
-32.63338383061614
-32.638049747220585
-32.64406013785611
-32.65123813699499
-32.6600104196363
-32.66999412288373
-32.681482923582244
-32.69418078456995
-32.708354989641
-32.72394593808776
-32.74121881840946
-32.75961162393049
-32.779778667262555
-32.80101670570783
-32.82424563051345
-32.84942875176878
-32.86
-32.86
-32.86
-32.86
-32.86
-32.86
-32.86
-32.86
-32.86
-32.86
-32.86
-32.86
-32.86
-32.86
-32.86
-32.86
-32.86
-32.86
-32.86
-32.86
-32.86
-32.86
-32.86
-32.86
-32.86
-32.86
-32.86
-32.86
-32.86
-32.86
-32.86
-32.86
-32.86
-32.86
-32.86
-32.86
-32.86
-32.86
-32.86
-32.86
-32.86
-32.86
-32.86
-32.86
-32.86
-32.86
-32.86
-32.86
-32.86
-32.86
-32.86
-32.86
-32.86
-32.86
-32.86
-32.86
-32.86
-32.86
-32.86
-32.86
-32.86
-32.86
-32.84111664324046
-32.819176819762454
-32.79843931235485
-32.7790878917331
-32.76080375767221
-32.744013029326226
-32.72817108980835
-32.713216100245475
-32.69958307224371
-32.68735402334658
-32.675727260752936
-32.6657177010191
-32.656941132255604
-32.648856828530086
-32.64219705495592
-32.63707742544339
-32.63255745505305
-32.62957004716144
-32.628014103440535
-32.62717313945031
-32.6280978086186
-32.630164995190505
-32.63338383061614
-32.638049747220585
-32.64406013785611
-32.65123813699499
-32.6600104196363
-32.66999412288373
-32.681482923582244
-32.69418078456995
-32.708354989641
-32.72394593808776
-32.74121881840946
-32.75961162393049
-32.779778667262555
-32.80101670570783
-32.82424563051345
-32.84942875176878
-32.86
-32.86
-32.86
-32.86
-32.86
-32.86
-32.86
-32.86
-32.86
-32.86
-32.86
-32.86
-32.86
-32.86
-32.86
-32.86
-32.86
-32.86
-32.86
-32.86
-32.86
-32.86
-32.86
-32.86
-32.86
-32.86
-32.86
-32.86
-32.86
-32.86
-32.86
-32.86
-32.86
-32.86
-32.86
-32.86
-32.86
-32.86
-32.86
-32.86
-32.86
-32.86
-32.86
-32.86
-32.86
-32.86
-32.86
-32.86
-32.86
-32.86
-32.86
-32.86
-32.86
-32.86
-32.86
-32.86
-32.86
-32.86
-32.86
-32.86
-32.86
-32.86
-32.86
-32.86
-32.86
-32.86
-32.86
-32.86
-32.86
-32.86
-32.86
-32.86
-32.86
-32.86
-32.86
-32.86
-32.86
-32.86
-32.86
-32.86
-32.86
-32.86
-32.86
-32.86
-32.86
-32.86
-32.86
-32.86
-32.86
-32.86
-32.86
-32.86
-32.86
-32.86
-32.86
-32.86
-32.86
-32.86
-32.86
-32.86
-32.86
-32.86
-32.86
-32.86
-32.86
-32.86
-32.86
-32.86
-32.86
-32.86
-32.86
-32.86
-32.86
-32.86
-32.86
-32.86
-32.86
-32.86
-32.86
-32.86
-32.86
-32.86
-32.86
-32.86
-32.86
-32.86
-32.86
-32.86
-32.86
-32.86
-32.86
-32.86
-32.86
-32.86
-32.86
-32.86
-32.86
-32.86
-32.86
-32.86
-32.86
-32.86
-32.86
-32.86
-32.86
-32.86
-32.86
-32.86
-32.86
-32.86
-32.86
-32.86
-32.86
-32.86
-32.86
-32.86
-32.86
-32.86
-32.86
-32.86
-32.86
-32.86
-32.84713751693571
-32.82521484249904
-32.805079552415656
-32.786043279785524
-32.76825999261368
-32.75185966638484
-32.7363547648315
-32.722078773570104
-32.7090481524974
-32.69694933742249
-32.68607354360692
-32.676638188655794
-32.668008916446695
-32.660702801249
-32.654655233132004
-32.649695087309496
-32.645939195673876
-32.643477740335534
-32.64210399928082
-32.642078736379055
-32.64322652596378
-32.64592071172411
-32.64960911648683
-32.654572781576015
-32.66138428140358
-32.66874906497911
-32.67813346292439
-32.68846669005117
-32.70023903207972
-32.71372754560634
-32.727934251214535
-32.74453009259033
-32.76181155392327
-32.78086756526637
-32.80137409860375
-32.82317068543417
-32.84723128054041
-32.86
-32.86
-32.86
-32.86
-32.86
-32.86
-32.86
-32.86
-32.86
-32.86
-32.86
-32.86
-32.86
-32.86
-32.86
-32.86
-32.86
-32.86
-32.86
-32.86
-32.86
-32.86
-32.86
-32.86
-32.86
-32.86
-32.86
-32.86
-32.86
-32.86
-32.86
-32.86
-32.86
-32.86
-32.86
-32.86
-32.86
-32.86
-32.86
-32.86
-32.86
-32.86
-32.86
-32.86
-32.86
-32.86
-32.86
-32.86
-32.86
-32.86
-32.86
-32.86
-32.86
-32.86
-32.86
-32.86
-32.86
-32.86
-32.86
-32.86
-32.86
-32.86
-32.86
-32.84713751693571
-32.82521484249904
-32.805079552415656
-32.786043279785524
-32.76825999261368
-32.75185966638484
-32.7363547648315
-32.722078773570104
-32.7090481524974
-32.69694933742249
-32.68607354360692
-32.676638188655794
-32.668008916446695
-32.660702801249
-32.654655233132004
-32.649695087309496
-32.645939195673876
-32.643477740335534
-32.64210399928082
-32.642078736379055
-32.64322652596378
-32.64592071172411
-32.64960911648683
-32.654572781576015
-32.66138428140358
-32.66874906497911
-32.67813346292439
-32.68846669005117
-32.70023903207972
-32.71372754560634
-32.727934251214535
-32.74453009259033
-32.76181155392327
-32.78086756526637
-32.80137409860375
-32.82317068543417
-32.84723128054041
-32.86
-32.86
-32.86
-32.86
-32.86
-32.86
-32.86
-32.86
-32.86
-32.86
-32.86
-32.86
-32.86
-32.86
-32.86
-32.86
-32.86
-32.86
-32.86
-32.86
-32.86
-32.86
-32.86
-32.86
-32.86
-32.86
-32.86
-32.86
-32.86
-32.86
-32.86
-32.86
-32.86
-32.86
-32.86
-32.86
-32.86
-32.86
-32.86
-32.86
-32.86
-32.86
-32.86
-32.86
-32.86
-32.86
-32.86
-32.86
-32.86
-32.86
-32.86
-32.86
-32.86
-32.86
-32.86
-32.86
-32.86
-32.86
-32.86
-32.86
-32.86
-32.86
-32.86
-32.86
-32.86
-32.86
-32.86
-32.86
-32.86
-32.86
-32.86
-32.86
-32.86
-32.86
-32.86
-32.86
-32.86
-32.86
-32.86
-32.86
-32.86
-32.86
-32.86
-32.86
-32.86
-32.86
-32.86
-32.86
-32.86
-32.86
-32.86
-32.86
-32.86
-32.86
-32.86
-32.86
-32.86
-32.86
-32.86
-32.86
-32.86
-32.86
-32.86
-32.86
-32.86
-32.86
-32.86
-32.86
-32.86
-32.86
-32.86
-32.86
-32.86
-32.86
-32.86
-32.86
-32.86
-32.86
-32.86
-32.86
-32.86
-32.86
-32.86
-32.86
-32.86
-32.86
-32.86
-32.86
-32.86
-32.86
-32.86
-32.86
-32.86
-32.86
-32.86
-32.86
-32.86
-32.86
-32.86
-32.86
-32.86
-32.86
-32.86
-32.86
-32.86
-32.86
-32.86
-32.86
-32.86
-32.86
-32.86
-32.86
-32.86
-32.86
-32.86
-32.86
-32.86
-32.86
-32.86
-32.86
-32.86
-32.86
-32.86
-32.852995331408124
-32.83152140178566
-32.81155991428396
-32.79303105348545
-32.775667442692445
-32.75986441151981
-32.74484368561371
-32.73095989273623
-32.71837658511745
-32.70713357269492
-32.69660088123639
-32.68749165903183
-32.679756467069495
-32.67276691301499
-32.667118561587955
-32.66295852934109
-32.659512229520566
-32.657424434298385
-32.65696521308813
-32.65708254486125
-32.65888478606435
-32.66205248334208
-32.66617845878363
-32.6719282061411
-32.67862747644843
-32.68687949261108
-32.69664593939538
-32.707235480954424
-32.71993444188184
-32.733318360022196
-32.748560154376655
-32.76521887063667
-32.78315245670902
-32.80267265812205
-32.82360931402187
-32.84632917960828
-32.86
-32.86
-32.86
-32.86
-32.86
-32.86
-32.86
-32.86
-32.86
-32.86
-32.86
-32.86
-32.86
-32.86
-32.86
-32.86
-32.86
-32.86
-32.86
-32.86
-32.86
-32.86
-32.86
-32.86
-32.86
-32.86
-32.86
-32.86
-32.86
-32.86
-32.86
-32.86
-32.86
-32.86
-32.86
-32.86
-32.86
-32.86
-32.86
-32.86
-32.86
-32.86
-32.86
-32.86
-32.86
-32.86
-32.86
-32.86
-32.86
-32.86
-32.86
-32.86
-32.86
-32.86
-32.86
-32.86
-32.86
-32.86
-32.86
-32.86
-32.86
-32.86
-32.86
-32.86
-32.852995331408124
-32.83152140178566
-32.81155991428396
-32.79303105348545
-32.775667442692445
-32.75986441151981
-32.74484368561371
-32.73095989273623
-32.71837658511745
-32.70713357269492
-32.69660088123639
-32.68749165903183
-32.679756467069495
-32.67276691301499
-32.667118561587955
-32.66295852934109
-32.659512229520566
-32.657424434298385
-32.65696521308813
-32.65708254486125
-32.65888478606435
-32.66205248334208
-32.66617845878363
-32.6719282061411
-32.67862747644843
-32.68687949261108
-32.69664593939538
-32.707235480954424
-32.71993444188184
-32.733318360022196
-32.748560154376655
-32.76521887063667
-32.78315245670902
-32.80267265812205
-32.82360931402187
-32.84632917960828
-32.86
-32.86
-32.86
-32.86
-32.86
-32.86
-32.86
-32.86
-32.86
-32.86
-32.86
-32.86
-32.86
-32.86
-32.86
-32.86
-32.86
-32.86
-32.86
-32.86
-32.86
-32.86
-32.86
-32.86
-32.86
-32.86
-32.86
-32.86
-32.86
-32.86
-32.86
-32.86
-32.86
-32.86
-32.86
-32.86
-32.86
-32.86
-32.86
-32.86
-32.86
-32.86
-32.86
-32.86
-32.86
-32.86
-32.86
-32.86
-32.86
-32.86
-32.86
-32.86
-32.86
-32.86
-32.86
-32.86
-32.86
-32.86
-32.86
-32.86
-32.86
-32.86
-32.86
-32.86
-32.86
-32.86
-32.86
-32.86
-32.86
-32.86
-32.86
-32.86
-32.86
-32.86
-32.86
-32.86
-32.86
-32.86
-32.86
-32.86
-32.86
-32.86
-32.86
-32.86
-32.86
-32.86
-32.86
-32.86
-32.86
-32.86
-32.86
-32.86
-32.86
-32.86
-32.86
-32.86
-32.86
-32.86
-32.86
-32.86
-32.86
-32.86
-32.86
-32.86
-32.86
-32.86
-32.86
-32.86
-32.86
-32.86
-32.86
-32.86
-32.86
-32.86
-32.86
-32.86
-32.86
-32.86
-32.86
-32.86
-32.86
-32.86
-32.86
-32.86
-32.86
-32.86
-32.86
-32.86
-32.86
-32.86
-32.86
-32.86
-32.86
-32.86
-32.86
-32.86
-32.86
-32.86
-32.86
-32.86
-32.86
-32.86
-32.86
-32.86
-32.86
-32.86
-32.86
-32.86
-32.86
-32.86
-32.86
-32.86
-32.86
-32.86
-32.86
-32.86
-32.86
-32.86
-32.86
-32.86
-32.86
-32.86
-32.86
-32.86
-32.85894264176946
-32.83757320489987
-32.81806980437215
-32.80001431089975
-32.78320837495854
-32.76774446618684
-32.75346791892487
-32.74007943500228
-32.72815931794755
-32.71715937744276
-32.70736306185246
-32.698822347124185
-32.691441722098496
-32.68510121406291
-32.68006551939993
-32.676192714270826
-32.6734359309743
-32.67196803342359
-32.67167224047974
-32.67278928822403
-32.67491365922075
-32.678582181532036
-32.68324767662623
-32.68919763330423
-32.696786701383175
-32.7052989923644
-32.71537585711097
-32.72670901132283
-32.73955216198903
-32.75381116364804
-32.7693800947914
-32.786634550471
-32.80500821013611
-32.825103239190064
-32.84697479461601
-32.86
-32.86
-32.86
-32.86
-32.86
-32.86
-32.86
-32.86
-32.86
-32.86
-32.86
-32.86
-32.86
-32.86
-32.86
-32.86
-32.86
-32.86
-32.86
-32.86
-32.86
-32.86
-32.86
-32.86
-32.86
-32.86
-32.86
-32.86
-32.86
-32.86
-32.86
-32.86
-32.86
-32.86
-32.86
-32.86
-32.86
-32.86
-32.86
-32.86
-32.86
-32.86
-32.86
-32.86
-32.86
-32.86
-32.86
-32.86
-32.86
-32.86
-32.86
-32.86
-32.86
-32.86
-32.86
-32.86
-32.86
-32.86
-32.86
-32.86
-32.86
-32.86
-32.86
-32.86
-32.86
-32.85894264176946
-32.83757320489987
-32.81806980437215
-32.80001431089975
-32.78320837495854
-32.76774446618684
-32.75346791892487
-32.74007943500228
-32.72815931794755
-32.71715937744276
-32.70736306185246
-32.698822347124185
-32.691441722098496
-32.68510121406291
-32.68006551939993
-32.676192714270826
-32.6734359309743
-32.67196803342359
-32.67167224047974
-32.67278928822403
-32.67491365922075
-32.678582181532036
-32.68324767662623
-32.68919763330423
-32.696786701383175
-32.7052989923644
-32.71537585711097
-32.72670901132283
-32.73955216198903
-32.75381116364804
-32.7693800947914
-32.786634550471
-32.80500821013611
-32.825103239190064
-32.84697479461601
-32.86
-32.86
-32.86
-32.86
-32.86
-32.86
-32.86
-32.86
-32.86
-32.86
-32.86
-32.86
-32.86
-32.86
-32.86
-32.86
-32.86
-32.86
-32.86
-32.86
-32.86
-32.86
-32.86
-32.86
-32.86
-32.86
-32.86
-32.86
-32.86
-32.86
-32.86
-32.86
-32.86
-32.86
-32.86
-32.86
-32.86
-32.86
-32.86
-32.86
-32.86
-32.86
-32.86
-32.86
-32.86
-32.86
-32.86
-32.86
-32.86
-32.86
-32.86
-32.86
-32.86
-32.86
-32.86
-32.86
-32.86
-32.86
-32.86
-32.86
-32.86
-32.86
-32.86
-32.86
-32.86
-32.86
-32.86
-32.86
-32.86
-32.86
-32.86
-32.86
-32.86
-32.86
-32.86
-32.86
-32.86
-32.86
-32.86
-32.86
-32.86
-32.86
-32.86
-32.86
-32.86
-32.86
-32.86
-32.86
-32.86
-32.86
-32.86
-32.86
-32.86
-32.86
-32.86
-32.86
-32.86
-32.86
-32.86
-32.86
-32.86
-32.86
-32.86
-32.86
-32.86
-32.86
-32.86
-32.86
-32.86
-32.86
-32.86
-32.86
-32.86
-32.86
-32.86
-32.86
-32.86
-32.86
-32.86
-32.86
-32.86
-32.86
-32.86
-32.86
-32.86
-32.86
-32.86
-32.86
-32.86
-32.86
-32.86
-32.86
-32.86
-32.86
-32.86
-32.86
-32.86
-32.86
-32.86
-32.86
-32.86
-32.86
-32.86
-32.86
-32.86
-32.86
-32.86
-32.86
-32.86
-32.86
-32.86
-32.86
-32.86
-32.86
-32.86
-32.86
-32.86
-32.86
-32.86
-32.86
-32.86
-32.86
-32.86
-32.86
-32.86
-32.86
-32.843835051176974
-32.82468537983497
-32.80705938037838
-32.790765663338966
-32.776040344977105
-32.761933251610074
-32.74930752932466
-32.73791194315235
-32.727673309498456
-32.718227383324894
-32.71020139864797
-32.70349541127665
-32.697766049449356
-32.693014897951734
-32.68991263875171
-32.68774401701208
-32.686558500863406
-32.68717572847175
-32.6885005107827
-32.69129567171254
-32.6955493147186
-32.70038694322421
-32.70736318840012
-32.71491846998898
-32.72413671444508
-32.73484477939684
-32.74627694721228
-32.760102920793585
-32.77443319774426
-32.790750137453905
-32.80849480212076
-32.82743090676175
-32.84868514330815
-32.86
-32.86
-32.86
-32.86
-32.86
-32.86
-32.86
-32.86
-32.86
-32.86
-32.86
-32.86
-32.86
-32.86
-32.86
-32.86
-32.86
-32.86
-32.86
-32.86
-32.86
-32.86
-32.86
-32.86
-32.86
-32.86
-32.86
-32.86
-32.86
-32.86
-32.86
-32.86
-32.86
-32.86
-32.86
-32.86
-32.86
-32.86
-32.86
-32.86
-32.86
-32.86
-32.86
-32.86
-32.86
-32.86
-32.86
-32.86
-32.86
-32.86
-32.86
-32.86
-32.86
-32.86
-32.86
-32.86
-32.86
-32.86
-32.86
-32.86
-32.86
-32.86
-32.86
-32.86
-32.86
-32.86
-32.86
-32.843835051176974
-32.82468537983497
-32.80705938037838
-32.790765663338966
-32.776040344977105
-32.761933251610074
-32.74930752932466
-32.73791194315235
-32.727673309498456
-32.718227383324894
-32.71020139864797
-32.70349541127665
-32.697766049449356
-32.693014897951734
-32.68991263875171
-32.68774401701208
-32.686558500863406
-32.68717572847175
-32.6885005107827
-32.69129567171254
-32.6955493147186
-32.70038694322421
-32.70736318840012
-32.71491846998898
-32.72413671444508
-32.73484477939684
-32.74627694721228
-32.760102920793585
-32.77443319774426
-32.790750137453905
-32.80849480212076
-32.82743090676175
-32.84868514330815
-32.86
-32.86
-32.86
-32.86
-32.86
-32.86
-32.86
-32.86
-32.86
-32.86
-32.86
-32.86
-32.86
-32.86
-32.86
-32.86
-32.86
-32.86
-32.86
-32.86
-32.86
-32.86
-32.86
-32.86
-32.86
-32.86
-32.86
-32.86
-32.86
-32.86
-32.86
-32.86
-32.86
-32.86
-32.86
-32.86
-32.86
-32.86
-32.86
-32.86
-32.86
-32.86
-32.86
-32.86
-32.86
-32.86
-32.86
-32.86
-32.86
-32.86
-32.86
-32.86
-32.86
-32.86
-32.86
-32.86
-32.86
-32.86
-32.86
-32.86
-32.86
-32.86
-32.86
-32.86
-32.86
-32.86
-32.86
-32.86
-32.86
-32.86
-32.86
-32.86
-32.86
-32.86
-32.86
-32.86
-32.86
-32.86
-32.86
-32.86
-32.86
-32.86
-32.86
-32.86
-32.86
-32.86
-32.86
-32.86
-32.86
-32.86
-32.86
-32.86
-32.86
-32.86
-32.86
-32.86
-32.86
-32.86
-32.86
-32.86
-32.86
-32.86
-32.86
-32.86
-32.86
-32.86
-32.86
-32.86
-32.86
-32.86
-32.86
-32.86
-32.86
-32.86
-32.86
-32.86
-32.86
-32.86
-32.86
-32.86
-32.86
-32.86
-32.86
-32.86
-32.86
-32.86
-32.86
-32.86
-32.86
-32.86
-32.86
-32.86
-32.86
-32.86
-32.86
-32.86
-32.86
-32.86
-32.86
-32.86
-32.86
-32.86
-32.86
-32.86
-32.86
-32.86
-32.86
-32.86
-32.86
-32.86
-32.86
-32.86
-32.86
-32.86
-32.86
-32.86
-32.86
-32.86
-32.86
-32.86
-32.86
-32.86
-32.86
-32.86
-32.86
-32.86
-32.86
-32.85011250534086
-32.83111232423483
-32.81412575445725
-32.79836212475031
-32.784288088265534
-32.77091645205044
-32.758657863658385
-32.74781740618769
-32.7380585557395
-32.72942112988669
-32.72202100358744
-32.71587998993382
-32.71054874035179
-32.70661323673779
-32.7039888716904
-32.7021700907603
-32.701809781515905
-32.702757678173185
-32.70494249667388
-32.70817302839633
-32.712549532648495
-32.71845036776442
-32.725440379730244
-32.73376402998083
-32.743609358471566
-32.754433289945254
-32.766818706209854
-32.78061197812196
-32.79569846854475
-32.812635729666226
-32.83087213317134
-32.85119227808399
-32.86
-32.86
-32.86
-32.86
-32.86
-32.86
-32.86
-32.86
-32.86
-32.86
-32.86
-32.86
-32.86
-32.86
-32.86
-32.86
-32.86
-32.86
-32.86
-32.86
-32.86
-32.86
-32.86
-32.86
-32.86
-32.86
-32.86
-32.86
-32.86
-32.86
-32.86
-32.86
-32.86
-32.86
-32.86
-32.86
-32.86
-32.86
-32.86
-32.86
-32.86
-32.86
-32.86
-32.86
-32.86
-32.86
-32.86
-32.86
-32.86
-32.86
-32.86
-32.86
-32.86
-32.86
-32.86
-32.86
-32.86
-32.86
-32.86
-32.86
-32.86
-32.86
-32.86
-32.86
-32.86
-32.86
-32.86
-32.86
-32.85011250534086
-32.83111232423483
-32.81412575445725
-32.79836212475031
-32.784288088265534
-32.77091645205044
-32.758657863658385
-32.74781740618769
-32.7380585557395
-32.72942112988669
-32.72202100358744
-32.71587998993382
-32.71054874035179
-32.70661323673779
-32.7039888716904
-32.7021700907603
-32.701809781515905
-32.702757678173185
-32.70494249667388
-32.70817302839633
-32.712549532648495
-32.71845036776442
-32.725440379730244
-32.73376402998083
-32.743609358471566
-32.754433289945254
-32.766818706209854
-32.78061197812196
-32.79569846854475
-32.812635729666226
-32.83087213317134
-32.85119227808399
-32.86
-32.86
-32.86
-32.86
-32.86
-32.86
-32.86
-32.86
-32.86
-32.86
-32.86
-32.86
-32.86
-32.86
-32.86
-32.86
-32.86
-32.86
-32.86
-32.86
-32.86
-32.86
-32.86
-32.86
-32.86
-32.86
-32.86
-32.86
-32.86
-32.86
-32.86
-32.86
-32.86
-32.86
-32.86
-32.86
-32.86
-32.86
-32.86
-32.86
-32.86
-32.86
-32.86
-32.86
-32.86
-32.86
-32.86
-32.86
-32.86
-32.86
-32.86
-32.86
-32.86
-32.86
-32.86
-32.86
-32.86
-32.86
-32.86
-32.86
-32.86
-32.86
-32.86
-32.86
-32.86
-32.86
-32.86
-32.86
-32.86
-32.86
-32.86
-32.86
-32.86
-32.86
-32.86
-32.86
-32.86
-32.86
-32.86
-32.86
-32.86
-32.86
-32.86
-32.86
-32.86
-32.86
-32.86
-32.86
-32.86
-32.86
-32.86
-32.86
-32.86
-32.86
-32.86
-32.86
-32.86
-32.86
-32.86
-32.86
-32.86
-32.86
-32.86
-32.86
-32.86
-32.86
-32.86
-32.86
-32.86
-32.86
-32.86
-32.86
-32.86
-32.86
-32.86
-32.86
-32.86
-32.86
-32.86
-32.86
-32.86
-32.86
-32.86
-32.86
-32.86
-32.86
-32.86
-32.86
-32.86
-32.86
-32.86
-32.86
-32.86
-32.86
-32.86
-32.86
-32.86
-32.86
-32.86
-32.86
-32.86
-32.86
-32.86
-32.86
-32.86
-32.86
-32.86
-32.86
-32.86
-32.86
-32.86
-32.86
-32.86
-32.86
-32.86
-32.86
-32.86
-32.86
-32.86
-32.86
-32.86
-32.86
-32.86
-32.86
-32.86
-32.86
-32.86
-32.86
-32.856408946052674
-32.837856055276994
-32.8212628787729
-32.80622655581386
-32.79242479382077
-32.77977823513104
-32.7682040376941
-32.75814965326844
-32.74888942231031
-32.74065512765367
-32.733896990592676
-32.72850268216532
-32.72389160312209
-32.72027919582971
-32.718132910043515
-32.71726375887475
-32.717162041426654
-32.718988846989355
-32.72141550973699
-32.72519637354226
-32.73050593889427
-32.73646029048477
-32.74435337165208
-32.75299120738401
-32.763085098424064
-32.77477818976992
-32.787346421612654
-32.80198227158285
-32.81752955729034
-32.83502222131452
-32.85469809365782
-32.86
-32.86
-32.86
-32.86
-32.86
-32.86
-32.86
-32.86
-32.86
-32.86
-32.86
-32.86
-32.86
-32.86
-32.86
-32.86
-32.86
-32.86
-32.86
-32.86
-32.86
-32.86
-32.86
-32.86
-32.86
-32.86
-32.86
-32.86
-32.86
-32.86
-32.86
-32.86
-32.86
-32.86
-32.86
-32.86
-32.86
-32.86
-32.86
-32.86
-32.86
-32.86
-32.86
-32.86
-32.86
-32.86
-32.86
-32.86
-32.86
-32.86
-32.86
-32.86
-32.86
-32.86
-32.86
-32.86
-32.86
-32.86
-32.86
-32.86
-32.86
-32.86
-32.86
-32.86
-32.86
-32.86
-32.86
-32.86
-32.86
-32.856408946052674
-32.837856055276994
-32.8212628787729
-32.80622655581386
-32.79242479382077
-32.77977823513104
-32.7682040376941
-32.75814965326844
-32.74888942231031
-32.74065512765367
-32.733896990592676
-32.72850268216532
-32.72389160312209
-32.72027919582971
-32.718132910043515
-32.71726375887475
-32.717162041426654
-32.718988846989355
-32.72141550973699
-32.72519637354226
-32.73050593889427
-32.73646029048477
-32.74435337165208
-32.75299120738401
-32.763085098424064
-32.77477818976992
-32.787346421612654
-32.80198227158285
-32.81752955729034
-32.83502222131452
-32.85469809365782
-32.86
-32.86
-32.86
-32.86
-32.86
-32.86
-32.86
-32.86
-32.86
-32.86
-32.86
-32.86
-32.86
-32.86
-32.86
-32.86
-32.86
-32.86
-32.86
-32.86
-32.86
-32.86
-32.86
-32.86
-32.86
-32.86
-32.86
-32.86
-32.86
-32.86
-32.86
-32.86
-32.86
-32.86
-32.86
-32.86
-32.86
-32.86
-32.86
-32.86
-32.86
-32.86
-32.86
-32.86
-32.86
-32.86
-32.86
-32.86
-32.86
-32.86
-32.86
-32.86
-32.86
-32.86
-32.86
-32.86
-32.86
-32.86
-32.86
-32.86
-32.86
-32.86
-32.86
-32.86
-32.86
-32.86
-32.86
-32.86
-32.86
-32.86
-32.86
-32.86
-32.86
-32.86
-32.86
-32.86
-32.86
-32.86
-32.86
-32.86
-32.86
-32.86
-32.86
-32.86
-32.86
-32.86
-32.86
-32.86
-32.86
-32.86
-32.86
-32.86
-32.86
-32.86
-32.86
-32.86
-32.86
-32.86
-32.86
-32.86
-32.86
-32.86
-32.86
-32.86
-32.86
-32.86
-32.86
-32.86
-32.86
-32.86
-32.86
-32.86
-32.86
-32.86
-32.86
-32.86
-32.86
-32.86
-32.86
-32.86
-32.86
-32.86
-32.86
-32.86
-32.86
-32.86
-32.86
-32.86
-32.86
-32.86
-32.86
-32.86
-32.86
-32.86
-32.86
-32.86
-32.86
-32.86
-32.86
-32.86
-32.86
-32.86
-32.86
-32.86
-32.86
-32.86
-32.86
-32.86
-32.86
-32.86
-32.86
-32.86
-32.86
-32.86
-32.86
-32.86
-32.86
-32.86
-32.86
-32.86
-32.86
-32.86
-32.86
-32.86
-32.86
-32.86
-32.86
-32.86
-32.86
-32.86
-32.84449443475683
-32.82844859472995
-32.81387342089641
-32.80106540498827
-32.78871502607561
-32.77790310575596
-32.76829810934562
-32.7599397368604
-32.752368271600936
-32.74624024191821
-32.74121006073582
-32.737317853679784
-32.73443619437526
-32.7329297724078
-32.7322448777695
-32.73321643953934
-32.735336258891216
-32.73840370595045
-32.74305501182518
-32.748314126656226
-32.75529637090607
-32.76344070527226
-32.772551007446104
-32.783541569208616
-32.795195474591885
-32.80872202233062
-32.8236028133546
-32.839930913908
-32.85898843045361
-32.86
-32.86
-32.86
-32.86
-32.86
-32.86
-32.86
-32.86
-32.86
-32.86
-32.86
-32.86
-32.86
-32.86
-32.86
-32.86
-32.86
-32.86
-32.86
-32.86
-32.86
-32.86
-32.86
-32.86
-32.86
-32.86
-32.86
-32.86
-32.86
-32.86
-32.86
-32.86
-32.86
-32.86
-32.86
-32.86
-32.86
-32.86
-32.86
-32.86
-32.86
-32.86
-32.86
-32.86
-32.86
-32.86
-32.86
-32.86
-32.86
-32.86
-32.86
-32.86
-32.86
-32.86
-32.86
-32.86
-32.86
-32.86
-32.86
-32.86
-32.86
-32.86
-32.86
-32.86
-32.86
-32.86
-32.86
-32.86
-32.86
-32.86
-32.86
-32.84449443475683
-32.82844859472995
-32.81387342089641
-32.80106540498827
-32.78871502607561
-32.77790310575596
-32.76829810934562
-32.7599397368604
-32.752368271600936
-32.74624024191821
-32.74121006073582
-32.737317853679784
-32.73443619437526
-32.7329297724078
-32.7322448777695
-32.73321643953934
-32.735336258891216
-32.73840370595045
-32.74305501182518
-32.748314126656226
-32.75529637090607
-32.76344070527226
-32.772551007446104
-32.783541569208616
-32.795195474591885
-32.80872202233062
-32.8236028133546
-32.839930913908
-32.85898843045361
-32.86
-32.86
-32.86
-32.86
-32.86
-32.86
-32.86
-32.86
-32.86
-32.86
-32.86
-32.86
-32.86
-32.86
-32.86
-32.86
-32.86
-32.86
-32.86
-32.86
-32.86
-32.86
-32.86
-32.86
-32.86
-32.86
-32.86
-32.86
-32.86
-32.86
-32.86
-32.86
-32.86
-32.86
-32.86
-32.86
-32.86
-32.86
-32.86
-32.86
-32.86
-32.86
-32.86
-32.86
-32.86
-32.86
-32.86
-32.86
-32.86
-32.86
-32.86
-32.86
-32.86
-32.86
-32.86
-32.86
-32.86
-32.86
-32.86
-32.86
-32.86
-32.86
-32.86
-32.86
-32.86
-32.86
-32.86
-32.86
-32.86
-32.86
-32.86
-32.86
-32.86
-32.86
-32.86
-32.86
-32.86
-32.86
-32.86
-32.86
-32.86
-32.86
-32.86
-32.86
-32.86
-32.86
-32.86
-32.86
-32.86
-32.86
-32.86
-32.86
-32.86
-32.86
-32.86
-32.86
-32.86
-32.86
-32.86
-32.86
-32.86
-32.86
-32.86
-32.86
-32.86
-32.86
-32.86
-32.86
-32.86
-32.86
-32.86
-32.86
-32.86
-32.86
-32.86
-32.86
-32.86
-32.86
-32.86
-32.86
-32.86
-32.86
-32.86
-32.86
-32.86
-32.86
-32.86
-32.86
-32.86
-32.86
-32.86
-32.86
-32.86
-32.86
-32.86
-32.86
-32.86
-32.86
-32.86
-32.86
-32.86
-32.86
-32.86
-32.86
-32.86
-32.86
-32.86
-32.86
-32.86
-32.86
-32.86
-32.86
-32.86
-32.86
-32.86
-32.86
-32.86
-32.86
-32.86
-32.86
-32.86
-32.86
-32.86
-32.86
-32.86
-32.86
-32.86
-32.86
-32.86
-32.86
-32.86
-32.85139922613141
-32.8357383035466
-32.82184322918797
-32.80941778805388
-32.79798890764409
-32.7877902416237
-32.77895608658772
-32.77094140865419
-32.76417789143888
-32.758773499463466
-32.75458480057535
-32.75102411748402
-32.74869630947887
-32.74764609440738
-32.74825345828785
-32.74939874790156
-32.752192963485264
-32.75582038710418
-32.76075981308287
-32.767134615013134
-32.77438941205922
-32.78302794818696
-32.792873997766755
-32.80383169202915
-32.816589371412384
-32.83043499845311
-32.846190287074634
-32.86
-32.86
-32.86
-32.86
-32.86
-32.86
-32.86
-32.86
-32.86
-32.86
-32.86
-32.86
-32.86
-32.86
-32.86
-32.86
-32.86
-32.86
-32.86
-32.86
-32.86
-32.86
-32.86
-32.86
-32.86
-32.86
-32.86
-32.86
-32.86
-32.86
-32.86
-32.86
-32.86
-32.86
-32.86
-32.86
-32.86
-32.86
-32.86
-32.86
-32.86
-32.86
-32.86
-32.86
-32.86
-32.86
-32.86
-32.86
-32.86
-32.86
-32.86
-32.86
-32.86
-32.86
-32.86
-32.86
-32.86
-32.86
-32.86
-32.86
-32.86
-32.86
-32.86
-32.86
-32.86
-32.86
-32.86
-32.86
-32.86
-32.86
-32.86
-32.86
-32.86
-32.85139922613141
-32.8357383035466
-32.82184322918797
-32.80941778805388
-32.79798890764409
-32.7877902416237
-32.77895608658772
-32.77094140865419
-32.76417789143888
-32.758773499463466
-32.75458480057535
-32.75102411748402
-32.74869630947887
-32.74764609440738
-32.74825345828785
-32.74939874790156
-32.752192963485264
-32.75582038710418
-32.76075981308287
-32.767134615013134
-32.77438941205922
-32.78302794818696
-32.792873997766755
-32.80383169202915
-32.816589371412384
-32.83043499845311
-32.846190287074634
-32.86
-32.86
-32.86
-32.86
-32.86
-32.86
-32.86
-32.86
-32.86
-32.86
-32.86
-32.86
-32.86
-32.86
-32.86
-32.86
-32.86
-32.86
-32.86
-32.86
-32.86
-32.86
-32.86
-32.86
-32.86
-32.86
-32.86
-32.86
-32.86
-32.86
-32.86
-32.86
-32.86
-32.86
-32.86
-32.86
-32.86
-32.86
-32.86
-32.86
-32.86
-32.86
-32.86
-32.86
-32.86
-32.86
-32.86
-32.86
-32.86
-32.86
-32.86
-32.86
-32.86
-32.86
-32.86
-32.86
-32.86
-32.86
-32.86
-32.86
-32.86
-32.86
-32.86
-32.86
-32.86
-32.86
-32.86
-32.86
-32.86
-32.86
-32.86
-32.86
-32.86
-32.86
-32.86
-32.86
-32.86
-32.86
-32.86
-32.86
-32.86
-32.86
-32.86
-32.86
-32.86
-32.86
-32.86
-32.86
-32.86
-32.86
-32.86
-32.86
-32.86
-32.86
-32.86
-32.86
-32.86
-32.86
-32.86
-32.86
-32.86
-32.86
-32.86
-32.86
-32.86
-32.86
-32.86
-32.86
-32.86
-32.86
-32.86
-32.86
-32.86
-32.86
-32.86
-32.86
-32.86
-32.86
-32.86
-32.86
-32.86
-32.86
-32.86
-32.86
-32.86
-32.86
-32.86
-32.86
-32.86
-32.86
-32.86
-32.86
-32.86
-32.86
-32.86
-32.86
-32.86
-32.86
-32.86
-32.86
-32.86
-32.86
-32.86
-32.86
-32.86
-32.86
-32.86
-32.86
-32.86
-32.86
-32.86
-32.86
-32.86
-32.86
-32.86
-32.86
-32.86
-32.86
-32.86
-32.86
-32.86
-32.86
-32.86
-32.86
-32.86
-32.86
-32.86
-32.86
-32.86
-32.86
-32.86
-32.86
-32.86
-32.85853074421895
-32.84322791738418
-32.82987168270144
-32.81809106222283
-32.80727658290807
-32.79775264027724
-32.789785924842136
-32.78259277130091
-32.776274228789916
-32.77142910752869
-32.76769547929806
-32.76511082937256
-32.763567546297864
-32.7632133595158
-32.76403500474454
-32.76618788632871
-32.76949521844183
-32.77344625811763
-32.77953733583204
-32.785899418184165
-32.7940300121256
-32.80327757115629
-32.813241516727075
-32.825581370012294
-32.83832114947522
-32.853422691643225
-32.86
-32.86
-32.86
-32.86
-32.86
-32.86
-32.86
-32.86
-32.86
-32.86
-32.86
-32.86
-32.86
-32.86
-32.86
-32.86
-32.86
-32.86
-32.86
-32.86
-32.86
-32.86
-32.86
-32.86
-32.86
-32.86
-32.86
-32.86
-32.86
-32.86
-32.86
-32.86
-32.86
-32.86
-32.86
-32.86
-32.86
-32.86
-32.86
-32.86
-32.86
-32.86
-32.86
-32.86
-32.86
-32.86
-32.86
-32.86
-32.86
-32.86
-32.86
-32.86
-32.86
-32.86
-32.86
-32.86
-32.86
-32.86
-32.86
-32.86
-32.86
-32.86
-32.86
-32.86
-32.86
-32.86
-32.86
-32.86
-32.86
-32.86
-32.86
-32.86
-32.86
-32.86
-32.85853074421895
-32.84322791738418
-32.82987168270144
-32.81809106222283
-32.80727658290807
-32.79775264027724
-32.789785924842136
-32.78259277130091
-32.776274228789916
-32.77142910752869
-32.76769547929806
-32.76511082937256
-32.763567546297864
-32.7632133595158
-32.76403500474454
-32.76618788632871
-32.76949521844183
-32.77344625811763
-32.77953733583204
-32.785899418184165
-32.7940300121256
-32.80327757115629
-32.813241516727075
-32.825581370012294
-32.83832114947522
-32.853422691643225
-32.86
-32.86
-32.86
-32.86
-32.86
-32.86
-32.86
-32.86
-32.86
-32.86
-32.86
-32.86
-32.86
-32.86
-32.86
-32.86
-32.86
-32.86
-32.86
-32.86
-32.86
-32.86
-32.86
-32.86
-32.86
-32.86
-32.86
-32.86
-32.86
-32.86
-32.86
-32.86
-32.86
-32.86
-32.86
-32.86
-32.86
-32.86
-32.86
-32.86
-32.86
-32.86
-32.86
-32.86
-32.86
-32.86
-32.86
-32.86
-32.86
-32.86
-32.86
-32.86
-32.86
-32.86
-32.86
-32.86
-32.86
-32.86
-32.86
-32.86
-32.86
-32.86
-32.86
-32.86
-32.86
-32.86
-32.86
-32.86
-32.86
-32.86
-32.86
-32.86
-32.86
-32.86
-32.86
-32.86
-32.86
-32.86
-32.86
-32.86
-32.86
-32.86
-32.86
-32.86
-32.86
-32.86
-32.86
-32.86
-32.86
-32.86
-32.86
-32.86
-32.86
-32.86
-32.86
-32.86
-32.86
-32.86
-32.86
-32.86
-32.86
-32.86
-32.86
-32.86
-32.86
-32.86
-32.86
-32.86
-32.86
-32.86
-32.86
-32.86
-32.86
-32.86
-32.86
-32.86
-32.86
-32.86
-32.86
-32.86
-32.86
-32.86
-32.86
-32.86
-32.86
-32.86
-32.86
-32.86
-32.86
-32.86
-32.86
-32.86
-32.86
-32.86
-32.86
-32.86
-32.86
-32.86
-32.86
-32.86
-32.86
-32.86
-32.86
-32.86
-32.86
-32.86
-32.86
-32.86
-32.86
-32.86
-32.86
-32.86
-32.86
-32.86
-32.86
-32.86
-32.86
-32.86
-32.86
-32.86
-32.86
-32.86
-32.86
-32.86
-32.86
-32.86
-32.86
-32.86
-32.86
-32.86
-32.86
-32.86
-32.86
-32.86
-32.86
-32.85110752241187
-32.83802700538824
-32.82706824272416
-32.81682573656607
-32.80816383825318
-32.80044452596314
-32.79403247692899
-32.78870863182341
-32.78455142460936
-32.78143053732458
-32.77944958509258
-32.77870152445501
-32.77909700028891
-32.780711211342165
-32.783440058567635
-32.7870391157915
-32.79205465052856
-32.79810182770751
-32.80554060203805
-32.81430911851773
-32.8237806132508
-32.83520499789183
-32.847418655316716
-32.86
-32.86
-32.86
-32.86
-32.86
-32.86
-32.86
-32.86
-32.86
-32.86
-32.86
-32.86
-32.86
-32.86
-32.86
-32.86
-32.86
-32.86
-32.86
-32.86
-32.86
-32.86
-32.86
-32.86
-32.86
-32.86
-32.86
-32.86
-32.86
-32.86
-32.86
-32.86
-32.86
-32.86
-32.86
-32.86
-32.86
-32.86
-32.86
-32.86
-32.86
-32.86
-32.86
-32.86
-32.86
-32.86
-32.86
-32.86
-32.86
-32.86
-32.86
-32.86
-32.86
-32.86
-32.86
-32.86
-32.86
-32.86
-32.86
-32.86
-32.86
-32.86
-32.86
-32.86
-32.86
-32.86
-32.86
-32.86
-32.86
-32.86
-32.86
-32.86
-32.86
-32.86
-32.86
-32.86
-32.86
-32.85110752241187
-32.83802700538824
-32.82706824272416
-32.81682573656607
-32.80816383825318
-32.80044452596314
-32.79403247692899
-32.78870863182341
-32.78455142460936
-32.78143053732458
-32.77944958509258
-32.77870152445501
-32.77909700028891
-32.780711211342165
-32.783440058567635
-32.7870391157915
-32.79205465052856
-32.79810182770751
-32.80554060203805
-32.81430911851773
-32.8237806132508
-32.83520499789183
-32.847418655316716
-32.86
-32.86
-32.86
-32.86
-32.86
-32.86
-32.86
-32.86
-32.86
-32.86
-32.86
-32.86
-32.86
-32.86
-32.86
-32.86
-32.86
-32.86
-32.86
-32.86
-32.86
-32.86
-32.86
-32.86
-32.86
-32.86
-32.86
-32.86
-32.86
-32.86
-32.86
-32.86
-32.86
-32.86
-32.86
-32.86
-32.86
-32.86
-32.86
-32.86
-32.86
-32.86
-32.86
-32.86
-32.86
-32.86
-32.86
-32.86
-32.86
-32.86
-32.86
-32.86
-32.86
-32.86
-32.86
-32.86
-32.86
-32.86
-32.86
-32.86
-32.86
-32.86
-32.86
-32.86
-32.86
-32.86
-32.86
-32.86
-32.86
-32.86
-32.86
-32.86
-32.86
-32.86
-32.86
-32.86
-32.86
-32.86
-32.86
-32.86
-32.86
-32.86
-32.86
-32.86
-32.86
-32.86
-32.86
-32.86
-32.86
-32.86
-32.86
-32.86
-32.86
-32.86
-32.86
-32.86
-32.86
-32.86
-32.86
-32.86
-32.86
-32.86
-32.86
-32.86
-32.86
-32.86
-32.86
-32.86
-32.86
-32.86
-32.86
-32.86
-32.86
-32.86
-32.86
-32.86
-32.86
-32.86
-32.86
-32.86
-32.86
-32.86
-32.86
-32.86
-32.86
-32.86
-32.86
-32.86
-32.86
-32.86
-32.86
-32.86
-32.86
-32.86
-32.86
-32.86
-32.86
-32.86
-32.86
-32.86
-32.86
-32.86
-32.86
-32.86
-32.86
-32.86
-32.86
-32.86
-32.86
-32.86
-32.86
-32.86
-32.86
-32.86
-32.86
-32.86
-32.86
-32.86
-32.86
-32.86
-32.86
-32.86
-32.86
-32.86
-32.86
-32.86
-32.86
-32.86
-32.86
-32.86
-32.86
-32.86
-32.86
-32.86
-32.86
-32.86
-32.86
-32.85904667689256
-32.846853616783555
-32.835956373934415
-32.82657705946635
-32.81840247733213
-32.81164796054099
-32.80596942605778
-32.80147839976456
-32.79801727373464
-32.79566629725426
-32.79436971220691
-32.79427997513657
-32.7951938747635
-32.797469406470135
-32.800844449983764
-32.80537694505303
-32.810731595103924
-32.81778106430357
-32.825410019404686
-32.835070691272996
-32.84602380499293
-32.85748688668931
-32.86
-32.86
-32.86
-32.86
-32.86
-32.86
-32.86
-32.86
-32.86
-32.86
-32.86
-32.86
-32.86
-32.86
-32.86
-32.86
-32.86
-32.86
-32.86
-32.86
-32.86
-32.86
-32.86
-32.86
-32.86
-32.86
-32.86
-32.86
-32.86
-32.86
-32.86
-32.86
-32.86
-32.86
-32.86
-32.86
-32.86
-32.86
-32.86
-32.86
-32.86
-32.86
-32.86
-32.86
-32.86
-32.86
-32.86
-32.86
-32.86
-32.86
-32.86
-32.86
-32.86
-32.86
-32.86
-32.86
-32.86
-32.86
-32.86
-32.86
-32.86
-32.86
-32.86
-32.86
-32.86
-32.86
-32.86
-32.86
-32.86
-32.86
-32.86
-32.86
-32.86
-32.86
-32.86
-32.86
-32.86
-32.86
-32.85904667689256
-32.846853616783555
-32.835956373934415
-32.82657705946635
-32.81840247733213
-32.81164796054099
-32.80596942605778
-32.80147839976456
-32.79801727373464
-32.79566629725426
-32.79436971220691
-32.79427997513657
-32.7951938747635
-32.797469406470135
-32.800844449983764
-32.80537694505303
-32.810731595103924
-32.81778106430357
-32.825410019404686
-32.835070691272996
-32.84602380499293
-32.85748688668931
-32.86
-32.86
-32.86
-32.86
-32.86
-32.86
-32.86
-32.86
-32.86
-32.86
-32.86
-32.86
-32.86
-32.86
-32.86
-32.86
-32.86
-32.86
-32.86
-32.86
-32.86
-32.86
-32.86
-32.86
-32.86
-32.86
-32.86
-32.86
-32.86
-32.86
-32.86
-32.86
-32.86
-32.86
-32.86
-32.86
-32.86
-32.86
-32.86
-32.86
-32.86
-32.86
-32.86
-32.86
-32.86
-32.86
-32.86
-32.86
-32.86
-32.86
-32.86
-32.86
-32.86
-32.86
-32.86
-32.86
-32.86
-32.86
-32.86
-32.86
-32.86
-32.86
-32.86
-32.86
-32.86
-32.86
-32.86
-32.86
-32.86
-32.86
-32.86
-32.86
-32.86
-32.86
-32.86
-32.86
-32.86
-32.86
-32.86
-32.86
-32.86
-32.86
-32.86
-32.86
-32.86
-32.86
-32.86
-32.86
-32.86
-32.86
-32.86
-32.86
-32.86
-32.86
-32.86
-32.86
-32.86
-32.86
-32.86
-32.86
-32.86
-32.86
-32.86
-32.86
-32.86
-32.86
-32.86
-32.86
-32.86
-32.86
-32.86
-32.86
-32.86
-32.86
-32.86
-32.86
-32.86
-32.86
-32.86
-32.86
-32.86
-32.86
-32.86
-32.86
-32.86
-32.86
-32.86
-32.86
-32.86
-32.86
-32.86
-32.86
-32.86
-32.86
-32.86
-32.86
-32.86
-32.86
-32.86
-32.86
-32.86
-32.86
-32.86
-32.86
-32.86
-32.86
-32.86
-32.86
-32.86
-32.86
-32.86
-32.86
-32.86
-32.86
-32.86
-32.86
-32.86
-32.86
-32.86
-32.86
-32.86
-32.86
-32.86
-32.86
-32.86
-32.86
-32.86
-32.86
-32.86
-32.86
-32.86
-32.86
-32.86
-32.86
-32.86
-32.86
-32.86
-32.86
-32.86
-32.856102596533425
-32.84545084102557
-32.83673884259452
-32.829420774846575
-32.8232734507665
-32.818365858320554
-32.81445733596643
-32.81183093839845
-32.81019404435021
-32.809672617347005
-32.81032673173414
-32.81198004893703
-32.814792436270984
-32.81915709981044
-32.823782903342206
-32.8305260267453
-32.837773768733264
-32.846554432338394
-32.85732929748188
-32.86
-32.86
-32.86
-32.86
-32.86
-32.86
-32.86
-32.86
-32.86
-32.86
-32.86
-32.86
-32.86
-32.86
-32.86
-32.86
-32.86
-32.86
-32.86
-32.86
-32.86
-32.86
-32.86
-32.86
-32.86
-32.86
-32.86
-32.86
-32.86
-32.86
-32.86
-32.86
-32.86
-32.86
-32.86
-32.86
-32.86
-32.86
-32.86
-32.86
-32.86
-32.86
-32.86
-32.86
-32.86
-32.86
-32.86
-32.86
-32.86
-32.86
-32.86
-32.86
-32.86
-32.86
-32.86
-32.86
-32.86
-32.86
-32.86
-32.86
-32.86
-32.86
-32.86
-32.86
-32.86
-32.86
-32.86
-32.86
-32.86
-32.86
-32.86
-32.86
-32.86
-32.86
-32.86
-32.86
-32.86
-32.86
-32.86
-32.86
-32.86
-32.856102596533425
-32.84545084102557
-32.83673884259452
-32.829420774846575
-32.8232734507665
-32.818365858320554
-32.81445733596643
-32.81183093839845
-32.81019404435021
-32.809672617347005
-32.81032673173414
-32.81198004893703
-32.814792436270984
-32.81915709981044
-32.823782903342206
-32.8305260267453
-32.837773768733264
-32.846554432338394
-32.85732929748188
-32.86
-32.86
-32.86
-32.86
-32.86
-32.86
-32.86
-32.86
-32.86
-32.86
-32.86
-32.86
-32.86
-32.86
-32.86
-32.86
-32.86
-32.86
-32.86
-32.86
-32.86
-32.86
-32.86
-32.86
-32.86
-32.86
-32.86
-32.86
-32.86
-32.86
-32.86
-32.86
-32.86
-32.86
-32.86
-32.86
-32.86
-32.86
-32.86
-32.86
-32.86
-32.86
-32.86
-32.86
-32.86
-32.86
-32.86
-32.86
-32.86
-32.86
-32.86
-32.86
-32.86
-32.86
-32.86
-32.86
-32.86
-32.86
-32.86
-32.86
-32.86
-32.86
-32.86
-32.86
-32.86
-32.86
-32.86
-32.86
-32.86
-32.86
-32.86
-32.86
-32.86
-32.86
-32.86
-32.86
-32.86
-32.86
-32.86
-32.86
-32.86
-32.86
-32.86
-32.86
-32.86
-32.86
-32.86
-32.86
-32.86
-32.86
-32.86
-32.86
-32.86
-32.86
-32.86
-32.86
-32.86
-32.86
-32.86
-32.86
-32.86
-32.86
-32.86
-32.86
-32.86
-32.86
-32.86
-32.86
-32.86
-32.86
-32.86
-32.86
-32.86
-32.86
-32.86
-32.86
-32.86
-32.86
-32.86
-32.86
-32.86
-32.86
-32.86
-32.86
-32.86
-32.86
-32.86
-32.86
-32.86
-32.86
-32.86
-32.86
-32.86
-32.86
-32.86
-32.86
-32.86
-32.86
-32.86
-32.86
-32.86
-32.86
-32.86
-32.86
-32.86
-32.86
-32.86
-32.86
-32.86
-32.86
-32.86
-32.86
-32.86
-32.86
-32.86
-32.86
-32.86
-32.86
-32.86
-32.86
-32.86
-32.86
-32.86
-32.86
-32.86
-32.86
-32.86
-32.86
-32.86
-32.86
-32.86
-32.86
-32.86
-32.86
-32.86
-32.86
-32.86
-32.86
-32.86
-32.86
-32.86
-32.86
-32.8560716468647
-32.847404024616516
-32.84068883951128
-32.83520850527541
-32.83112593817512
-32.82815509303185
-32.82618710067925
-32.8252395747673
-32.82550326171699
-32.826886121939516
-32.82932163869461
-32.832818295577106
-32.837591611195045
-32.84397123216405
-32.85070345201905
-32.85909037969729
-32.86
-32.86
-32.86
-32.86
-32.86
-32.86
-32.86
-32.86
-32.86
-32.86
-32.86
-32.86
-32.86
-32.86
-32.86
-32.86
-32.86
-32.86
-32.86
-32.86
-32.86
-32.86
-32.86
-32.86
-32.86
-32.86
-32.86
-32.86
-32.86
-32.86
-32.86
-32.86
-32.86
-32.86
-32.86
-32.86
-32.86
-32.86
-32.86
-32.86
-32.86
-32.86
-32.86
-32.86
-32.86
-32.86
-32.86
-32.86
-32.86
-32.86
-32.86
-32.86
-32.86
-32.86
-32.86
-32.86
-32.86
-32.86
-32.86
-32.86
-32.86
-32.86
-32.86
-32.86
-32.86
-32.86
-32.86
-32.86
-32.86
-32.86
-32.86
-32.86
-32.86
-32.86
-32.86
-32.86
-32.86
-32.86
-32.86
-32.86
-32.86
-32.86
-32.86
-32.86
-32.8560716468647
-32.847404024616516
-32.84068883951128
-32.83520850527541
-32.83112593817512
-32.82815509303185
-32.82618710067925
-32.8252395747673
-32.82550326171699
-32.826886121939516
-32.82932163869461
-32.832818295577106
-32.837591611195045
-32.84397123216405
-32.85070345201905
-32.85909037969729
-32.86
-32.86
-32.86
-32.86
-32.86
-32.86
-32.86
-32.86
-32.86
-32.86
-32.86
-32.86
-32.86
-32.86
-32.86
-32.86
-32.86
-32.86
-32.86
-32.86
-32.86
-32.86
-32.86
-32.86
-32.86
-32.86
-32.86
-32.86
-32.86
-32.86
-32.86
-32.86
-32.86
-32.86
-32.86
-32.86
-32.86
-32.86
-32.86
-32.86
-32.86
-32.86
-32.86
-32.86
-32.86
-32.86
-32.86
-32.86
-32.86
-32.86
-32.86
-32.86
-32.86
-32.86
-32.86
-32.86
-32.86
-32.86
-32.86
-32.86
-32.86
-32.86
-32.86
-32.86
-32.86
-32.86
-32.86
-32.86
-32.86
-32.86
-32.86
-32.86
-32.86
-32.86
-32.86
-32.86
-32.86
-32.86
-32.86
-32.86
-32.86
-32.86
-32.86
-32.86
-32.86
-32.86
-32.86
-32.86
-32.86
-32.86
-32.86
-32.86
-32.86
-32.86
-32.86
-32.86
-32.86
-32.86
-32.86
-32.86
-32.86
-32.86
-32.86
-32.86
-32.86
-32.86
-32.86
-32.86
-32.86
-32.86
-32.86
-32.86
-32.86
-32.86
-32.86
-32.86
-32.86
-32.86
-32.86
-32.86
-32.86
-32.86
-32.86
-32.86
-32.86
-32.86
-32.86
-32.86
-32.86
-32.86
-32.86
-32.86
-32.86
-32.86
-32.86
-32.86
-32.86
-32.86
-32.86
-32.86
-32.86
-32.86
-32.86
-32.86
-32.86
-32.86
-32.86
-32.86
-32.86
-32.86
-32.86
-32.86
-32.86
-32.86
-32.86
-32.86
-32.86
-32.86
-32.86
-32.86
-32.86
-32.86
-32.86
-32.86
-32.86
-32.86
-32.86
-32.86
-32.86
-32.86
-32.86
-32.86
-32.86
-32.86
-32.86
-32.86
-32.86
-32.86
-32.86
-32.86
-32.86
-32.86
-32.86
-32.86
-32.86
-32.859426150198985
-32.85293820926608
-32.84814209195929
-32.844458713802275
-32.842290380562524
-32.84115523308812
-32.84115516765722
-32.84241318267018
-32.84454388541404
-32.84751057462487
-32.851856775610884
-32.857894704149764
-32.86
-32.86
-32.86
-32.86
-32.86
-32.86
-32.86
-32.86
-32.86
-32.86
-32.86
-32.86
-32.86
-32.86
-32.86
-32.86
-32.86
-32.86
-32.86
-32.86
-32.86
-32.86
-32.86
-32.86
-32.86
-32.86
-32.86
-32.86
-32.86
-32.86
-32.86
-32.86
-32.86
-32.86
-32.86
-32.86
-32.86
-32.86
-32.86
-32.86
-32.86
-32.86
-32.86
-32.86
-32.86
-32.86
-32.86
-32.86
-32.86
-32.86
-32.86
-32.86
-32.86
-32.86
-32.86
-32.86
-32.86
-32.86
-32.86
-32.86
-32.86
-32.86
-32.86
-32.86
-32.86
-32.86
-32.86
-32.86
-32.86
-32.86
-32.86
-32.86
-32.86
-32.86
-32.86
-32.86
-32.86
-32.86
-32.86
-32.86
-32.86
-32.86
-32.86
-32.86
-32.86
-32.86
-32.86
-32.86
-32.859426150198985
-32.85293820926608
-32.84814209195929
-32.844458713802275
-32.842290380562524
-32.84115523308812
-32.84115516765722
-32.84241318267018
-32.84454388541404
-32.84751057462487
-32.851856775610884
-32.857894704149764
-32.86
-32.86
-32.86
-32.86
-32.86
-32.86
-32.86
-32.86
-32.86
-32.86
-32.86
-32.86
-32.86
-32.86
-32.86
-32.86
-32.86
-32.86
-32.86
-32.86
-32.86
-32.86
-32.86
-32.86
-32.86
-32.86
-32.86
-32.86
-32.86
-32.86
-32.86
-32.86
-32.86
-32.86
-32.86
-32.86
-32.86
-32.86
-32.86
-32.86
-32.86
-32.86
-32.86
-32.86
-32.86
-32.86
-32.86
-32.86
-32.86
-32.86
-32.86
-32.86
-32.86
-32.86
-32.86
-32.86
-32.86
-32.86
-32.86
-32.86
-32.86
-32.86
-32.86
-32.86
-32.86
-32.86
-32.86
-32.86
-32.86
-32.86
-32.86
-32.86
-32.86
-32.86
-32.86
-32.86
-32.86
-32.86
-32.86
-32.86
-32.86
-32.86
-32.86
-32.86
-32.86
-32.86
-32.86
-32.86
-32.86
-32.86
-32.86
-32.86
-32.86
-32.86
-32.86
-32.86
-32.86
-32.86
-32.86
-32.86
-32.86
-32.86
-32.86
-32.86
-32.86
-32.86
-32.86
-32.86
-32.86
-32.86
-32.86
-32.86
-32.86
-32.86
-32.86
-32.86
-32.86
-32.86
-32.86
-32.86
-32.86
-32.86
-32.86
-32.86
-32.86
-32.86
-32.86
-32.86
-32.86
-32.86
-32.86
-32.86
-32.86
-32.86
-32.86
-32.86
-32.86
-32.86
-32.86
-32.86
-32.86
-32.86
-32.86
-32.86
-32.86
-32.86
-32.86
-32.86
-32.86
-32.86
-32.86
-32.86
-32.86
-32.86
-32.86
-32.86
-32.86
-32.86
-32.86
-32.86
-32.86
-32.86
-32.86
-32.86
-32.86
-32.86
-32.86
-32.86
-32.86
-32.86
-32.86
-32.86
-32.86
-32.86
-32.86
-32.86
-32.86
-32.86
-32.86
-32.86
-32.86
-32.86
-32.86
-32.86
-32.86
-32.86
-32.86
-32.86
-32.86
-32.86
-32.86
-32.85941991269333
-32.85788469609891
-32.85758600198958
-32.85840136217375
-32.86
-32.86
-32.86
-32.86
-32.86
-32.86
-32.86
-32.86
-32.86
-32.86
-32.86
-32.86
-32.86
-32.86
-32.86
-32.86
-32.86
-32.86
-32.86
-32.86
-32.86
-32.86
-32.86
-32.86
-32.86
-32.86
-32.86
-32.86
-32.86
-32.86
-32.86
-32.86
-32.86
-32.86
-32.86
-32.86
-32.86
-32.86
-32.86
-32.86
-32.86
-32.86
-32.86
-32.86
-32.86
-32.86
-32.86
-32.86
-32.86
-32.86
-32.86
-32.86
-32.86
-32.86
-32.86
-32.86
-32.86
-32.86
-32.86
-32.86
-32.86
-32.86
-32.86
-32.86
-32.86
-32.86
-32.86
-32.86
-32.86
-32.86
-32.86
-32.86
-32.86
-32.86
-32.86
-32.86
-32.86
-32.86
-32.86
-32.86
-32.86
-32.86
-32.86
-32.86
-32.86
-32.86
-32.86
-32.86
-32.86
-32.86
-32.86
-32.86
-32.86
-32.86
-32.86
-32.86
-32.85941991269333
-32.85788469609891
-32.85758600198958
-32.85840136217375
-32.86
-32.86
-32.86
-32.86
-32.86
-32.86
-32.86
-32.86
-32.86
-32.86
-32.86
-32.86
-32.86
-32.86
-32.86
-32.86
-32.86
-32.86
-32.86
-32.86
-32.86
-32.86
-32.86
-32.86
-32.86
-32.86
-32.86
-32.86
-32.86
-32.86
-32.86
-32.86
-32.86
-32.86
-32.86
-32.86
-32.86
-32.86
-32.86
-32.86
-32.86
-32.86
-32.86
-32.86
-32.86
-32.86
-32.86
-32.86
-32.86
-32.86
-32.86
-32.86
-32.86
-32.86
-32.86
-32.86
-32.86
-32.86
-32.86
-32.86
-32.86
-32.86
-32.86
-32.86
-32.86
-32.86
-32.86
-32.86
-32.86
-32.86
-32.86
-32.86
-32.86
-32.86
-32.86
-32.86
-32.86
-32.86
-32.86
-32.86
-32.86
-32.86
-32.86
-32.86
-32.86
-32.86
-32.86
-32.86
-32.86
-32.86
-32.86
-32.86
-32.86
-32.86
-32.86
-32.86
-32.86
-32.86
-32.86
-32.86
-32.86
-32.86
-32.86
-32.86
-32.86
-32.86
-32.86
-32.86
-32.86
-32.86
-32.86
-32.86
-32.86
-32.86
-32.86
-32.86
-32.86
-32.86
-32.86
-32.86
-32.86
-32.86
-32.86
-32.86
-32.86
-32.86
-32.86
-32.86
-32.86
-32.86
-32.86
-32.86
-32.86
-32.86
-32.86
-32.86
-32.86
-32.86
-32.86
-32.86
-32.86
-32.86
-32.86
-32.86
-32.86
-32.86
-32.86
-32.86
-32.86
-32.86
-32.86
-32.86
-32.86
-32.86
-32.86
-32.86
-32.86
-32.86
-32.86
-32.86
-32.86
-32.86
-32.86
-32.86
-32.86
-32.86
-32.86
-32.86
-32.86
-32.86
-32.86
-32.86
-32.86
-32.86
-32.86
-32.86
-32.86
-32.86
-32.86
-32.86
-32.86
-32.86
-32.86
-32.86
-32.86
-32.86
-32.86
-32.86
-32.86
-32.86
-32.86
-32.86
-32.86
-32.86
-32.86
-32.86
-32.86
-32.86
-32.86
-32.86
-32.86
-32.86
-32.86
-32.86
-32.86
-32.86
-32.86
-32.86
-32.86
-32.86
-32.86
-32.86
-32.86
-32.86
-32.86
-32.86
-32.86
-32.86
-32.86
-32.86
-32.86
-32.86
-32.86
-32.86
-32.86
-32.86
-32.86
-32.86
-32.86
-32.86
-32.86
-32.86
-32.86
-32.86
-32.86
-32.86
-32.86
-32.86
-32.86
-32.86
-32.86
-32.86
-32.86
-32.86
-32.86
-32.86
-32.86
-32.86
-32.86
-32.86
-32.86
-32.86
-32.86
-32.86
-32.86
-32.86
-32.86
-32.86
-32.86
-32.86
-32.86
-32.86
-32.86
-32.86
-32.86
-32.86
-32.86
-32.86
-32.86
-32.86
-32.86
-32.86
-32.86
-32.86
-32.86
-32.86
-32.86
-32.86
-32.86
-32.86
-32.86
-32.86
-32.86
-32.86
-32.86
-32.86
-32.86
-32.86
-32.86
-32.86
-32.86
-32.86
-32.86
-32.86
-32.86
-32.86
-32.86
-32.86
-32.86
-32.86
-32.86
-32.86
-32.86
-32.86
-32.86
-32.86
-32.86
-32.86
-32.86
-32.86
-32.86
-32.86
-32.86
-32.86
-32.86
-32.86
-32.86
-32.86
-32.86
-32.86
-32.86
-32.86
-32.86
-32.86
-32.86
-32.86
-32.86
-32.86
-32.86
-32.86
-32.86
-32.86
-32.86
-32.86
-32.86
-32.86
-32.86
-32.86
-32.86
-32.86
-32.86
-32.86
-32.86
-32.86
-32.86
-32.86
-32.86
-32.86
-32.86
-32.86
-32.86
-32.86
-32.86
-32.86
-32.86
-32.86
-32.86
-32.86
-32.86
-32.86
-32.86
-32.86
-32.86
-32.86
-32.86
-32.86
-32.86
-32.86
-32.86
-32.86
-32.86
-32.86
-32.86
-32.86
-32.86
-32.86
-32.86
-32.86
-32.86
-32.86
-32.86
-32.86
-32.86
-32.86
-32.86
-32.86
-32.86
-32.86
-32.86
-32.86
-32.86
-32.86
-32.86
-32.86
-32.86
-32.86
-32.86
-32.86
-32.86
-32.86
-32.86
-32.86
-32.86
-32.86
-32.86
-32.86
-32.86
-32.86
-32.86
-32.86
-32.86
-32.86
-32.86
-32.86
-32.86
-32.86
-32.86
-32.86
-32.86
-32.86
-32.86
-32.86
-32.86
-32.86
-32.86
-32.86
-32.86
-32.86
-32.86
-32.86
-32.86
-32.86
-32.86
-32.86
-32.86
-32.86
-32.86
-32.86
-32.86
-32.86
-32.86
-32.86
-32.86
-32.86
-32.86
-32.86
-32.86
-32.86
-32.86
-32.86
-32.86
-32.86
-32.86
-32.86
-32.86
-32.86
-32.86
-32.86
-32.86
-32.86
-32.86
-32.86
-32.86
-32.86
-32.86
-32.86
-32.86
-32.86
-32.86
-32.86
-32.86
-32.86
-32.86
-32.86
-32.86
-32.86
-32.86
-32.86
-32.86
-32.86
-32.86
-32.86
-32.86
-32.86
-32.86
-32.86
-32.86
-32.86
-32.86
-32.86
-32.86
-32.86
-32.86
-32.86
-32.86
-32.86
-32.86
-32.86
-32.86
-32.86
-32.86
-32.86
-32.86
-32.86
-32.86
-32.86
-32.86
-32.86
-32.86
-32.86
-32.86
-32.86
-32.86
-32.86
-32.86
-32.86
-32.86
-32.86
-32.86
-32.86
-32.86
-32.86
-32.86
-32.86
-32.86
-32.86
-32.86
-32.86
-32.86
-32.86
-32.86
-32.86
-32.86
-32.86
-32.86
-32.86
-32.86
-32.86
-32.86
-32.86
-32.86
-32.86
-32.86
-32.86
-32.86
-32.86
-32.86
-32.86
-32.86
-32.86
-32.86
-32.86
-32.86
-32.86
-32.86
-32.86
-32.86
-32.86
-32.86
-32.86
-32.86
-32.86
-32.86
-32.86
-32.86
-32.86
-32.86
-32.86
-32.86
-32.86
-32.86
-32.86
-32.86
-32.86
-32.86
-32.86
-32.86
-32.86
-32.86
-32.86
-32.86
-32.86
-32.86
-32.86
-32.86
-32.86
-32.86
-32.86
-32.86
-32.86
-32.86
-32.86
-32.86
-32.86
-32.86
-32.86
-32.86
-32.86
-32.86
-32.86
-32.86
-32.86
-32.86
-32.86
-32.86
-32.86
-32.86
-32.86
-32.86
-32.86
-32.86
-32.86
-32.86
-32.86
-32.86
-32.86
-32.86
-32.86
-32.86
-32.86
-32.86
-32.86
-32.86
-32.86
-32.86
-32.86
-32.86
-32.86
-32.86
-32.86
-32.86
-32.86
-32.86
-32.86
-32.86
-32.86
-32.86
-32.86
-32.86
-32.86
-32.86
-32.86
-32.86
-32.86
-32.86
-32.86
-32.86
-32.86
-32.86
-32.86
-32.86
-32.86
-32.86
-32.86
-32.86
-32.86
-32.86
-32.86
-32.86
-32.86
-32.86
-32.86
-32.86
-32.86
-32.86
-32.86
-32.86
-32.86
-32.86
-32.86
-32.86
-32.86
-32.86
-32.86
-32.86
-32.86
-32.86
-32.86
-32.86
-32.86
-32.86
-32.86
-32.86
-32.86
-32.86
-32.86
-32.86
-32.86
-32.86
-32.86
-32.86
-32.86
-32.86
-32.86
-32.86
-32.86
-32.86
-32.86
-32.86
-32.86
-32.86
-32.86
-32.86
-32.86
-32.86
-32.86
-32.86
-32.86
-32.86
-32.86
-32.86
-32.86
-32.86
-32.86
-32.86
-32.86
-32.86
-32.86
-32.86
-32.86
-32.86
-32.86
-32.86
-32.86
-32.86
-32.86
-32.86
-32.86
-32.86
-32.86
-32.86
-32.86
-32.86
-32.86
-32.86
-32.86
-32.86
-32.86
-32.86
-32.86
-32.86
-32.86
-32.86
-32.86
-32.86
-32.86
-32.86
-32.86
-32.86
-32.86
-32.86
-32.86
-32.86
-32.86
-32.86
-32.86
-32.86
-32.86
-32.86
-32.86
-32.86
-32.86
-32.86
-32.86
-32.86
-32.86
-32.86
-32.86
-32.86
-32.86
-32.86
-32.86
-32.86
-32.86
-32.86
-32.86
-32.86
-32.86
-32.86
-32.86
-32.86
-32.86
-32.86
-32.86
-32.86
-32.86
-32.86
-32.86
-32.86
-32.86
-32.86
-32.86
-32.86
-32.86
-32.86
-32.86
-32.86
-32.86
-32.86
-32.86
-32.86
-32.86
-32.86
-32.86
-32.86
-32.86
-32.86
-32.86
-32.86
-32.86
-32.86
-32.86
-32.86
-32.86
-32.86
-32.86
-32.86
-32.86
-32.86
-32.86
-32.86
-32.86
-32.86
-32.86
-32.86
-32.86
-32.86
-32.86
-32.86
-32.86
-32.86
-32.86
-32.86
-32.86
-32.86
-32.86
-32.86
-32.86
-32.86
-32.86
-32.86
-32.86
-32.86
-32.86
-32.86
-32.86
-32.86
-32.86
-32.86
-32.86
-32.86
-32.86
-32.86
-32.86
-32.86
-32.86
-32.86
-32.86
-32.86
-32.86
-32.86
-32.86
-32.86
-32.86
-32.86
-32.86
-32.86
-32.86
-32.86
-32.86
-32.86
-32.86
-32.86
-32.86
-32.86
-32.86
-32.86
-32.86
-32.86
-32.86
-32.86
-32.86
-32.86
-32.86
-32.86
-32.86
-32.86
-32.86
-32.86
-32.86
-32.86
-32.86
-32.86
-32.86
-32.86
-32.86
-32.86
-32.86
-32.86
-32.86
-32.86
-32.86
-32.86
-32.86
-32.86
-32.86
-32.86
-32.86
-32.86
-32.86
-32.86
-32.86
-32.86
-32.86
-32.86
-32.86
-32.86
-32.86
-32.86
-32.86
-32.86
-32.86
-32.86
-32.86
-32.86
-32.86
-32.86
-32.86
-32.86
-32.86
-32.86
-32.86
-32.86
-32.86
-32.86
-32.86
-32.86
-32.86
-32.86
-32.86
-32.86
-32.86
-32.86
-32.86
-32.86
-32.86
-32.86
-32.86
-32.86
-32.86
-32.86
-32.86
-32.86
-32.86
-32.86
-32.86
-32.86
-32.86
-32.86
-32.86
-32.86
-32.86
-32.86
-32.86
-32.86
-32.86
-32.86
-32.86
-32.86
-32.86
-32.86
-32.86
-32.86
-32.86
-32.86
-32.86
-32.86
-32.86
-32.86
-32.86
-32.86
-32.86
-32.86
-32.86
-32.86
-32.86
-32.86
-32.86
-32.86
-32.86
-32.86
-32.86
-32.86
-32.86
-32.86
-32.86
-32.86
-32.86
-32.86
-32.86
-32.86
-32.86
-32.86
-32.86
-32.86
-32.86
-32.86
-32.86
-32.86
-32.86
-32.86
-32.86
-32.86
-32.86
-32.86
-32.86
-32.86
-32.86
-32.86
-32.86
-32.86
-32.86
-32.86
-32.86
-32.86
-32.86
-32.86
-32.86
-32.86
-32.86
-32.86
-32.86
-32.86
-32.86
-32.86
-32.86
-32.86
-32.86
-32.86
-32.86
-32.86
-32.86
-32.86
-32.86
-32.86
-32.86
-32.86
-32.86
-32.86
-32.86
-32.86
-32.86
-32.86
-32.86
-32.86
-32.86
-32.86
-32.86
-32.86
-32.86
-32.86
-32.86
-32.86
-32.86
-32.86
-32.86
-32.86
-32.86
-32.86
-32.86
-32.86
-32.86
-32.86
-32.86
-32.86
-32.86
-32.86
-32.86
-32.86
-32.86
-32.86
-32.86
-32.86
-32.86
-32.86
-32.86
-32.86
-32.86
-32.86
-32.86
-32.86
-32.86
-32.86
-32.86
-32.86
-32.86
-32.86
-32.86
-32.86
-32.86
-32.86
-32.86
-32.86
-32.86
-32.86
-32.86
-32.86
-32.86
-32.86
-32.86
-32.86
-32.86
-32.86
-32.86
-32.86
-32.86
-32.86
-32.86
-32.86
-32.86
-32.86
-32.86
-32.86
-32.86
-32.86
-32.86
-32.86
-32.86
-32.86
-32.86
-32.86
-32.86
-32.86
-32.86
-32.86
-32.86
-32.86
-32.86
-32.86
-32.86
-32.86
-32.86
-32.86
-32.86
-32.86
-32.86
-32.86
-32.86
-32.86
-32.86
-32.86
-32.86
-32.86
-32.86
-32.86
-32.86
-32.86
-32.86
-32.86
-32.86
-32.86
-32.86
-32.86
-32.86
-32.86
-32.86
-32.86
-32.86
-32.86
-32.86
-32.86
-32.86
-32.86
-32.86
-32.86
-32.86
-32.86
-32.86
-32.86
-32.86
-32.86
-32.86
-32.86
-32.86
-32.86
-32.86
-32.86
-32.86
-32.86
-32.86
-32.86
-32.86
-32.86
-32.86
-32.86
-32.86
-32.86
-32.86
-32.86
-32.86
-32.86
-32.86
-32.86
-32.86
-32.86
-32.86
-32.86
-32.86
-32.86
-32.86
-32.86
-32.86
-32.86
-32.86
-32.86
-32.86
-32.86
-32.86
-32.86
-32.86
-32.86
-32.86
-32.86
-32.86
-32.86
-32.86
-32.86
-32.86
-32.86
-32.86
-32.86
-32.86
-32.86
-32.86
-32.86
-32.86
-32.86
-32.86
-32.86
-32.86
-32.86
-32.86
-32.86
-32.86
-32.86
-32.86
-32.86
-32.86
-32.86
-32.86
-32.86
-32.86
-32.86
-32.86
-32.86
-32.86
-32.86
-32.86
-32.86
-32.86
-32.86
-32.86
-32.86
-32.86
-32.86
-32.86
-32.86
-32.86
-32.86
-32.86
-32.86
-32.86
-32.86
-32.86
-32.86
-32.86
-32.86
-32.86
-32.86
-32.86
-32.86
-32.86
-32.86
-32.86
-32.86
-32.86
-32.86
-32.86
-32.86
-32.86
-32.86
-32.86
-32.86
-32.86
-32.86
-32.86
-32.86
-32.86
-32.86
-32.86
-32.86
-32.86
-32.86
-32.86
-32.86
-32.86
-32.86
-32.86
-32.86
-32.86
-32.86
-32.86
-32.86
-32.86
-32.86
-32.86
-32.86
-32.86
-32.86
-32.86
-32.86
-32.86
-32.86
-32.86
-32.86
-32.86
-32.86
-32.86
-32.86
-32.86
-32.86
-32.86
-32.86
-32.86
-32.86
-32.86
-32.86
-32.86
-32.86
-32.86
-32.86
-32.86
-32.86
-32.86
-32.86
-32.86
-32.86
-32.86
-32.86
-32.86
-32.86
-32.86
-32.86
-32.86
-32.86
-32.86
-32.86
-32.86
-32.86
-32.86
-32.86
-32.86
-32.86
-32.86
-32.86
-32.86
-32.86
-32.86
-32.86
-32.86
-32.86
-32.86
-32.86
-32.86
-32.86
-32.86
-32.86
-32.86
-32.86
-32.86
-32.86
-32.86
-32.86
-32.86
-32.86
-32.86
-32.86
-32.86
-32.86
-32.86
-32.86
-32.86
-32.86
-32.86
-32.86
-32.86
-32.86
-32.86
-32.86
-32.86
-32.86
-32.86
-32.86
-32.86
-32.86
-32.86
-32.86
-32.86
-32.86
-32.86
-32.86
-32.86
-32.86
-32.86
-32.86
-32.86
-32.86
-32.86
-32.86
-32.86
-32.86
-32.86
-32.86
-32.86
-32.86
-32.86
-32.86
-32.86
-32.86
-32.86
-32.86
-32.86
-32.86
-32.86
-32.86
-32.86
-32.86
-32.86
-32.86
-32.86
-32.86
-32.86
-32.86
-32.86
-32.86
-32.86
-32.86
-32.86
-32.86
-32.86
-32.86
-32.86
-32.86
-32.86
-32.86
-32.86
-32.86
-32.86
-32.86
-32.86
-32.86
-32.86
-32.86
-32.86
-32.86
-32.86
-32.86
-32.86
-32.86
-32.86
-32.86
-32.86
-32.86
-32.86
-32.86
-32.86
-32.86
-32.86
-32.86
-32.86
-32.86
-32.86
-32.86
-32.86
-32.86
-32.86
-32.86
-32.86
-32.86
-32.86
-32.86
-32.86
-32.86
-32.86
-32.86
-32.86
-32.86
-32.86
-32.86
-32.86
-32.86
-32.86
-32.86
-32.86
-32.86
-32.86
-32.86
-32.86
-32.86
-32.86
-32.86
-32.86
-32.86
-32.86
-32.86
-32.86
-32.86
-32.86
-32.86
-32.86
-32.86
-32.86
-32.86
-32.86
-32.86
-32.86
-32.86
-32.86
-32.86
-32.86
-32.86
-32.86
-32.86
-32.86
-32.86
-32.86
-32.86
-32.86
-32.86
-32.86
-32.86
-32.86
-32.86
-32.86
-32.86
-32.86
-32.86
-32.86
-32.86
-32.86
-32.86
-32.86
-32.86
-32.86
-32.86
-32.86
-32.86
-32.86
-32.86
-32.86
-32.86
-32.86
-32.86
-32.86
-32.86
-32.86
-32.86
-32.86
-32.86
-32.86
-32.86
-32.86
-32.86
-32.86
-32.86
-32.86
-32.86
-32.86
-32.86
-32.86
-32.86
-32.86
-32.86
-32.86
-32.86
-32.86
-32.86
-32.86
-32.86
-32.86
-32.86
-32.86
-32.86
-32.86
-32.86
-32.86
-32.86
-32.86
-32.86
-32.86
-32.86
-32.86
-32.86
-32.86
-32.86
-32.86
-32.86
-32.86
-32.86
-32.86
-32.86
-32.86
-32.86
-32.86
-32.86
-32.86
-32.86
-32.86
-32.86
-32.86
-32.86
-32.86
-32.86
-32.86
-32.86
-32.86
-32.86
-32.86
-32.86
-32.86
-32.86
-32.86
-32.86
-32.86
-32.86
-32.86
-32.86
-32.86
-32.86
-32.86
-32.86
-32.86
-32.86
-32.86
-32.86
-32.86
-32.86
-32.86
-32.86
-32.86
-32.86
-32.86
-32.86
-32.86
-32.86
-32.86
-32.86
-32.86
-32.86
-32.86
-32.86
-32.86
-32.86
-32.86
-32.86
-32.86
-32.86
-32.86
-32.86
-32.86
-32.86
-32.86
-32.86
-32.86
-32.86
-32.86
-32.86
-32.86
-32.86
-32.86
-32.86
-32.86
-32.86
-32.86
-32.86
-32.86
-32.86
-32.86
-32.86
-32.86
-32.86
-32.86
-32.86
-32.86
-32.86
-32.86
-32.86
-32.86
-32.86
-32.86
-32.86
-32.86
-32.86
-32.86
-32.86
-32.86
-32.86
-32.86
-32.86
-32.86
-32.86
-32.86
-32.86
-32.86
-32.86
-32.86
-32.86
-32.86
-32.86
-32.86
-32.86
-32.86
-32.86
-32.86
-32.86
-32.86
-32.86
-32.86
-32.86
-32.86
-32.86
-32.86
-32.86
-32.86
-32.86
-32.86
-32.86
-32.86
-32.86
-32.86
-32.86
-32.86
-32.86
-32.86
-32.86
-32.86
-32.86
-32.86
-32.86
-32.86
-32.86
-32.86
-32.86
-32.86
-32.86
-32.86
-32.86
-32.86
-32.86
-32.86
-32.86
-32.86
-32.86
-32.86
-32.86
-32.86
-32.86
-32.86
-32.86
-32.86
-32.86
-32.86
-32.86
-32.86
-32.86
-32.86
-32.86
-32.86
-32.86
-32.86
-32.86
-32.86
-32.86
-32.86
-32.86
-32.86
-32.86
-32.86
-32.86
-32.86
-32.86
-32.86
-32.86
-32.86
-32.86
-32.86
-32.86
-32.86
-32.86
-32.86
-32.86
-32.86
-32.86
-32.86
-32.86
-32.86
-32.86
-32.86
-32.86
-32.86
-32.86
-32.86
-32.86
-32.86
-32.86
-32.86
-32.86
-32.86
-32.86
-32.86
-32.86
-32.86
-32.86
-32.86
-32.86
-32.86
-32.86
-32.86
-32.86
-32.86
-32.86
-32.86
-32.86
-32.86
-32.86
-32.86
-32.86
-32.86
-32.86
-32.86
-32.86
-32.86
-32.86
-32.86
-32.86
-32.86
-32.86
-32.86
-32.86
-32.86
-32.86
-32.86
-32.86
-32.86
-32.86
-32.86
-32.86
-32.86
-32.86
-32.86
-32.86
-32.86
-32.86
-32.86
-32.86
-32.86
-32.86
-32.86
-32.86
-32.86
-32.86
-32.86
-32.86
-32.86
-32.86
-32.86
-32.86
-32.86
-32.86
-32.86
-32.86
-32.86
-32.86
-32.86
-32.86
-32.86
-32.86
-32.86
-32.86
-32.86
-32.86
-32.86
-32.86
-32.86
-32.86
-32.86
-32.86
-32.86
-32.86
-32.86
-32.86
-32.86
-32.86
-32.86
-32.86
-32.86
-32.86
-32.86
-32.86
-32.86
-32.86
-32.86
-32.86
-32.86
-32.86
-32.86
-32.86
-32.86
-32.86
-32.86
-32.86
-32.86
-32.86
-32.86
-32.86
-32.86
-32.86
-32.86
-32.86
-32.86
-32.86
-32.86
-32.86
-32.86
-32.86
-32.86
-32.86
-32.86
-32.86
-32.86
-32.86
-32.86
-32.86
-32.86
-32.86
-32.86
-32.86
-32.86
-32.86
-32.86
-32.86
-32.86
-32.86
-32.86
-32.86
-32.86
-32.86
-32.86
-32.86
-32.86
-32.86
-32.86
-32.86
-32.86
-32.86
-32.86
-32.86
-32.86
-32.86
-32.86
-32.86
-32.86
-32.86
-32.86
-32.86
-32.86
-32.86
-32.86
-32.86
-32.86
-32.86
-32.86
-32.86
-32.86
-32.86
-32.86
-32.86
-32.86
-32.86
-32.86
-32.86
-32.86
-32.86
-32.86
-32.86
-32.86
-32.86
-32.86
-32.86
-32.86
-32.86
-32.86
-32.86
-32.86
-32.86
-32.86
-32.86
-32.86
-32.86
-32.86
-32.86
-32.86
-32.86
-32.86
-32.86
-32.86
-32.86
-32.86
-32.86
-32.86
-32.86
-32.86
-32.86
-32.86
-32.86
-32.86
-32.86
-32.86
-32.86
-32.86
-32.86
-32.86
-32.86
-32.86
-32.86
-32.86
-32.86
-32.86
-32.86
-32.86
-32.86
-32.86
-32.86
-32.86
-32.86
-32.86
-32.86
-32.86
-32.86
-32.86
-32.86
-32.86
-32.86
-32.86
-32.86
-32.86
-32.86
-32.86
-32.86
-32.86
-32.86
-32.86
-32.86
-32.86
-32.86
-32.86
-32.86
-32.86
-32.86
-32.86
-32.86
-32.86
-32.86
-32.86
-32.86
-32.86
-32.86
-32.86
-32.86
-32.86
-32.86
-32.86
-32.86
-32.86
-32.86
-32.86
-32.86
-32.86
-32.86
-32.86
-32.86
-32.86
-32.86
-32.86
-32.86
-32.86
-32.86
-32.86
-32.86
-32.86
-32.86
-32.86
-32.86
-32.86
-32.86
-32.86
-32.86
-32.86
-32.86
-32.86
-32.86
-32.86
-32.86
-32.86
-32.86
-32.86
-32.86
-32.86
-32.86
-32.86
-32.86
-32.86
-32.86
-32.86
-32.86
-32.86
-32.86
-32.86
-32.86
-32.86
-32.86
-32.86
-32.86
-32.86
-32.86
-32.86
-32.86
-32.86
-32.86
-32.86
-32.86
-32.86
-32.86
-32.86
-32.86
-32.86
-32.86
-32.86
-32.86
-32.86
-32.86
-32.86
-32.86
-32.86
-32.86
-32.86
-32.86
-32.86
-32.86
-32.86
-32.86
-32.86
-32.86
-32.86
-32.86
-32.86
-32.86
-32.86
-32.86
-32.86
-32.86
-32.86
-32.86
-32.86
-32.86
-32.86
-32.86
-32.86
-32.86
-32.86
-32.86
-32.86
-32.86
-32.86
-32.86
-32.86
-32.86
-32.86
-32.86
-32.86
-32.86
-32.86
-32.86
-32.86
-32.86
-32.86
-32.86
-32.86
-32.86
-32.86
-32.86
-32.86
-32.86
-32.86
-32.86
-32.86
-32.86
-32.86
-32.86
-32.86
-32.86
-32.86
-32.86
-32.86
-32.86
-32.86
-32.86
-32.86
-32.86
-32.86
-32.86
-32.86
-32.86
-32.86
-32.86
-32.86
-32.86
-32.86
-32.86
-32.86
-32.86
-32.86
-32.86
-32.86
-32.86
-32.86
-32.86
-32.86
-32.86
-32.86
-32.86
-32.86
-32.86
-32.86
-32.86
-32.86
-32.86
-32.86
-32.86
-32.86
-32.86
-32.86
-32.86
-32.86
-32.86
-32.86
-32.86
-32.86
-32.86
-32.86
-32.86
-32.86
-32.86
-32.86
-32.86
-32.86
-32.86
-32.86
-32.86
-32.86
-32.86
-32.86
-32.86
-32.86
-32.86
-32.86
-32.86
-32.86
-32.86
-32.86
-32.86
-32.86
-32.86
-32.86
-32.86
-32.86
-32.86
-32.86
-32.86
-32.86
-32.86
-32.86
-32.86
-32.86
-32.86
-32.86
-32.86
-32.86
-32.86
-32.86
-32.86
-32.86
-32.86
-32.86
-32.86
-32.86
-32.86
-32.86
-32.86
-32.86
-32.86
-32.86
-32.86
-32.86
-32.86
-32.86
-32.86
-32.86
-32.86
-32.86
-32.86
-32.86
-32.86
-32.86
-32.86
-32.86
-32.86
-32.86
-32.86
-32.86
-32.86
-32.86
-32.86
-32.86
-32.86
-32.86
-32.86
-32.86
-32.86
-32.86
-32.86
-32.86
-32.86
-32.86
-32.86
-32.86
-32.86
-32.86
-32.86
-32.86
-32.86
-32.86
-32.86
-32.86
-32.86
-32.86
-32.86
-32.86
-32.86
-32.86
-32.86
-32.86
-32.86
-32.86
-32.86
-32.86
-32.86
-32.86
-32.86
-32.86
-32.86
-32.86
-32.86
-32.86
-32.86
-32.86
-32.86
-32.86
-32.86
-32.86
-32.86
-32.86
-32.86
-32.86
-32.86
-32.86
-32.86
-32.86
-32.86
-32.86
-32.86
-32.86
-32.86
-32.86
-32.86
-32.86
-32.86
-32.86
-32.86
-32.86
-32.86
-32.86
-32.86
-32.86
-32.86
-32.86
-32.86
-32.86
-32.86
-32.86
-32.86
-32.86
-32.86
-32.86
-32.86
-32.86
-32.86
-32.86
-32.86
-32.86
-32.86
-32.86
-32.86
-32.86
-32.86
-32.86
-32.86
-32.86
-32.86
-32.86
-32.86
-32.86
-32.86
-32.86
-32.86
-32.86
-32.86
-32.86
-32.86
-32.86
-32.86
-32.86
-32.86
-32.86
-32.86
-32.86
-32.86
-32.86
-32.86
-32.86
-32.86
-32.86
-32.86
-32.86
-32.86
-32.86
-32.86
-32.86
-32.86
-32.86
-32.86
-32.86
-32.86
-32.86
-32.86
-32.86
-32.86
-32.86
-32.86
-32.86
-32.86
-32.86
-32.86
-32.86
-32.86
-32.86
-32.86
-32.86
-32.86
-32.86
-32.86
-32.86
-32.86
-32.86
-32.86
-32.86
-32.86
-32.86
-32.86
-32.86
-32.86
-32.86
-32.86
-32.86
-32.86
-32.86
-32.86
-32.86
-32.86
-32.86
-32.86
-32.86
-32.86
-32.86
-32.86
-32.86
-32.86
-32.86
-32.86
-32.86
-32.86
-32.86
-32.86
-32.86
-32.86
-32.86
-32.86
-32.86
-32.86
-32.86
-32.86
-32.86
-32.86
-32.86
-32.86
-32.86
-32.86
-32.86
-32.86
-32.86
-32.86
-32.86
-32.86
-32.86
-32.86
-32.86
-32.86
-32.86
-32.86
-32.86
-32.86
-32.86
-32.86
-32.86
-32.86
-32.86
-32.86
-32.86
-32.86
-32.86
-32.86
-32.86
-32.86
-32.86
-32.86
-32.86
-32.86
-32.86
-32.86
-32.86
-32.86
-32.86
-32.86
-32.86
-32.86
-32.86
-32.86
-32.86
-32.86
-32.86
-32.86
-32.86
-32.86
-32.86
-32.86
-32.86
-32.86
-32.86
-32.86
-32.86
-32.86
-32.86
-32.86
-32.86
-32.86
-32.86
-32.86
-32.86
-32.86
-32.86
-32.86
-32.86
-32.86
-32.86
-32.86
-32.86
-32.86
-32.86
-32.86
-32.86
-32.86
-32.86
-32.86
-32.86
-32.86
-32.86
-32.86
-32.86
-32.86
-32.86
-32.86
-32.86
-32.86
-32.86
-32.86
-32.86
-32.86
-32.86
-32.86
-32.86
-32.86
-32.86
-32.86
-32.86
-32.86
-32.86
-32.86
-32.86
-32.86
-32.86
-32.86
-32.86
-32.86
-32.86
-32.86
-32.86
-32.86
-32.86
-32.86
-32.86
-32.86
-32.86
-32.86
-32.86
-32.86
-32.86
-32.86
-32.86
-32.86
-32.86
-32.86
-32.86
-32.86
-32.86
-32.86
-32.86
-32.86
-32.86
-32.86
-32.86
-32.86
-32.86
-32.86
-32.86
-32.86
-32.86
-32.86
-32.86
-32.86
-32.86
-32.86
-32.86
-32.86
-32.86
-32.86
-32.86
-32.86
-32.86
-32.86
-32.86
-32.86
-32.86
-32.86
-32.86
-32.86
-32.86
-32.86
-32.86
-32.86
-32.86
-32.86
-32.86
-32.86
-32.86
-32.86
-32.86
-32.86
-32.86
-32.86
-32.86
-32.86
-32.86
-32.86
-32.86
-32.86
-32.86
-32.86
-32.86
-32.86
-32.86
-32.86
-32.86
-32.86
-32.86
-32.86
-32.86
-32.86
-32.86
-32.86
-32.86
-32.86
-32.86
-32.86
-32.86
-32.86
-32.86
-32.86
-32.86
-32.86
-32.86
-32.86
-32.86
-32.86
-32.86
-32.86
-32.86
-32.86
-32.86
-32.86
-32.86
-32.86
-32.86
-32.86
-32.86
-32.86
-32.86
-32.86
-32.86
-32.86
-32.86
-32.86
-32.86
-32.86
-32.86
-32.86
-32.86
-32.86
-32.86
-32.86
-32.86
-32.86
-32.86
-32.86
-32.86
-32.86
-32.86
-32.86
-32.86
-32.86
-32.86
-32.86
-32.86
-32.86
-32.86
-32.86
-32.86
-32.86
-32.86
-32.86
-32.86
-32.86
-32.86
-32.86
-32.86
-32.86
-32.86
-32.86
-32.86
-32.86
-32.86
-32.86
-32.86
-32.86
-32.86
-32.86
-32.86
-32.86
-32.86
-32.86
-32.86
-32.86
-32.86
-32.86
-32.86
-32.86
-32.86
-32.86
-32.86
-32.86
-32.86
-32.86
-32.86
-32.86
-32.86
-32.86
-32.86
-32.86
-32.86
-32.86
-32.86
-32.86
-32.86
-32.86
-32.86
-32.86
-32.86
-32.86
-32.86
-32.86
-32.86
-32.86
-32.86
-32.86
-32.86
-32.86
-32.86
-32.86
-32.86
-32.86
-32.86
-32.86
-32.86
-32.86
-32.86
-32.86
-32.86
-32.86
-32.86
-32.86
-32.86
-32.86
-32.86
-32.86
-32.86
-32.86
-32.86
-32.86
-32.86
-32.86
-32.86
-32.86
-32.86
-32.86
-32.86
-32.86
-32.86
-32.86
-32.86
-32.86
-32.86
-32.86
-32.86
-32.86
-32.86
-32.86
-32.86
-32.86
-32.86
-32.86
-32.86
-32.86
-32.86
-32.86
-32.86
-32.86
-32.86
-32.86
-32.86
-32.86
-32.86
-32.86
-32.86
-32.86
-32.86
-32.86
-32.86
-32.86
-32.86
-32.86
-32.86
-32.86
-32.86
-32.86
-32.86
-32.86
-32.86
-32.86
-32.86
-32.86
-32.86
-32.86
-32.86
-32.86
-32.86
-32.86
-32.86
-32.86
-32.86
-32.86
-32.86
-32.86
-32.86
-32.86
-32.86
-32.86
-32.86
-32.86
-32.86
-32.86
-32.86
-32.86
-32.86
-32.86
-32.86
-32.86
-32.86
-32.86
-32.86
-32.86
-32.86
-32.86
-32.86
-32.86
-32.86
-32.86
-32.86
-32.86
-32.86
-32.86
-32.86
-32.86
-32.86
-32.86
-32.86
-32.86
-32.86
-32.86
-32.86
-32.86
-32.86
-32.86
-32.86
-32.86
-32.86
-32.86
-32.86
-32.86
-32.86
-32.86
-32.86
-32.86
-32.86
-32.86
-32.86
-32.86
-32.86
-32.86
-32.86
-32.86
-32.86
-32.86
-32.86
-32.86
-32.86
-32.86
-32.86
-32.86
-32.86
-32.86
-32.86
-32.86
-32.86
-32.86
-32.86
-32.86
-32.86
-32.86
-32.86
-32.86
-32.86
-32.86
-32.86
-32.86
-32.86
-32.86
-32.86
-32.86
-32.86
-32.86
-32.86
-32.86
-32.86
-32.86
-32.86
-32.86
-32.86
-32.86
-32.86
-32.86
-32.86
-32.86
-32.86
-32.86
-32.86
-32.86
-32.86
-32.86
-32.86
-32.86
-32.86
-32.86
-32.86
-32.86
-32.86
-32.86
-32.86
-32.86
-32.86
-32.86
-32.86
-32.86
-32.86
-32.86
-32.86
-32.86
-32.86
-32.86
-32.86
-32.86
-32.86
-32.86
-32.86
-32.86
-32.86
-32.86
-32.86
-32.86
-32.86
-32.86
-32.86
-32.86
-32.86
-32.86
-32.86
-32.86
-32.86
-32.86
-32.86
-32.86
-32.86
-32.86
-32.86
-32.86
-32.86
-32.86
-32.86
-32.86
-32.86
-32.86
-32.86
-32.86
-32.86
-32.86
-32.86
-32.86
-32.86
-32.86
-32.86
-32.86
-32.86
-32.86
-32.86
-32.86
-32.86
-32.86
-32.86
-32.86
-32.86
-32.86
-32.86
-32.86
-32.86
-32.86
-32.86
-32.86
-32.86
-32.86
-32.86
-32.86
-32.86
-32.86
-32.86
-32.86
-32.86
-32.86
-32.86
-32.86
-32.86
-32.86
-32.86
-32.86
-32.86
-32.86
-32.86
-32.86
-32.86
-32.86
-32.86
-32.86
-32.86
-32.86
-32.86
-32.86
-32.86
-32.86
-32.86
-32.86
-32.86
-32.86
-32.86
-32.86
-32.86
-32.86
-32.86
-32.86
-32.86
-32.86
-32.86
-32.86
-32.86
-32.86
-32.86
-32.86
-32.86
-32.86
-32.86
-32.86
-32.86
-32.86
-32.86
-32.86
-32.86
-32.86
-32.86
-32.86
-32.86
-32.86
-32.86
-32.86
-32.86
-32.86
-32.86
-32.86
-32.86
-32.86
-32.86
-32.86
-32.86
-32.86
-32.86
-32.86
-32.86
-32.86
-32.86
-32.86
-32.86
-32.86
-32.86
-32.86
-32.86
-32.86
-32.86
-32.86
-32.86
-32.86
-32.86
-32.86
-32.86
-32.86
-32.86
-32.86
-32.86
-32.86
-32.86
-32.86
-32.86
-32.86
-32.86
-32.86
-32.86
-32.86
-32.86
-32.86
-32.86
-32.86
-32.86
-32.86
-32.86
-32.86
-32.86
-32.86
-32.86
-32.86
-32.86
-32.86
-32.86
-32.86
-32.86
-32.86
-32.86
-32.86
-32.86
-32.86
-32.86
-32.86
-32.86
-32.86
-32.86
-32.86
-32.86
-32.86
-32.86
-32.86
-32.86
-32.86
-32.86
-32.86
-32.86
-32.86
-32.86
-32.86
-32.86
-32.86
-32.86
-32.86
-32.86
-32.86
-32.86
-32.86
-32.86
-32.86
-32.86
-32.86
-32.86
-32.86
-32.86
-32.86
-32.86
-32.86
-32.86
-32.86
-32.86
-32.86
-32.86
-32.86
-32.86
-32.86
-32.86
-32.86
-32.86
-32.86
-32.86
-32.86
-32.86
-32.86
-32.86
-32.86
-32.86
-32.86
-32.86
-32.86
-32.86
-32.86
-32.86
-32.86
-32.86
-32.86
-32.86
-32.86
-32.86
-32.86
-32.86
-32.86
-32.86
-32.86
-32.86
-32.86
-32.86
-32.86
-32.86
-32.86
-32.86
-32.86
-32.86
-32.86
-32.86
-32.86
-32.86
-32.86
-32.86
-32.86
-32.86
-32.86
-32.86
-32.86
-32.86
-32.86
-32.86
-32.86
-32.86
-32.86
-32.86
-32.86
-32.86
-32.86
-32.86
-32.86
-32.86
-32.86
-32.86
-32.86
-32.86
-32.86
-32.86
-32.86
-32.86
-32.86
-32.86
-32.86
-32.86
-32.86
-32.86
-32.86
-32.86
-32.86
-32.86
-32.86
-32.86
-32.86
-32.86
-32.86
-32.86
-32.86
-32.86
-32.86
-32.86
-32.86
-32.86
-32.86
-32.86
-32.86
-32.86
-32.86
-32.86
-32.86
-32.86
-32.86
-32.86
-32.86
-32.86
-32.86
-32.86
-32.86
-32.86
-32.86
-32.86
-32.86
-32.86
-32.86
-32.86
-32.86
-32.86
-32.86
-32.86
-32.86
-32.86
-32.86
-32.86
-32.86
-32.86
-32.86
-32.86
-32.86
-32.86
-32.86
-32.86
-32.86
-32.86
-32.86
-32.86
-32.86
-32.86
-32.86
-32.86
-32.86
-32.86
-32.86
-32.86
-32.86
-32.86
-32.86
-32.86
-32.86
-32.86
-32.86
-32.86
-32.86
-32.86
-32.86
-32.86
-32.86
-32.86
-32.86
-32.86
-32.86
-32.86
-32.86
-32.86
-32.86
-32.86
-32.86
-32.86
-32.86
-32.86
-32.86
-32.86
-32.86
-32.86
-32.86
-32.86
-32.86
-32.86
-32.86
-32.86
-32.86
-32.86
-32.86
-32.86
-32.86
-32.86
-32.86
-32.86
-32.86
-32.86
-32.86
-32.86
-32.86
-32.86
-32.86
-32.86
-32.86
-32.86
-32.86
-32.86
-32.86
-32.86
-32.86
-32.86
-32.86
-32.86
-32.86
-32.86
-32.86
-32.86
-32.86
-32.86
-32.86
-32.86
-32.86
-32.86
-32.86
-32.86
-32.86
-32.86
-32.86
-32.86
-32.86
-32.86
-32.86
-32.86
-32.86
-32.86
-32.86
-32.86
-32.86
-32.86
-32.86
-32.86
-32.86
-32.86
-32.86
-32.86
-32.86
-32.86
-32.86
-32.86
-32.86
-32.86
-32.86
-32.86
-32.86
-32.86
-32.86
-32.86
-32.86
-32.86
-32.86
-32.86
-32.86
-32.86
-32.86
-32.86
-32.86
-32.86
-32.86
-32.86
-32.86
-32.86
-32.86
-32.86
-32.86
-32.86
-32.86
-32.86
-32.86
-32.86
-32.86
-32.86
-32.86
-32.86
-32.86
-32.86
-32.86
-32.86
-32.86
-32.86
-32.86
-32.86
-32.86
-32.86
-32.86
-32.86
-32.86
-32.86
-32.86
-32.86
-32.86
-32.86
-32.86
-32.86
-32.86
-32.86
-32.86
-32.86
-32.86
-32.86
-32.86
-32.86
-32.86
-32.86
-32.86
-32.86
-32.86
-32.86
-32.86
-32.86
-32.86
-32.86
-32.86
-32.86
-32.86
-32.86
-32.86
-32.86
-32.86
-32.86
-32.86
-32.86
-32.86
-32.86
-32.86
-32.86
-32.86
-32.86
-32.86
-32.86
-32.86
-32.86
-32.86
-32.86
-32.86
-32.86
-32.86
-32.86
-32.86
-32.86
-32.86
-32.86
-32.86
-32.86
-32.86
-32.86
-32.86
-32.86
-32.86
-32.86
-32.86
-32.86
-32.86
-32.86
-32.86
-32.86
-32.86
-32.86
-32.86
-32.86
-32.86
-32.86
-32.86
-32.86
-32.86
-32.86
-32.86
-32.86
-32.86
-32.86
-32.86
-32.86
-32.86
-32.86
-32.86
-32.86
-32.86
-32.86
-32.86
-32.86
-32.86
-32.86
-32.86
-32.86
-32.86
-32.86
-32.86
-32.86
-32.86
-32.86
-32.86
-32.86
-32.86
-32.86
-32.86
-32.86
-32.86
-32.86
-32.86
-32.86
-32.86
-32.86
-32.86
-32.86
-32.86
-32.86
-32.86
-32.86
-32.86
-32.86
-32.86
-32.86
-32.86
-32.86
-32.86
-32.86
-32.86
-32.86
-32.86
-32.86
-32.86
-32.86
-32.86
-32.86
-32.86
-32.86
-32.86
-32.86
-32.86
-32.86
-32.86
-32.86
-32.86
-32.86
-32.86
-32.86
-32.86
-32.86
-32.86
-32.86
-32.86
-32.86
-32.86
-32.86
-32.86
-32.86
-32.86
-32.86
-32.86
-32.86
-32.86
-32.86
-32.86
-32.86
-32.86
-32.86
-32.86
-32.86
-32.86
-32.86
-32.86
-32.86
-32.86
-32.86
-32.86
-32.86
-32.86
-32.86
-32.86
-32.86
-32.86
-32.86
-32.86
-32.86
-32.86
-32.86
-32.86
-32.86
-32.86
-32.86
-32.86
-32.86
-32.86
-32.86
-32.86
-32.86
-32.86
-32.86
-32.86
-32.86
-32.86
-32.86
-32.86
-32.86
-32.86
-32.86
-32.86
-32.86
-32.86
-32.86
-32.86
-32.86
-32.86
-32.86
-32.86
-32.86
-32.86
-32.86
-32.86
-32.86
-32.86
-32.86
-32.86
-32.86
-32.86
-32.86
-32.86
-32.86
-32.86
-32.86
-32.86
-32.86
-32.86
-32.86
-32.86
-32.86
-32.86
-32.86
-32.86
-32.86
-32.86
-32.86
-32.86
-32.86
-32.86
-32.86
-32.86
-32.86
-32.86
-32.86
-32.86
-32.86
-32.86
-32.86
-32.86
-32.86
-32.86
-32.86
-32.86
-32.86
-32.86
-32.86
-32.86
-32.86
-32.86
-32.86
-32.86
-32.86
-32.86
-32.86
-32.86
-32.86
-32.86
-32.86
-32.86
-32.86
-32.86
-32.86
-32.86
-32.86
-32.86
-32.86
-32.86
-32.86
-32.86
-32.86
-32.86
-32.86
-32.86
-32.86
-32.86
-32.86
-32.86
-32.86
-32.86
-32.86
-32.86
-32.86
-32.86
-32.86
-32.86
-32.86
-32.86
-32.86
-32.86
-32.86
-32.86
-32.86
-32.86
-32.86
-32.86
-32.86
-32.86
-32.86
-32.86
-32.86
-32.86
-32.86
-32.86
-32.86
-32.86
-32.86
-32.86
-32.86
-32.86
-32.86
-32.86
-32.86
-32.86
-32.86
-32.86
-32.86
-32.86
-32.86
-32.86
-32.86
-32.86
-32.86
-32.86
-32.86
-32.86
-32.86
-32.86
-32.86
-32.86
-32.86
-32.86
-32.86
-32.86
-32.86
-32.86
-32.86
-32.86
-32.86
-32.86
-32.86
-32.86
-32.86
-32.86
-32.86
-32.86
-32.86
-32.86
-32.86
-32.86
-32.86
-32.86
-32.86
-32.86
-32.86
-32.86
-32.86
-32.86
-32.86
-32.86
-32.86
-32.86
-32.86
-32.86
-32.86
-32.86
-32.86
-32.86
-32.86
-32.86
-32.86
-32.86
-32.86
-32.86
-32.86
-32.86
-32.86
-32.86
-32.86
-32.86
-32.86
-32.86
-32.86
-32.86
-32.86
-32.86
-32.86
-32.86
-32.86
-32.86
-32.86
-32.86
-32.86
-32.86
-32.86
-32.86
-32.86
-32.86
-32.86
-32.86
-32.86
-32.86
-32.86
-32.86
-32.86
-32.86
-32.86
-32.86
-32.86
-32.86
-32.86
-32.86
-32.86
-32.86
-32.86
-32.86
-32.86
-32.86
-32.86
-32.86
-32.86
-32.86
-32.86
-32.86
-32.86
-32.86
-32.86
-32.86
-32.86
-32.86
-32.86
-32.86
-32.86
-32.86
-32.86
-32.86
-32.86
-32.86
-32.86
-32.86
-32.86
-32.86
-32.86
-32.86
-32.86
-32.86
-32.86
-32.86
-32.86
-32.86
-32.86
-32.86
-32.86
-32.86
-32.86
-32.86
-32.86
-32.86
-32.86
-32.86
-32.86
-32.86
-32.86
-32.86
-32.86
-32.86
-32.86
-32.86
-32.86
-32.86
-32.86
-32.86
-32.86
-32.86
-32.86
-32.86
-32.86
-32.86
-32.86
-32.86
-32.86
-32.86
-32.86
-32.86
-32.86
-32.86
-32.86
-32.86
-32.86
-32.86
-32.86
-32.86
-32.86
-32.86
-32.86
-32.86
-32.86
-32.86
-32.86
-32.86
-32.86
-32.86
-32.86
-32.86
-32.86
-32.86
-32.86
-32.86
-32.86
-32.86
-32.86
-32.86
-32.86
-32.86
-32.86
-32.86
-32.86
-32.86
-32.86
-32.86
-32.86
-32.86
-32.86
-32.86
-32.86
-32.86
-32.86
-32.86
-32.86
-32.86
-32.86
-32.86
-32.86
-32.86
-32.86
-32.86
-32.86
-32.86
-32.86
-32.86
-32.86
-32.86
-32.86
-32.86
-32.86
-32.86
-32.86
-32.86
-32.86
-32.86
-32.86
-32.86
-32.86
-32.86
-32.86
-32.86
-32.86
-32.86
-32.86
-32.86
-32.86
-32.86
-32.86
-32.86
-32.86
-32.86
-32.86
-32.86
-32.86
-32.86
-32.86
-32.86
-32.86
-32.86
-32.86
-32.86
-32.86
-32.86
-32.86
-32.86
-32.86
-32.86
-32.86
-32.86
-32.86
-32.86
-32.86
-32.86
-32.86
-32.86
-32.86
-32.86
-32.86
-32.86
-32.86
-32.86
-32.86
-32.86
-32.86
-32.86
-32.86
-32.86
-32.86
-32.86
-32.86
-32.86
-32.86
-32.86
-32.86
-32.86
-32.86
-32.86
-32.86
-32.86
-32.86
-32.86
-32.86
-32.86
-32.86
-32.86
-32.86
-32.86
-32.86
-32.86
-32.86
-32.86
-32.86
-32.86
-32.86
-32.86
-32.86
-32.86
-32.86
-32.86
-32.86
-32.86
-32.86
-32.86
-32.86
-32.86
-32.86
-32.86
-32.86
-32.86
-32.86
-32.86
-32.86
-32.86
-32.86
-32.86
-32.86
-32.86
-32.86
-32.86
-32.86
-32.86
-32.86
-32.86
-32.86
-32.86
-32.86
-32.86
-32.86
-32.86
-32.86
-32.86
-32.86
-32.86
-32.86
-32.86
-32.86
-32.86
-32.86
-32.86
-32.86
-32.86
-32.86
-32.86
-32.86
-32.86
-32.86
-32.86
-32.86
-32.86
-32.86
-32.86
-32.86
-32.86
-32.86
-32.86
-32.86
-32.86
-32.86
-32.86
-32.86
-32.86
-32.86
-32.86
-32.86
-32.86
-32.86
-32.86
-32.86
-32.86
-32.86
-32.86
-32.86
-32.86
-32.86
-32.86
-32.86
-32.86
-32.86
-32.86
-32.86
-32.86
-32.86
-32.86
-32.86
-32.86
-32.86
-32.86
-32.86
-32.86
-32.86
-32.86
-32.86
-32.86
-32.86
-32.86
-32.86
-32.86
-32.86
-32.86
-32.86
-32.86
-32.86
-32.86
-32.86
-32.86
-32.86
-32.86
-32.86
-32.86
-32.86
-32.86
-32.86
-32.86
-32.86
-32.86
-32.86
-32.86
-32.86
-32.86
-32.86
-32.86
-32.86
-32.86
-32.86
-32.86
-32.86
-32.86
-32.86
-32.86
-32.86
-32.86
-32.86
-32.86
-32.86
-32.86
-32.86
-32.86
-32.86
-32.86
-32.86
-32.86
-32.86
-32.86
-32.86
-32.86
-32.86
-32.86
-32.86
-32.86
-32.86
-32.86
-32.86
-32.86
-32.86
-32.86
-32.86
-32.86
-32.86
-32.86
-32.86
-32.86
-32.86
-32.86
-32.86
-32.86
-32.86
-32.86
-32.86
-32.86
-32.86
-32.86
-32.86
-32.86
-32.86
-32.86
-32.86
-32.86
-32.86
-32.86
-32.86
-32.86
-32.86
-32.86
-32.86
-32.86
-32.86
-32.86
-32.86
-32.86
-32.86
-32.86
-32.86
-32.86
-32.86
-32.86
-32.86
-32.86
-32.86
-32.86
-32.86
-32.86
-32.86
-32.86
-32.86
-32.86
-32.86
-32.86
-32.86
-32.86
-32.86
-32.86
-32.86
-32.86
-32.86
-32.86
-32.86
-32.86
-32.86
-32.86
-32.86
-32.86
-32.86
-32.86
-32.86
-32.86
-32.86
-32.86
-32.86
-32.86
-32.86
-32.86
-32.86
-32.86
-32.86
-32.86
-32.86
-32.86
-32.86
-32.86
-32.86
-32.86
-32.86
-32.86
-32.86
-32.86
-32.86
-32.86
-32.86
-32.86
-32.86
-32.86
-32.86
-32.86
-32.86
-32.86
-32.86
-32.86
-32.86
-32.86
-32.86
-32.86
-32.86
-32.86
-32.86
-32.86
-32.86
-32.86
-32.86
-32.86
-32.86
-32.86
-32.86
-32.86
-32.86
-32.86
-32.86
-32.86
-32.86
-32.86
-32.86
-32.86
-32.86
-32.86
-32.86
-32.86
-32.86
-32.86
-32.86
-32.86
-32.86
-32.86
-32.86
-32.86
-32.86
-32.86
-32.86
-32.86
-32.86
-32.86
-32.86
-32.86
-32.86
-32.86
-32.86
-32.86
-32.86
-32.86
-32.86
-32.86
-32.86
-32.86
-32.86
-32.86
-32.86
-32.86
-32.86
-32.86
-32.86
-32.86
-32.86
-32.86
-32.86
-32.86
-32.86
-32.86
-32.86
-32.86
-32.86
-32.86
-32.86
-32.86
-32.86
-32.86
-32.86
-32.86
-32.86
-32.86
-32.86
-32.86
-32.86
-32.86
-32.86
-32.86
-32.86
-32.86
-32.86
-32.86
-32.86
-32.86
-32.86
-32.86
-32.86
-32.86
-32.86
-32.86
-32.86
-32.86
-32.86
-32.86
-32.86
-32.86
-32.86
-32.86
-32.86
-32.86
-32.86
-32.86
-32.86
-32.86
-32.86
-32.86
-32.86
-32.86
-32.86
-32.86
-32.86
-32.86
-32.86
-32.86
-32.86
-32.86
-32.86
-32.86
-32.86
-32.86
-32.86
-32.86
-32.86
-32.86
-32.86
-32.86
-32.86
-32.86
-32.86
-32.86
-32.86
-32.86
-32.86
-32.86
-32.86
-32.86
-32.86
-32.86
-32.86
-32.86
-32.86
-32.86
-32.86
-32.86
-32.86
-32.86
-32.86
-32.86
-32.86
-32.86
-32.86
-32.86
-32.86
-32.86
-32.86
-32.86
-32.86
-32.86
-32.86
-32.86
-32.86
-32.86
-32.86
-32.86
-32.86
-32.86
-32.86
-32.86
-32.86
-32.86
-32.86
-32.86
-32.86
-32.86
-32.86
-32.86
-32.86
-32.86
-32.86
-32.86
-32.86
-32.86
-32.86
-32.86
-32.86
-32.86
-32.86
-32.86
-32.86
-32.86
-32.86
-32.86
-32.86
-32.86
-32.86
-32.86
-32.86
-32.86
-32.86
-32.86
-32.86
-32.86
-32.86
-32.86
-32.86
-32.86
-32.86
-32.86
-32.86
-32.86
-32.86
-32.86
-32.86
-32.86
-32.86
-32.86
-32.86
-32.86
-32.86
-32.86
-32.86
-32.86
-32.86
-32.86
-32.86
-32.86
-32.86
-32.86
-32.86
-32.86
-32.86
-32.86
-32.86
-32.86
-32.86
-32.86
-32.86
-32.86
-32.86
-32.86
-32.86
-32.86
-32.86
-32.86
-32.86
-32.86
-32.86
-32.86
-32.86
-32.86
-32.86
-32.86
-32.86
-32.86
-32.86
-32.86
-32.86
-32.86
-32.86
-32.86
-32.86
-32.86
-32.86
-32.86
-32.86
-32.86
-32.86
-32.86
-32.86
-32.86
-32.86
-32.86
-32.86
-32.86
-32.86
-32.86
-32.86
-32.86
-32.86
-32.86
-32.86
-32.86
-32.86
-32.86
-32.86
-32.86
-32.86
-32.86
-32.86
-32.86
-32.86
-32.86
-32.86
-32.86
-32.86
-32.86
-32.86
-32.86
-32.86
-32.86
-32.86
-32.86
-32.86
-32.86
-32.86
-32.86
-32.86
-32.86
-32.86
-32.86
-32.86
-32.86
-32.86
-32.86
-32.86
-32.86
-32.86
-32.86
-32.86
-32.86
-32.86
-32.86
-32.86
-32.86
-32.86
-32.86
-32.86
-32.86
-32.86
-32.86
-32.86
-32.86
-32.86
-32.86
-32.86
-32.86
-32.86
-32.86
-32.86
-32.86
-32.86
-32.86
-32.86
-32.86
-32.86
-32.86
-32.86
-32.86
-32.86
-32.86
-32.86
-32.86
-32.86
-32.86
-32.86
-32.86
-32.86
-32.86
-32.86
-32.86
-32.86
-32.86
-32.86
-32.86
-32.86
-32.86
-32.86
-32.86
-32.86
-32.86
-32.86
-32.86
-32.86
-32.86
-32.86
-32.86
-32.86
-32.86
-32.86
-32.86
-32.86
-32.86
-32.86
-32.86
-32.86
-32.86
-32.86
-32.86
-32.86
-32.86
-32.86
-32.86
-32.86
-32.86
-32.86
-32.86
-32.86
-32.86
-32.86
-32.86
-32.86
-32.86
-32.86
-32.86
-32.86
-32.86
-32.86
-32.86
-32.86
-32.86
-32.86
-32.86
-32.86
-32.86
-32.86
-32.86
-32.86
-32.86
-32.86
-32.86
-32.86
-32.86
-32.86
-32.86
-32.86
-32.86
-32.86
-32.86
-32.86
-32.86
-32.86
-32.86
-32.86
-32.86
-32.86
-32.86
-32.86
-32.86
-32.86
-32.86
-32.86
-32.86
-32.86
-32.86
-32.86
-32.86
-32.86
-32.86
-32.86
-32.86
-32.86
-32.86
-32.86
-32.86
-32.86
-32.86
-32.86
-32.86
-32.86
-32.86
-32.86
-32.86
-32.86
-32.86
-32.86
-32.86
-32.86
-32.86
-32.86
-32.86
-32.86
-32.86
-32.86
-32.86
-32.86
-32.86
-32.86
-32.86
-32.86
-32.86
-32.86
-32.86
-32.86
-32.86
-32.86
-32.86
-32.86
-32.86
-32.86
-32.86
-32.86
-32.86
-32.86
-32.86
-32.86
-32.86
-32.86
-32.86
-32.86
-32.86
-32.86
-32.86
-32.86
-32.86
-32.86
-32.86
-32.86
-32.86
-32.86
-32.86
-32.86
-32.86
-32.86
-32.86
-32.86
-32.86
-32.86
-32.86
-32.86
-32.86
-32.86
-32.86
-32.86
-32.86
-32.86
-32.86
-32.86
-32.86
-32.86
-32.86
-32.86
-32.86
-32.86
-32.86
-32.86
-32.86
-32.86
-32.86
-32.86
-32.86
-32.86
-32.86
-32.86
-32.86
-32.86
-32.86
-32.86
-32.86
-32.86
-32.86
-32.86
-32.86
-32.86
-32.86
-32.86
-32.86
-32.86
-32.86
-32.86
-32.86
-32.86
-32.86
-32.86
-32.86
-32.86
-32.86
-32.86
-32.86
-32.86
-32.86
-32.86
-32.86
-32.86
-32.86
-32.86
-32.86
-32.86
-32.86
-32.86
-32.86
-32.86
-32.86
-32.86
-32.86
-32.86
-32.86
-32.86
-32.86
-32.86
-32.86
-32.86
-32.86
-32.86
-32.86
-32.86
-32.86
-32.86
-32.86
-32.86
-32.86
-32.86
-32.86
-32.86
-32.86
-32.86
-32.86
-32.86
-32.86
-32.86
-32.86
-32.86
-32.86
-32.86
-32.86
-32.86
-32.86
-32.86
-32.86
-32.86
-32.86
-32.86
-32.86
-32.86
-32.86
-32.86
-32.86
-32.86
-32.86
-32.86
-32.86
-32.86
-32.86
-32.86
-32.86
-32.86
-32.86
-32.86
-32.86
-32.86
-32.86
-32.86
-32.86
-32.86
-32.86
-32.86
-32.86
-32.86
-32.86
-32.86
-32.86
-32.86
-32.86
-32.86
-32.86
-32.86
-32.86
-32.86
-32.86
-32.86
-32.86
-32.86
-32.86
-32.86
-32.86
-32.86
-32.86
-32.86
-32.86
-32.86
-32.86
-32.86
-32.86
-32.86
-32.86
-32.86
-32.86
-32.86
-32.86
-32.86
-32.86
-32.86
-32.86
-32.86
-32.86
-32.86
-32.86
-32.86
-32.86
-32.86
-32.86
-32.86
-32.86
-32.86
-32.86
-32.86
-32.86
-32.86
-32.86
-32.86
-32.86
-32.86
-32.86
-32.86
-32.86
-32.86
-32.86
-32.86
-32.86
-32.86
-32.86
-32.86
-32.86
-32.86
-32.86
-32.86
-32.86
-32.86
-32.86
-32.86
-32.86
-32.86
-32.86
-32.86
-32.86
-32.86
-32.86
-32.86
-32.86
-32.86
-32.86
-32.86
-32.86
-32.86
-32.86
-32.86
-32.86
-32.86
-32.86
-32.86
-32.86
-32.86
-32.86
-32.86
-32.86
-32.86
-32.86
-32.86
-32.86
-32.86
-32.86
-32.86
-32.86
-32.86
-32.86
-32.86
-32.86
-32.86
-32.86
-32.86
-32.86
-32.86
-32.86
-32.86
-32.86
-32.86
-32.86
-32.86
-32.86
-32.86
-32.86
-32.86
-32.86
-32.86
-32.86
-32.86
-32.86
-32.86
-32.86
-32.86
-32.86
-32.86
-32.86
-32.86
-32.86
-32.86
-32.86
-32.86
-32.86
-32.86
-32.86
-32.86
-32.86
-32.86
-32.86
-32.86
-32.86
-32.86
-32.86
-32.86
-32.86
-32.86
-32.86
-32.86
-32.86
-32.86
-32.86
-32.86
-32.86
-32.86
-32.86
-32.86
-32.86
-32.86
-32.86
-32.86
-32.86
-32.86
-32.86
-32.86
-32.86
-32.86
-32.86
-32.86
-32.86
-32.86
-32.86
-32.86
-32.86
-32.86
-32.86
-32.86
-32.86
-32.86
-32.86
-32.86
-32.86
-32.86
-32.86
-32.86
-32.86
-32.86
-32.86
-32.86
-32.86
-32.86
-32.86
-32.86
-32.86
-32.86
-32.86
-32.86
-32.86
-32.86
-32.86
-32.86
-32.86
-32.86
-32.86
-32.86
-32.86
-32.86
-32.86
-32.86
-32.86
-32.86
-32.86
-32.86
-32.86
-32.86
-32.86
-32.86
-32.86
-32.86
-32.86
-32.86
-32.86
-32.86
-32.86
-32.86
-32.86
-32.86
-32.86
-32.86
-32.86
-32.86
-32.86
-32.86
-32.86
-32.86
-32.86
-32.86
-32.86
-32.86
-32.86
-32.86
-32.86
-32.86
-32.86
-32.86
-32.86
-32.86
-32.86
-32.86
-32.86
-32.86
-32.86
-32.86
-32.86
-32.86
-32.86
-32.86
-32.86
-32.86
-32.86
-32.86
-32.86
-32.86
-32.86
-32.86
-32.86
-32.86
-32.86
-32.86
-32.86
-32.86
-32.86
-32.86
-32.86
-32.86
-32.86
-32.86
-32.86
-32.86
-32.86
-32.86
-32.86
-32.86
-32.86
-32.86
-32.86
-32.86
-32.86
-32.86
-32.86
-32.86
-32.86
-32.86
-32.86
-32.86
-32.86
-32.86
-32.86
-32.86
-32.86
-32.86
-32.86
-32.86
-32.86
-32.86
-32.86
-32.86
-32.86
-32.86
-32.86
-32.86
-32.86
-32.86
-32.86
-32.86
-32.86
-32.86
-32.86
-32.86
-32.86
-32.86
-32.86
-32.86
-32.86
-32.86
-32.86
-32.86
-32.86
-32.86
-32.86
-32.86
-32.86
-32.86
-32.86
-32.86
-32.86
-32.86
-32.86
-32.86
-32.86
-32.86
-32.86
-32.86
-32.86
-32.86
-32.86
-32.86
-32.86
-32.86
-32.86
-32.86
-32.86
-32.86
-32.86
-32.86
-32.86
-32.86
-32.86
-32.86
-32.86
-32.86
-32.86
-32.86
-32.86
-32.86
-32.86
-32.86
-32.86
-32.86
-32.86
-32.86
-32.86
-32.86
-32.86
-32.86
-32.86
-32.86
-32.86
-32.86
-32.86
-32.86
-32.86
-32.86
-32.86
-32.86
-32.86
-32.86
-32.86
-32.86
-32.86
-32.86
-32.86
-32.86
-32.86
-32.86
-32.86
-32.86
-32.86
-32.86
-32.86
-32.86
-32.86
-32.86
-32.86
-32.86
-32.86
-32.86
-32.86
-32.86
-32.86
-32.86
-32.86
-32.86
-32.86
-32.86
-32.86
-32.86
-32.86
-32.86
-32.86
-32.86
-32.86
-32.86
-32.86
-32.86
-32.86
-32.86
-32.86
-32.86
-32.86
-32.86
-32.86
-32.86
-32.86
-32.86
-32.86
-32.86
-32.86
-32.86
-32.86
-32.86
-32.86
-32.86
-32.86
-32.86
-32.86
-32.86
-32.86
-32.86
-32.86
-32.86
-32.86
-32.86
-32.86
-32.86
-32.86
-32.86
-32.86
-32.86
-32.86
-32.86
-32.86
-32.86
-32.86
-32.86
-32.86
-32.86
-32.86
-32.86
-32.86
-32.86
-32.86
-32.86
-32.86
-32.86
-32.86
-32.86
-32.86
-32.86
-32.86
-32.86
-32.86
-32.86
-32.86
-32.86
-32.86
-32.86
-32.86
-32.86
-32.86
-32.86
-32.86
-32.86
-32.86
-32.86
-32.86
-32.86
-32.86
-32.86
-32.86
-32.86
-32.86
-32.86
-32.86
-32.86
-32.86
-32.86
-32.86
-32.86
-32.86
-32.86
-32.86
-32.86
-32.86
-32.86
-32.86
-32.86
-32.86
-32.86
-32.86
-32.86
-32.86
-32.86
-32.86
-32.86
-32.86
-32.86
-32.86
-32.86
-32.86
-32.86
-32.86
-32.86
-32.86
-32.86
-32.86
-32.86
-32.86
-32.86
-32.86
-32.86
-32.86
-32.86
-32.86
-32.86
-32.86
-32.86
-32.86
-32.86
-32.86
-32.86
-32.86
-32.86
-32.86
-32.86
-32.86
-32.86
-32.86
-32.86
-32.86
-32.86
-32.86
-32.86
-32.86
-32.86
-32.86
-32.86
-32.86
-32.86
-32.86
-32.86
-32.86
-32.86
-32.86
-32.86
-32.86
-32.86
-32.86
-32.86
-32.86
-32.86
-32.86
-32.86
-32.86
-32.86
-32.86
-32.86
-32.86
-32.86
-32.86
-32.86
-32.86
-32.86
-32.86
-32.86
-32.86
-32.86
-32.86
-32.86
-32.86
-32.86
-32.86
-32.86
-32.86
-32.86
-32.86
-32.86
-32.86
-32.86
-32.86
-32.86
-32.86
-32.86
-32.86
-32.86
-32.86
-32.86
-32.86
-32.86
-32.86
-32.86
-32.86
-32.86
-32.86
-32.86
-32.86
-32.86
-32.86
-32.86
-32.86
-32.86
-32.86
-32.86
-32.86
-32.86
-32.86
-32.86
-32.86
-32.86
-32.86
-32.86
-32.86
-32.86
-32.86
-32.86
-32.86
-32.86
-32.86
-32.86
-32.86
-32.86
-32.86
-32.86
-32.86
-32.86
-32.86
-32.86
-32.86
-32.86
-32.86
-32.86
-32.86
-32.86
-32.86
-32.86
-32.86
-32.86
-32.86
-32.86
-32.86
-32.86
-32.86
-32.86
-32.86
-32.86
-32.86
-32.86
-32.86
-32.86
-32.86
-32.86
-32.86
-32.86
-32.86
-32.86
-32.86
-32.86
-32.86
-32.86
-32.86
-32.86
-32.86
-32.86
-32.86
-32.86
-32.86
-32.86
-32.86
-32.86
-32.86
-32.86
-32.86
-32.86
-32.86
-32.86
-32.86
-32.86
-32.86
-32.86
-32.86
-32.86
-32.86
-32.86
-32.86
-32.86
-32.86
-32.86
-32.86
-32.86
-32.86
-32.86
-32.86
-32.86
-32.86
-32.86
-32.86
-32.86
-32.86
-32.86
-32.86
-32.86
-32.86
-32.86
-32.86
-32.86
-32.86
-32.86
-32.86
-32.86
-32.86
-32.86
-32.86
-32.86
-32.86
-32.86
-32.86
-32.86
-32.86
-32.86
-32.86
-32.86
-32.86
-32.86
-32.86
-32.86
-32.86
-32.86
-32.86
-32.86
-32.86
-32.86
-32.86
-32.86
-32.86
-32.86
-32.86
-32.86
-32.86
-32.86
-32.86
-32.86
-32.86
-32.86
-32.86
-32.86
-32.86
-32.86
-32.86
-32.86
-32.86
-32.86
-32.86
-32.86
-32.86
-32.86
-32.86
-32.86
-32.86
-32.86
-32.86
-32.86
-32.86
-32.86
-32.86
-32.86
-32.86
-32.86
-32.86
-32.86
-32.86
-32.86
-32.86
-32.86
-32.86
-32.86
-32.86
-32.86
-32.86
-32.86
-32.86
-32.86
-32.86
-32.86
-32.86
-32.86
-32.86
-32.86
-32.86
-32.86
-32.86
-32.86
-32.86
-32.86
-32.86
-32.86
-32.86
-32.86
-32.86
-32.86
-32.86
-32.86
-32.86
-32.86
-32.86
-32.86
-32.86
-32.86
-32.86
-32.86
-32.86
-32.86
-32.86
-32.86
-32.86
-32.86
-32.86
-32.86
-32.86
-32.86
-32.86
-32.86
-32.86
-32.86
-32.86
-32.86
-32.86
-32.86
-32.86
-32.86
-32.86
-32.86
-32.86
-32.86
-32.86
-32.86
-32.86
-32.86
-32.86
-32.86
-32.86
-32.86
-32.86
-32.86
-32.86
-32.86
-32.86
-32.86
-32.86
-32.86
-32.86
-32.86
-32.86
-32.86
-32.86
-32.86
-32.86
-32.86
-32.86
-32.86
-32.86
-32.86
-32.86
-32.86
-32.86
-32.86
-32.86
-32.86
-32.86
-32.86
-32.86
-32.86
-32.86
-32.86
-32.86
-32.86
-32.86
-32.86
-32.86
-32.86
-32.86
-32.86
-32.86
-32.86
-32.86
-32.86
-32.86
-32.86
-32.86
-32.86
-32.86
-32.86
-32.86
-32.86
-32.86
-32.86
-32.86
-32.86
-32.86
-32.86
-32.86
-32.86
-32.86
-32.86
-32.86
-32.86
-32.86
-32.86
-32.86
-32.86
-32.86
-32.86
-32.86
-32.86
-32.86
-32.86
-32.86
-32.86
-32.86
-32.86
-32.86
-32.86
-32.86
-32.86
-32.86
-32.86
-32.86
-32.86
-32.86
-32.86
-32.86
-32.86
-32.86
-32.86
-32.86
-32.86
-32.86
-32.86
-32.86
-32.86
-32.86
-32.86
-32.86
-32.86
-32.86
-32.86
-32.86
-32.86
-32.86
-32.86
-32.86
-32.86
-32.86
-32.86
-32.86
-32.86
-32.86
-32.86
-32.86
-32.86
-32.86
-32.86
-32.86
-32.86
-32.86
-32.86
-32.86
-32.86
-32.86
-32.86
-32.86
-32.86
-32.86
-32.86
-32.86
-32.86
-32.86
-32.86
-32.86
-32.86
-32.86
-32.86
-32.86
-32.86
-32.86
-32.86
-32.86
-32.86
-32.86
-32.86
-32.86
-32.86
-32.86
-32.86
-32.86
-32.86
-32.86
-32.86
-32.86
-32.86
-32.86
-32.86
-32.86
-32.86
-32.86
-32.86
-32.86
-32.86
-32.86
-32.86
-32.86
-32.86
-32.86
-32.86
-32.86
-32.86
-32.86
-32.86
-32.86
-32.86
-32.86
-32.86
-32.86
-32.86
-32.86
-32.86
-32.86
-32.86
-32.86
-32.86
-32.86
-32.86
-32.86
-32.86
-32.86
-32.86
-32.86
-32.86
-32.86
-32.86
-32.86
-32.86
-32.86
-32.86
-32.86
-32.86
-32.86
-32.86
-32.86
-32.86
-32.86
-32.86
-32.86
-32.86
-32.86
-32.86
-32.86
-32.86
-32.86
-32.86
-32.86
-32.86
-32.86
-32.86
-32.86
-32.86
-32.86
-32.86
-32.86
-32.86
-32.86
-32.86
-32.86
-32.86
-32.86
-32.86
-32.86
-32.86
-32.86
-32.86
-32.86
-32.86
-32.86
-32.86
-32.86
-32.86
-32.86
-32.86
-32.86
-32.86
-32.86
-32.86
-32.86
-32.86
-32.86
-32.86
-32.86
-32.86
-32.86
-32.86
-32.86
-32.86
-32.86
-32.86
-32.86
-32.86
-32.86
-32.86
-32.86
-32.86
-32.86
-32.86
-32.86
-32.86
-32.86
-32.86
-32.86
-32.86
-32.86
-32.86
-32.86
-32.86
-32.86
-32.86
-32.86
-32.86
-32.86
-32.86
-32.86
-32.86
-32.86
-32.86
-32.86
-32.86
-32.86
-32.86
-32.86
-32.86
-32.86
-32.86
-32.86
-32.86
-32.86
-32.86
-32.86
-32.86
-32.86
-32.86
-32.86
-32.86
-32.86
-32.86
-32.86
-32.86
-32.86
-32.86
-32.86
-32.86
-32.86
-32.86
-32.86
-32.86
-32.86
-32.86
-32.86
-32.86
-32.86
-32.86
-32.86
-32.86
-32.86
-32.86
-32.86
-32.86
-32.86
-32.86
-32.86
-32.86
-32.86
-32.86
-32.86
-32.86
-32.86
-32.86
-32.86
-32.86
-32.86
-32.86
-32.86
-32.86
-32.86
-32.86
-32.86
-32.86
-32.86
-32.86
-32.86
-32.86
-32.86
-32.86
-32.86
-32.86
-32.86
-32.86
-32.86
-32.86
-32.86
-32.86
-32.86
-32.86
-32.86
-32.86
-32.86
-32.86
-32.86
-32.86
-32.86
-32.86
-32.86
-32.86
-32.86
-32.86
-32.86
-32.86
-32.86
-32.86
-32.86
-32.86
-32.86
-32.86
-32.86
-32.86
-32.86
-32.86
-32.86
-32.86
-32.86
-32.86
-32.86
-32.86
-32.86
-32.86
-32.86
-32.86
-32.86
-32.86
-32.86
-32.86
-32.86
-32.86
-32.86
-32.86
-32.86
-32.86
-32.86
-32.86
-32.86
-32.86
-32.86
-32.86
-32.86
-32.86
-32.86
-32.86
-32.86
-32.86
-32.86
-32.86
-32.86
-32.86
-32.86
-32.86
-32.86
-32.86
-32.86
-32.86
-32.86
-32.86
-32.86
-32.86
-32.86
-32.86
-32.86
-32.86
-32.86
-32.86
-32.86
-32.86
-32.86
-32.86
-32.86
-32.86
-32.86
-32.86
-32.86
-32.86
-32.86
-32.86
-32.86
-32.86
-32.86
-32.86
-32.86
-32.86
-32.86
-32.86
-32.86
-32.86
-32.86
-32.86
-32.86
-32.86
-32.86
-32.86
-32.86
-32.86
-32.86
-32.86
-32.86
-32.86
-32.86
-32.86
-32.86
-32.86
-32.86
-32.86
-32.86
-32.86
-32.86
-32.86
-32.86
-32.86
-32.86
-32.86
-32.86
-32.86
-32.86
-32.86
-32.86
-32.86
-32.86
-32.86
-32.86
-32.86
-32.86
-32.86
-32.86
-32.86
-32.86
-32.86
-32.86
-32.86
-32.86
-32.86
-32.86
-32.86
-32.86
-32.86
-32.86
-32.86
-32.86
-32.86
-32.86
-32.86
-32.86
-32.86
-32.86
-32.86
-32.86
-32.86
-32.86
-32.86
-32.86
-32.86
-32.86
-32.86
-32.86
-32.86
-32.86
-32.86
-32.86
-32.86
-32.86
-32.86
-32.86
-32.86
-32.86
-32.86
-32.86
-32.86
-32.86
-32.86
-32.86
-32.86
-32.86
-32.86
-32.86
-32.86
-32.86
-32.86
-32.86
-32.86
-32.86
-32.86
-32.86
-32.86
-32.86
-32.86
-32.86
-32.86
-32.86
-32.86
-32.86
-32.86
-32.86
-32.86
-32.86
-32.86
-32.86
-32.86
-32.86
-32.86
-32.86
-32.86
-32.86
-32.86
-32.86
-32.86
-32.86
-32.86
-32.86
-32.86
-32.86
-32.86
-32.86
-32.86
-32.86
-32.86
-32.86
-32.86
-32.86
-32.86
-32.86
-32.86
-32.86
-32.86
-32.86
-32.86
-32.86
-32.86
-32.86
-32.86
-32.86
-32.86
-32.86
-32.86
-32.86
-32.86
-32.86
-32.86
-32.86
-32.86
-32.86
-32.86
-32.86
-32.86
-32.86
-32.86
-32.86
-32.86
-32.86
-32.86
-32.86
-32.86
-32.86
-32.86
-32.86
-32.86
-32.86
-32.86
-32.86
-32.86
-32.86
-32.86
-32.86
-32.86
-32.86
-32.86
-32.86
-32.86
-32.86
-32.86
-32.86
-32.86
-32.86
-32.86
-32.86
-32.86
-32.86
-32.86
-32.86
-32.86
-32.86
-32.86
-32.86
-32.86
-32.86
-32.86
-32.86
-32.86
-32.86
-32.86
-32.86
-32.86
-32.86
-32.86
-32.86
-32.86
-32.86
-32.86
-32.86
-32.86
-32.86
-32.86
-32.86
-32.86
-32.86
-32.86
-32.86
-32.86
-32.86
-32.86
-32.86
-32.86
-32.86
-32.86
-32.86
-32.86
-32.86
-32.86
-32.86
-32.86
-32.86
-32.86
-32.86
-32.86
-32.86
-32.86
-32.86
-32.86
-32.86
-32.86
-32.86
-32.86
-32.86
-32.86
-32.86
-32.86
-32.86
-32.86
-32.86
-32.86
-32.86
-32.86
-32.86
-32.86
-32.86
-32.86
-32.86
-32.86
-32.86
-32.86
-32.86
-32.86
-32.86
-32.86
-32.86
-32.86
-32.86
-32.86
-32.86
-32.86
-32.86
-32.86
-32.86
-32.86
-32.86
-32.86
-32.86
-32.86
-32.86
-32.86
-32.86
-32.86
-32.86
-32.86
-32.86
-32.86
-32.86
-32.86
-32.86
-32.86
-32.86
-32.86
-32.86
-32.86
-32.86
-32.86
-32.86
-32.86
-32.86
-32.86
-32.86
-32.86
-32.86
-32.86
-32.86
-32.86
-32.86
-32.86
-32.86
-32.86
-32.86
-32.86
-32.86
-32.86
-32.86
-32.86
-32.86
-32.86
-32.86
-32.86
-32.86
-32.86
-32.86
-32.86
-32.86
-32.86
-32.86
-32.86
-32.86
-32.86
-32.86
-32.86
-32.86
-32.86
-32.86
-32.86
-32.86
-32.86
-32.86
-32.86
-32.86
-32.86
-32.86
-32.86
-32.86
-32.86
-32.86
-32.86
-32.86
-32.86
-32.86
-32.86
-32.86
-32.86
-32.86
-32.86
-32.86
-32.86
-32.86
-32.86
-32.86
-32.86
-32.86
-32.86
-32.86
-32.86
-32.86
-32.86
-32.86
-32.86
-32.86
-32.86
-32.86
-32.86
-32.86
-32.86
-32.86
-32.86
-32.86
-32.86
-32.86
-32.86
-32.86
-32.86
-32.86
-32.86
-32.86
-32.86
-32.86
-32.86
-32.86
-32.86
-32.86
-32.86
-32.86
-32.86
-32.86
-32.86
-32.86
-32.86
-32.86
-32.86
-32.86
-32.86
-32.86
-32.86
-32.86
-32.86
-32.86
-32.86
-32.86
-32.86
-32.86
-32.86
-32.86
-32.86
-32.86
-32.86
-32.86
-32.86
-32.86
-32.86
-32.86
-32.86
-32.86
-32.86
-32.86
-32.86
-32.86
-32.86
-32.86
-32.86
-32.86
-32.86
-32.86
-32.86
-32.86
-32.86
-32.86
-32.86
-32.86
-32.86
-32.86
-32.86
-32.86
-32.86
-32.86
-32.86
-32.86
-32.86
-32.86
-32.86
-32.86
-32.86
-32.86
-32.86
-32.86
-32.86
-32.86
-32.86
-32.86
-32.86
-32.86
-32.86
-32.86
-32.86
-32.86
-32.86
-32.86
-32.86
-32.86
-32.86
-32.86
-32.86
-32.86
-32.86
-32.86
-32.86
-32.86
-32.86
-32.86
-32.86
-32.86
-32.86
-32.86
-32.86
-32.86
-32.86
-32.86
-32.86
-32.86
-32.86
-32.86
-32.86
-32.86
-32.86
-32.86
-32.86
-32.86
-32.86
-32.86
-32.86
-32.86
-32.86
-32.86
-32.86
-32.86
-32.86
-32.86
-32.86
-32.86
-32.86
-32.86
-32.86
-32.86
-32.86
-32.86
-32.86
-32.86
-32.86
-32.86
-32.86
-32.86
-32.86
-32.86
-32.86
-32.86
-32.86
-32.86
-32.86
-32.86
-32.86
-32.86
-32.86
-32.86
-32.86
-32.86
-32.86
-32.86
-32.86
-32.86
-32.86
-32.86
-32.86
-32.86
-32.86
-32.86
-32.86
-32.86
-32.86
-32.86
-32.86
-32.86
-32.86
-32.86
-32.86
-32.86
-32.86
-32.86
-32.86
-32.86
-32.86
-32.86
-32.86
-32.86
-32.86
-32.86
-32.86
-32.86
-32.86
-32.86
-32.86
-32.86
-32.86
-32.86
-32.86
-32.86
-32.86
-32.86
-32.86
-32.86
-32.86
-32.86
-32.86
-32.86
-32.86
-32.86
-32.86
-32.86
-32.86
-32.86
-32.86
-32.86
-32.86
-32.86
-32.86
-32.86
-32.86
-32.86
-32.86
-32.86
-32.86
-32.86
-32.86
-32.86
-32.86
-32.86
-32.86
-32.86
-32.86
-32.86
-32.86
-32.86
-32.86
-32.86
-32.86
-32.86
-32.86
-32.86
-32.86
-32.86
-32.86
-32.86
-32.86
-32.86
-32.86
-32.86
-32.86
-32.86
-32.86
-32.86
-32.86
-32.86
-32.86
-32.86
-32.86
-32.86
-32.86
-32.86
-32.86
-32.86
-32.86
-32.86
-32.86
-32.86
-32.86
-32.86
-32.86
-32.86
-32.86
-32.86
-32.86
-32.86
-32.86
-32.86
-32.86
-32.86
-32.86
-32.86
-32.86
-32.86
-32.86
-32.86
-32.86
-32.86
-32.86
-32.86
-32.86
-32.86
-32.86
-32.86
-32.86
-32.86
-32.86
-32.86
-32.86
-32.86
-32.86
-32.86
-32.86
-32.86
-32.86
-32.86
-32.86
-32.86
-32.86
-32.86
-32.86
-32.86
-32.86
-32.86
-32.86
-32.86
-32.86
-32.86
-32.86
-32.86
-32.86
-32.86
-32.86
-32.86
-32.86
-32.86
-32.86
-32.86
-32.86
-32.86
-32.86
-32.86
-32.86
-32.86
-32.86
-32.86
-32.86
-32.86
-32.86
-32.86
-32.86
-32.86
-32.86
-32.86
-32.86
-32.86
-32.86
-32.86
-32.86
-32.86
-32.86
-32.86
-32.86
-32.86
-32.86
-32.86
-32.86
-32.86
-32.86
-32.86
-32.86
-32.86
-32.86
-32.86
-32.86
-32.86
-32.86
-32.86
-32.86
-32.86
-32.86
-32.86
-32.86
-32.86
-32.86
-32.86
-32.86
-32.86
-32.86
-32.86
-32.86
-32.86
-32.86
-32.86
-32.86
-32.86
-32.86
-32.86
-32.86
-32.86
-32.86
-32.86
-32.86
-32.86
-32.86
-32.86
-32.86
-32.86
-32.86
-32.86
-32.86
-32.86
-32.86
-32.86
-32.86
-32.86
-32.86
-32.86
-32.86
-32.86
-32.86
-32.86
-32.86
-32.86
-32.86
-32.86
-32.86
-32.86
-32.86
-32.86
-32.86
-32.86
-32.86
-32.86
-32.86
-32.86
-32.86
-32.86
-32.86
-32.86
-32.86
-32.86
-32.86
-32.86
-32.86
-32.86
-32.86
-32.86
-32.86
-32.86
-32.86
-32.86
-32.86
-32.86
-32.86
-32.86
-32.86
-32.86
-32.86
-32.86
-32.86
-32.86
-32.86
-32.86
-32.86
-32.86
-32.86
-32.86
-32.86
-32.86
-32.86
-32.86
-32.86
-32.86
-32.86
-32.86
-32.86
-32.86
-32.86
-32.86
-32.86
-32.86
-32.86
-32.86
-32.86
-32.86
-32.86
-32.86
-32.86
-32.86
-32.86
-32.86
-32.86
-32.86
-32.86
-32.86
-32.86
-32.86
-32.86
-32.86
-32.86
-32.86
-32.86
-32.86
-32.86
-32.86
-32.86
-32.86
-32.86
-32.86
-32.86
-32.86
-32.86
-32.86
-32.86
-32.86
-32.86
-32.86
-32.86
-32.86
-32.86
-32.86
-32.86
-32.86
-32.86
-32.86
-32.86
-32.86
-32.86
-32.86
-32.86
-32.86
-32.86
-32.86
-32.86
-32.86
-32.86
-32.86
-32.86
-32.86
-32.86
-32.86
-32.86
-32.86
-32.86
-32.86
-32.86
-32.86
-32.86
-32.86
-32.86
-32.86
-32.86
-32.86
-32.86
-32.86
-32.86
-32.86
-32.86
-32.86
-32.86
-32.86
-32.86
-32.86
-32.86
-32.86
-32.86
-32.86
-32.86
-32.86
-32.86
-32.86
-32.86
-32.86
-32.86
-32.86
-32.86
-32.86
-32.86
-32.86
-32.86
-32.86
-32.86
-32.86
-32.86
-32.86
-32.86
-32.86
-32.86
-32.86
-32.86
-32.86
-32.86
-32.86
-32.86
-32.86
-32.86
-32.86
-32.86
-32.86
-32.86
-32.86
-32.86
-32.86
-32.86
-32.86
-32.86
-32.86
-32.86
-32.86
-32.86
-32.86
-32.86
-32.86
-32.86
-32.86
-32.86
-32.86
-32.86
-32.86
-32.86
-32.86
-32.86
-32.86
-32.86
-32.86
-32.86
-32.86
-32.86
-32.86
-32.86
-32.86
-32.86
-32.86
-32.86
-32.86
-32.86
-32.86
-32.86
-32.86
-32.86
-32.86
-32.86
-32.86
-32.86
-32.86
-32.86
-32.86
-32.86
-32.86
-32.86
-32.86
-32.86
-32.86
-32.86
-32.86
-32.86
-32.86
-32.86
-32.86
-32.86
-32.86
-32.86
-32.86
-32.86
-32.86
-32.86
-32.86
-32.86
-32.86
-32.86
-32.86
-32.86
-32.86
-32.86
-32.86
-32.86
-32.86
-32.86
-32.86
-32.86
-32.86
-32.86
-32.86
-32.86
-32.86
-32.86
-32.86
-32.86
-32.86
-32.86
-32.86
-32.86
-32.86
-32.86
-32.86
-32.86
-32.86
-32.86
-32.86
-32.86
-32.86
-32.86
-32.86
-32.86
-32.86
-32.86
-32.86
-32.86
-32.86
-32.86
-32.86
-32.86
-32.86
-32.86
-32.86
-32.86
-32.86
-32.86
-32.86
-32.86
-32.86
-32.86
-32.86
-32.86
-32.86
-32.86
-32.86
-32.86
-32.86
-32.86
-32.86
-32.86
-32.86
-32.86
-32.86
-32.86
-32.86
-32.86
-32.86
-32.86
-32.86
-32.86
-32.86
-32.86
-32.86
-32.86
-32.86
-32.86
-32.86
-32.86
-32.86
-32.86
-32.86
-32.86
-32.86
-32.86
-32.86
-32.86
-32.86
-32.86
-32.86
-32.86
-32.86
-32.86
-32.86
-32.86
-32.86
-32.86
-32.86
-32.86
-32.86
-32.86
-32.86
-32.86
-32.86
-32.86
-32.86
-32.86
-32.86
-32.86
-32.86
-32.86
-32.86
-32.86
-32.86
-32.86
-32.86
-32.86
-32.86
-32.86
-32.86
-32.86
-32.86
-32.86
-32.86
-32.86
-32.86
-32.86
-32.86
-32.86
-32.86
-32.86
-32.86
-32.86
-32.86
-32.86
-32.86
-32.86
-32.86
-32.86
-32.86
-32.86
-32.86
-32.86
-32.86
-32.86
-32.86
-32.86
-32.86
-32.86
-32.86
-32.86
-32.86
-32.86
-32.86
-32.86
-32.86
-32.86
-32.86
-32.86
-32.86
-32.86
-32.86
-32.86
-32.86
-32.86
-32.86
-32.86
-32.86
-32.86
-32.86
-32.86
-32.86
-32.86
-32.86
-32.86
-32.86
-32.86
-32.86
-32.86
-32.86
-32.86
-32.86
-32.86
-32.86
-32.86
-32.86
-32.86
-32.86
-32.86
-32.86
-32.86
-32.86
-32.86
-32.86
-32.86
-32.86
-32.86
-32.86
-32.86
-32.86
-32.86
-32.86
-32.86
-32.86
-32.86
-32.86
-32.86
-32.86
-32.86
-32.86
-32.86
-32.86
-32.86
-32.86
-32.86
-32.86
-32.86
-32.86
-32.86
-32.86
-32.86
-32.86
-32.86
-32.86
-32.86
-32.86
-32.86
-32.86
-32.86
-32.86
-32.86
-32.86
-32.86
-32.86
-32.86
-32.86
-32.86
-32.86
-32.86
-32.86
-32.86
-32.86
-32.86
-32.86
-32.86
-32.86
-32.86
-32.86
-32.86
-32.86
-32.86
-32.86
-32.86
-32.86
-32.86
-32.86
-32.86
-32.86
-32.86
-32.86
-32.86
-32.86
-32.86
-32.86
-32.86
-32.86
-32.86
-32.86
-32.86
-32.86
-32.86
-32.86
-32.86
-32.86
-32.86
-32.86
-32.86
-32.86
-32.86
-32.86
-32.86
-32.86
-32.86
-32.86
-32.86
-32.86
-32.86
-32.86
-32.86
-32.86
-32.86
-32.86
-32.86
-32.86
-32.86
-32.86
-32.86
-32.86
-32.86
-32.86
-32.86
-32.86
-32.86
-32.86
-32.86
-32.86
-32.86
-32.86
-32.86
-32.86
-32.86
-32.86
-32.86
-32.86
-32.86
-32.86
-32.86
-32.86
-32.86
-32.86
-32.86
-32.86
-32.86
-32.86
-32.86
-32.86
-32.86
-32.86
-32.86
-32.86
-32.86
-32.86
-32.86
-32.86
-32.86
-32.86
-32.86
-32.86
-32.86
-32.86
-32.86
-32.86
-32.86
-32.86
-32.86
-32.86
-32.86
-32.86
-32.86
-32.86
-32.86
-32.86
-32.86
-32.86
-32.86
-32.86
-32.86
-32.86
-32.86
-32.86
-32.86
-32.86
-32.86
-32.86
-32.86
-32.86
-32.86
-32.86
-32.86
-32.86
-32.86
-32.86
-32.86
-32.86
-32.86
-32.86
-32.86
-32.86
-32.86
-32.86
-32.86
-32.86
-32.86
-32.86
-32.86
-32.86
-32.86
-32.86
-32.86
-32.86
-32.86
-32.86
-32.86
-32.86
-32.86
-32.86
-32.86
-32.86
-32.86
-32.86
-32.86
-32.86
-32.86
-32.86
-32.86
-32.86
-32.86
-32.86
-32.86
-32.86
-32.86
-32.86
-32.86
-32.86
-32.86
-32.86
-32.86
-32.86
-32.86
-32.86
-32.86
-32.86
-32.86
-32.86
-32.86
-32.86
-32.86
-32.86
-32.86
-32.86
-32.86
-32.86
-32.86
-32.86
-32.86
-32.86
-32.86
-32.86
-32.86
-32.86
-32.86
-32.86
-32.86
-32.86
-32.86
-32.86
-32.86
-32.86
-32.86
-32.86
-32.86
-32.86
-32.86
-32.86
-32.86
-32.86
-32.86
-32.86
-32.86
-32.86
-32.86
-32.86
-32.86
-32.86
-32.86
-32.86
-32.86
-32.86
-32.86
-32.86
-32.86
-32.86
-32.86
-32.86
-32.86
-32.86
-32.86
-32.86
-32.86
-32.86
-32.86
-32.86
-32.86
-32.86
-32.86
-32.86
-32.86
-32.86
-32.86
-32.86
-32.86
-32.86
-32.86
-32.86
-32.86
-32.86
-32.86
-32.86
-32.86
-32.86
-32.86
-32.86
-32.86
-32.86
-32.86
-32.86
-32.86
-32.86
-32.86
-32.86
-32.86
-32.86
-32.86
-32.86
-32.86
-32.86
-32.86
-32.86
-32.86
-32.86
-32.86
-32.86
-32.86
-32.86
-32.86
-32.86
-32.86
-32.86
-32.86
-32.86
-32.86
-32.86
-32.86
-32.86
-32.86
-32.86
-32.86
-32.86
-32.86
-32.86
-32.86
-32.86
-32.86
-32.86
-32.86
-32.86
-32.86
-32.86
-32.86
-32.86
-32.86
-32.86
-32.86
-32.86
-32.86
-32.86
-32.86
-32.86
-32.86
-32.86
-32.86
-32.86
-32.86
-32.86
-32.86
-32.86
-32.86
-32.86
-32.86
-32.86
-32.86
-32.86
-32.86
-32.86
-32.86
-32.86
-32.86
-32.86
-32.86
-32.86
-32.86
-32.86
-32.86
-32.86
-32.86
-32.86
-32.86
-32.86
-32.86
-32.86
-32.86
-32.86
-32.86
-32.86
-32.86
-32.86
-32.86
-32.86
-32.86
-32.86
-32.86
-32.86
-32.86
-32.86
-32.86
-32.86
-32.86
-32.86
-32.86
-32.86
-32.86
-32.86
-32.86
-32.86
-32.86
-32.86
-32.86
-32.86
-32.86
-32.86
-32.86
-32.86
-32.86
-32.86
-32.86
-32.86
-32.86
-32.86
-32.86
-32.86
-32.86
-32.86
-32.86
-32.86
-32.86
-32.86
-32.86
-32.86
-32.86
-32.86
-32.86
-32.86
-32.86
-32.86
-32.86
-32.86
-32.86
-32.86
-32.86
-32.86
-32.86
-32.86
-32.86
-32.86
-32.86
-32.86
-32.86
-32.86
-32.86
-32.86
-32.86
-32.86
-32.86
-32.86
-32.86
-32.86
-32.86
-32.86
-32.86
-32.86
-32.86
-32.86
-32.86
-32.86
-32.86
-32.86
-32.86
-32.86
-32.86
-32.86
-32.86
-32.86
-32.86
-32.86
-32.86
-32.86
-32.86
-32.86
-32.86
-32.86
-32.86
-32.86
-32.86
-32.86
-32.86
-32.86
-32.86
-32.86
-32.86
-32.86
-32.86
-32.86
-32.86
-32.86
-32.86
-32.86
-32.86
-32.86
-32.86
-32.86
-32.86
-32.86
-32.86
-32.86
-32.86
-32.86
-32.86
-32.86
-32.86
-32.86
-32.86
-32.86
-32.86
-32.86
-32.86
-32.86
-32.86
-32.86
-32.86
-32.86
-32.86
-32.86
-32.86
-32.86
-32.86
-32.86
-32.86
-32.86
-32.86
-32.86
-32.86
-32.86
-32.86
-32.86
-32.86
-32.86
-32.86
-32.86
-32.86
-32.86
-32.86
-32.86
-32.86
-32.86
-32.86
-32.86
-32.86
-32.86
-32.86
-32.86
-32.86
-32.86
-32.86
-32.86
-32.86
-32.86
-32.86
-32.86
-32.86
-32.86
-32.86
-32.86
-32.86
-32.86
-32.86
-32.86
-32.86
-32.86
-32.86
-32.86
-32.86
-32.86
-32.86
-32.86
-32.86
-32.86
-32.86
-32.86
-32.86
-32.86
-32.86
-32.86
-32.86
-32.86
-32.86
-32.86
-32.86
-32.86
-32.86
-32.86
-32.86
-32.86
-32.86
-32.86
-32.86
-32.86
-32.86
-32.86
-32.86
-32.86
-32.86
-32.86
-32.86
-32.86
-32.86
-32.86
-32.86
-32.86
-32.86
-32.86
-32.86
-32.86
-32.86
-32.86
-32.86
-32.86
-32.86
-32.86
-32.86
-32.86
-32.86
-32.86
-32.86
-32.86
-32.86
-32.86
-32.86
-32.86
-32.86
-32.86
-32.86
-32.86
-32.86
-32.86
-32.86
-32.86
-32.86
-32.86
-32.86
-32.86
-32.86
-32.86
-32.86
-32.86
-32.86
-32.86
-32.86
-32.86
-32.86
-32.86
-32.86
-32.86
-32.86
-32.86
-32.86
-32.86
-32.86
-32.86
-32.86
-32.86
-32.86
-32.86
-32.86
-32.86
-32.86
-32.86
-32.86
-32.86
-32.86
-32.86
-32.86
-32.86
-32.86
-32.86
-32.86
-32.86
-32.86
-32.86
-32.86
-32.86
-32.86
-32.86
-32.86
-32.86
-32.86
-32.86
-32.86
-32.86
-32.86
-32.86
-32.86
-32.86
-32.86
-32.86
-32.86
-32.86
-32.86
-32.86
-32.86
-32.86
-32.86
-32.86
-32.86
-32.86
-32.86
-32.86
-32.86
-32.86
-32.86
-32.86
-32.86
-32.86
-32.86
-32.86
-32.86
-32.86
-32.86
-32.86
-32.86
-32.86
-32.86
-32.86
-32.86
-32.86
-32.86
-32.86
-32.86
-32.86
-32.86
-32.86
-32.86
-32.86
-32.86
-32.86
-32.86
-32.86
-32.86
-32.86
-32.86
-32.86
-32.86
-32.86
-32.86
-32.86
-32.86
-32.86
-32.86
-32.86
-32.86
-32.86
-32.86
-32.86
-32.86
-32.86
-32.86
-32.86
-32.86
-32.86
-32.86
-32.86
-32.86
-32.86
-32.86
-32.86
-32.86
-32.86
-32.86
-32.86
-32.86
-32.86
-32.86
-32.86
-32.86
-32.86
-32.86
-32.86
-32.86
-32.86
-32.86
-32.86
-32.86
-32.86
-32.86
-32.86
-32.86
-32.86
-32.86
-32.86
-32.86
-32.86
-32.86
-32.86
-32.86
-32.86
-32.86
-32.86
-32.86
-32.86
-32.86
-32.86
-32.86
-32.86
-32.86
-32.86
-32.86
-32.86
-32.86
-32.86
-32.86
-32.86
-32.86
-32.86
-32.86
-32.86
-32.86
-32.86
-32.86
-32.86
-32.86
-32.86
-32.86
-32.86
-32.86
-32.86
-32.86
-32.86
-32.86
-32.86
-32.86
-32.86
-32.86
-32.86
-32.86
-32.86
-32.86
-32.86
-32.86
-32.86
-32.86
-32.86
-32.86
-32.86
-32.86
-32.86
-32.86
-32.86
-32.86
-32.86
-32.86
-32.86
-32.86
-32.86
-32.86
-32.86
-32.86
-32.86
-32.86
-32.86
-32.86
-32.86
-32.86
-32.86
-32.86
-32.86
-32.86
-32.86
-32.86
-32.86
-32.86
-32.86
-32.86
-32.86
-32.86
-32.86
-32.86
-32.86
-32.86
-32.86
-32.86
-32.86
-32.86
-32.86
-32.86
-32.86
-32.86
-32.86
-32.86
-32.86
-32.86
-32.86
-32.86
-32.86
-32.86
-32.86
-32.86
-32.86
-32.86
-32.86
-32.86
-32.86
-32.86
-32.86
-32.86
-32.86
-32.86
-32.86
-32.86
-32.86
-32.86
-32.86
-32.86
-32.86
-32.86
-32.86
-32.86
-32.86
-32.86
-32.86
-32.86
-32.86
-32.86
-32.86
-32.86
-32.86
-32.86
-32.86
-32.86
-32.86
-32.86
-32.86
-32.86
-32.86
-32.86
-32.86
-32.86
-32.86
-32.86
-32.86
-32.86
-32.86
-32.86
-32.86
-32.86
-32.86
-32.86
-32.86
-32.86
-32.86
-32.86
-32.86
-32.86
-32.86
-32.86
-32.86
-32.86
-32.86
-32.86
-32.86
-32.86
-32.86
-32.86
-32.86
-32.86
-32.86
-32.86
-32.86
-32.86
-32.86
-32.86
-32.86
-32.86
-32.86
-32.86
-32.86
-32.86
-32.86
-32.86
-32.86
-32.86
-32.86
-32.86
-32.86
-32.86
-32.86
-32.86
-32.86
-32.86
-32.86
-32.86
-32.86
-32.86
-32.86
-32.86
-32.86
-32.86
-32.86
-32.86
-32.86
-32.86
-32.86
-32.86
-32.86
-32.86
-32.86
-32.86
-32.86
-32.86
-32.86
-32.86
-32.86
-32.86
-32.86
-32.86
-32.86
-32.86
-32.86
-32.86
-32.86
-32.86
-32.86
-32.86
-32.86
-32.86
-32.86
-32.86
-32.86
-32.86
-32.86
-32.86
-32.86
-32.86
-32.86
-32.86
-32.86
-32.86
-32.86
-32.86
-32.86
-32.86
-32.86
-32.86
-32.86
-32.86
-32.86
-32.86
-32.86
-32.86
-32.86
-32.86
-32.86
-32.86
-32.86
-32.86
-32.86
-32.86
-32.86
-32.86
-32.86
-32.86
-32.86
-32.86
-32.86
-32.86
-32.86
-32.86
-32.86
-32.86
-32.86
-32.86
-32.86
-32.86
-32.86
-32.86
-32.86
-32.86
-32.86
-32.86
-32.86
-32.86
-32.86
-32.86
-32.86
-32.86
-32.86
-32.86
-32.86
-32.86
-32.86
-32.86
-32.86
-32.86
-32.86
-32.86
-32.86
-32.86
-32.86
-32.86
-32.86
-32.86
-32.86
-32.86
-32.86
-32.86
-32.86
-32.86
-32.86
-32.86
-32.86
-32.86
-32.86
-32.86
-32.86
-32.86
-32.86
-32.86
-32.86
-32.86
-32.86
-32.86
-32.86
-32.86
-32.86
-32.86
-32.86
-32.86
-32.86
-32.86
-32.86
-32.86
-32.86
-32.86
-32.86
-32.86
-32.86
-32.86
-32.86
-32.86
-32.86
-32.86
-32.86
-32.86
-32.86
-32.86
-32.86
-32.86
-32.86
-32.86
-32.86
-32.86
-32.86
-32.86
-32.86
-32.86
-32.86
-32.86
-32.86
-32.86
-32.86
-32.86
-32.86
-32.86
-32.86
-32.86
-32.86
-32.86
-32.86
-32.86
-32.86
-32.86
-32.86
-32.86
-32.86
-32.86
-32.86
-32.86
-32.86
-32.86
-32.86
-32.86
-32.86
-32.86
-32.86
-32.86
-32.86
-32.86
-32.86
-32.86
-32.86
-32.86
-32.86
-32.86
-32.86
-32.86
-32.86
-32.86
-32.86
-32.86
-32.86
-32.86
-32.86
-32.86
-32.86
-32.86
-32.86
-32.86
-32.86
-32.86
-32.86
-32.86
-32.86
-32.86
-32.86
-32.86
-32.86
-32.86
-32.86
-32.86
-32.86
-32.86
-32.86
-32.86
-32.86
-32.86
-32.86
-32.86
-32.86
-32.86
-32.86
-32.86
-32.86
-32.86
-32.86
-32.86
-32.86
-32.86
-32.86
-32.86
-32.86
-32.86
-32.86
-32.86
-32.86
-32.86
-32.86
-32.86
-32.86
-32.86
-32.86
-32.86
-32.86
-32.86
-32.86
-32.86
-32.86
-32.86
-32.86
-32.86
-32.86
-32.86
-32.86
-32.86
-32.86
-32.86
-32.86
-32.86
-32.86
-32.86
-32.86
-32.86
-32.86
-32.86
-32.86
-32.86
-32.86
-32.86
-32.86
-32.86
-32.86
-32.86
-32.86
-32.86
-32.86
-32.86
-32.86
-32.86
-32.86
-32.86
-32.86
-32.86
-32.86
-32.86
-32.86
-32.86
-32.86
-32.86
-32.86
-32.86
-32.86
-32.86
-32.86
-32.86
-32.86
-32.86
-32.86
-32.86
-32.86
-32.86
-32.86
-32.86
-32.86
-32.86
-32.86
-32.86
-32.86
-32.86
-32.86
-32.86
-32.86
-32.86
-32.86
-32.86
-32.86
-32.86
-32.86
-32.86
-32.86
-32.86
-32.86
-32.86
-32.86
-32.86
-32.86
-32.86
-32.86
-32.86
-32.86
-32.86
-32.86
-32.86
-32.86
-32.86
-32.86
-32.86
-32.86
-32.86
-32.86
-32.86
-32.86
-32.86
-32.86
-32.86
-32.86
-32.86
-32.86
-32.86
-32.86
-32.86
-32.86
-32.86
-32.86
-32.86
-32.86
-32.86
-32.86
-32.86
-32.86
-32.86
-32.86
-32.86
-32.86
-32.86
-32.86
-32.86
-32.86
-32.86
-32.86
-32.86
-32.86
-32.86
-32.86
-32.86
-32.86
-32.86
-32.86
-32.86
-32.86
-32.86
-32.86
-32.86
-32.86
-32.86
-32.86
-32.86
-32.86
-32.86
-32.86
-32.86
-32.86
-32.86
-32.86
-32.86
-32.86
-32.86
-32.86
-32.86
-32.86
-32.86
-32.86
-32.86
-32.86
-32.86
-32.86
-32.86
-32.86
-32.86
-32.86
-32.86
-32.86
-32.86
-32.86
-32.86
-32.86
-32.86
-32.86
-32.86
-32.86
-32.86
-32.86
-32.86
-32.86
-32.86
-32.86
-32.86
-32.86
-32.86
-32.86
-32.86
-32.86
-32.86
-32.86
-32.86
-32.86
-32.86
-32.86
-32.86
-32.86
-32.86
-32.86
-32.86
-32.86
-32.86
-32.86
-32.86
-32.86
-32.86
-32.86
-32.86
-32.86
-32.86
-32.86
-32.86
-32.86
-32.86
-32.86
-32.86
-32.86
-32.86
-32.86
-32.86
-32.86
-32.86
-32.86
-32.86
-32.86
-32.86
-32.86
-32.86
-32.86
-32.86
-32.86
-32.86
-32.86
-32.86
-32.86
-32.86
-32.86
-32.86
-32.86
-32.86
-32.86
-32.86
-32.86
-32.86
-32.86
-32.86
-32.86
-32.86
-32.86
-32.86
-32.86
-32.86
-32.86
-32.86
-32.86
-32.86
-32.86
-32.86
-32.86
-32.86
-32.86
-32.86
-32.86
-32.86
-32.86
-32.86
-32.86
-32.86
-32.86
-32.86
-32.86
-32.86
-32.86
-32.86
-32.86
-32.86
-32.86
-32.86
-32.86
-32.86
-32.86
-32.86
-32.86
-32.86
-32.86
-32.86
-32.86
-32.86
-32.86
-32.86
-32.86
-32.86
-32.86
-32.86
-32.86
-32.86
-32.86
-32.86
-32.86
-32.86
-32.86
-32.86
-32.86
-32.86
-32.86
-32.86
-32.86
-32.86
-32.86
-32.86
-32.86
-32.86
-32.86
-32.86
-32.86
-32.86
-32.86
-32.86
-32.86
-32.86
-32.86
-32.86
-32.86
-32.86
-32.86
-32.86
-32.86
-32.86
-32.86
-32.86
-32.86
-32.86
-32.86
-32.86
-32.86
-32.86
-32.86
-32.86
-32.86
-32.86
-32.86
-32.86
-32.86
-32.86
-32.86
-32.86
-32.86
-32.86
-32.86
-32.86
-32.86
-32.86
-32.86
-32.86
-32.86
-32.86
-32.86
-32.86
-32.86
-32.86
-32.86
-32.86
-32.86
-32.86
-32.86
-32.86
-32.86
-32.86
-32.86
-32.86
-32.86
-32.86
-32.86
-32.86
-32.86
-32.86
-32.86
-32.86
-32.86
-32.86
-32.86
-32.86
-32.86
-32.86
-32.86
-32.86
-32.86
-32.86
-32.86
-32.86
-32.86
-32.86
-32.86
-32.86
-32.86
-32.86
-32.86
-32.86
-32.86
-32.86
-32.86
-32.86
-32.86
-32.86
-32.86
-32.86
-32.86
-32.86
-32.86
-32.86
-32.86
-32.86
-32.86
-32.86
-32.86
-32.86
-32.86
-32.86
-32.86
-32.86
-32.86
-32.86
-32.86
-32.86
-32.86
-32.86
-32.86
-32.86
-32.86
-32.86
-32.86
-32.86
-32.86
-32.86
-32.86
-32.86
-32.86
-32.86
-32.86
-32.86
-32.86
-32.86
-32.86
-32.86
-32.86
-32.86
-32.86
-32.86
-32.86
-32.86
-32.86
-32.86
-32.86
-32.86
-32.86
-32.86
-32.86
-32.86
-32.86
-32.86
-32.86
-32.86
-32.86
-32.86
-32.86
-32.86
-32.86
-32.86
-32.86
-32.86
-32.86
-32.86
-32.86
-32.86
-32.86
-32.86
-32.86
-32.86
-32.86
-32.86
-32.86
-32.86
-32.86
-32.86
-32.86
-32.86
-32.86
-32.86
-32.86
-32.86
-32.86
-32.86
-32.86
-32.86
-32.86
-32.86
-32.86
-32.86
-32.86
-32.86
-32.86
-32.86
-32.86
-32.86
-32.86
-32.86
-32.86
-32.86
-32.86
-32.86
-32.86
-32.86
-32.86
-32.86
-32.86
-32.86
-32.86
-32.86
-32.86
-32.86
-32.86
-32.86
-32.86
-32.86
-32.86
-32.86
-32.86
-32.86
-32.86
-32.86
-32.86
-32.86
-32.86
-32.86
-32.86
-32.86
-32.86
-32.86
-32.86
-32.86
-32.86
-32.86
-32.86
-32.86
-32.86
-32.86
-32.86
-32.86
-32.86
-32.86
-32.86
-32.86
-32.86
-32.86
-32.86
-32.86
-32.86
-32.86
-32.86
-32.86
-32.86
-32.86
-32.86
-32.86
-32.86
-32.86
-32.86
-32.86
-32.86
-32.86
-32.86
-32.86
-32.86
-32.86
-32.86
-32.86
-32.86
-32.86
-32.86
-32.86
-32.86
-32.86
-32.86
-32.86
-32.86
-32.86
-32.86
-32.86
-32.86
-32.86
-32.86
-32.86
-32.86
-32.86
-32.86
-32.86
-32.86
-32.86
-32.86
-32.86
-32.86
-32.86
-32.86
-32.86
-32.86
-32.86
-32.86
-32.86
-32.86
-32.86
-32.86
-32.86
-32.86
-32.86
-32.86
-32.86
-32.86
-32.86
-32.86
-32.86
-32.86
-32.86
-32.86
-32.86
-32.86
-32.86
-32.86
-32.86
-32.86
-32.86
-32.86
-32.86
-32.86
-32.86
-32.86
-32.86
-32.86
-32.86
-32.86
-32.86
-32.86
-32.86
-32.86
-32.86
-32.86
-32.86
-32.86
-32.86
-32.86
-32.86
-32.86
-32.86
-32.86
-32.86
-32.86
-32.86
-32.86
-32.86
-32.86
-32.86
-32.86
-32.86
-32.86
-32.86
-32.86
-32.86
-32.86
-32.86
-32.86
-32.86
-32.86
-32.86
-32.86
-32.86
-32.86
-32.86
-32.86
-32.86
-32.86
-32.86
-32.86
-32.86
-32.86
-32.86
-32.86
-32.86
-32.86
-32.86
-32.86
-32.86
-32.86
-32.86
-32.86
-32.86
-32.86
-32.86
-32.86
-32.86
-32.86
-32.86
-32.86
-32.86
-32.86
-32.86
-32.86
-32.86
-32.86
-32.86
-32.86
-32.86
-32.86
-32.86
-32.86
-32.86
-32.86
-32.86
-32.86
-32.86
-32.86
-32.86
-32.86
-32.86
-32.86
-32.86
-32.86
-32.86
-32.86
-32.86
-32.86
-32.86
-32.86
-32.86
-32.86
-32.86
-32.86
-32.86
-32.86
-32.86
-32.86
-32.86
-32.86
-32.86
-32.86
-32.86
-32.86
-32.86
-32.86
-32.86
-32.86
-32.86
-32.86
-32.86
-32.86
-32.86
-32.86
-32.86
-32.86
-32.86
-32.86
-32.86
-32.86
-32.86
-32.86
-32.86
-32.86
-32.86
-32.86
-32.86
-32.86
-32.86
-32.86
-32.86
-32.86
-32.86
-32.86
-32.86
-32.86
-32.86
-32.86
-32.86
-32.86
-32.86
-32.86
-32.86
-32.86
-32.86
-32.86
-32.86
-32.86
-32.86
-32.86
-32.86
