40602
83.52184875
84.78541569999999
86.0946614857143
87.28346527142855
88.5517162142857
89.66448007142856
90.88635929999998
92.02604764999998
93.21123974999998
94.3816237642857
95.47942285714285
96.60519327857142
97.68163650714285
98.7725875142857
99.80568501428571
100.843405
101.8388957857143
102.85213492857143
103.83864042857144
104.81148907142855
105.72923785714286
106.63031664285712
107.4956165
108.38153971428571
109.21654235714284
110.05468571428571
110.83745992857142
111.60931321428572
112.38313099999999
113.14439099999998
113.87924000000001
114.59918521428571
115.31050164285713
116.01342007142857
116.71167278571428
117.40985892857144
118.10983949999999
118.81529478571429
119.53246285714286
120.25385085714285
120.99507892857142
121.74746478571427
122.51847642857142
123.307533
124.12832978571427
124.97425321428572
125.8340102142857
126.75292557142856
127.68164499999999
128.6506805
129.66226249999997
130.69693828571428
131.76724171428572
132.89641057142853
134.07236671428572
135.28023464285712
136.52754235714283
137.8357085
139.2094086428571
140.63047207142856
142.06266214285714
143.58194714285713
145.23038135714285
146.81976878571427
148.32512149999997
149.8449214285714
151.35843014285715
152.67889257142855
153.9278024285714
155.1767122857143
156.35820499999997
157.364198
158.31960921428572
159.2722677857143
160.09947985714282
160.75392142857143
161.39890928571427
162.04110828571427
162.44493599999998
162.75753014285715
163.07012285714285
163.3018182857143
163.30543728571428
163.25666735714287
163.20817242857146
162.97906
162.549475
162.10515
161.63017250000001
160.90135135714286
160.031595
159.1614507857143
158.3006855
157.24260314285715
156.13802185714286
155.10424464285714
154.13005657142858
153.25388471428573
152.39289635714286
151.4905435
150.64380892857147
83.52184875
84.78541569999999
86.0946614857143
87.28346527142855
88.5517162142857
89.66448007142856
90.88635929999998
92.02604764999998
93.21123974999998
94.3816237642857
95.47942285714285
96.60519327857142
97.68163650714285
98.7725875142857
99.80568501428571
100.843405
101.8388957857143
102.85213492857143
103.83864042857144
104.81148907142855
105.72923785714286
106.63031664285712
107.4956165
108.38153971428571
109.21654235714284
110.05468571428571
110.83745992857142
111.60931321428572
112.38313099999999
113.14439099999998
113.87924000000001
114.59918521428571
115.31050164285713
116.01342007142857
116.71167278571428
117.40985892857144
118.10983949999999
118.81529478571429
119.53246285714286
120.25385085714285
120.99507892857142
121.74746478571427
122.51847642857142
123.307533
124.12832978571427
124.97425321428572
125.8340102142857
126.75292557142856
127.68164499999999
128.6506805
129.66226249999997
130.69693828571428
131.76724171428572
132.89641057142853
134.07236671428572
135.28023464285712
136.52754235714283
137.8357085
139.2094086428571
140.63047207142856
142.06266214285714
143.58194714285713
145.23038135714285
146.81976878571427
148.32512149999997
149.8449214285714
151.35843014285715
152.67889257142855
153.9278024285714
155.1767122857143
156.35820499999997
157.364198
158.31960921428572
159.2722677857143
160.09947985714282
160.75392142857143
161.39890928571427
162.04110828571427
162.44493599999998
162.75753014285715
163.07012285714285
163.3018182857143
163.30543728571428
163.25666735714287
163.20817242857146
162.97906
162.549475
162.10515
161.63017250000001
160.90135135714286
160.031595
159.1614507857143
158.3006855
157.24260314285715
156.13802185714286
155.10424464285714
154.13005657142858
153.25388471428573
152.39289635714286
151.4905435
150.64380892857147
84.86766468571427
86.06339509999998
87.26951688571427
88.43962964821426
89.59709297499998
90.71039113035712
91.8349843142857
92.94233433035713
94.04906728749998
95.12785821071428
96.20420609821427
97.25184793214284
98.29645058035713
99.27705606428569
100.29987715357143
101.26820000000001
102.27582558928572
103.24311241071428
104.17745644642856
105.08208141071427
105.97403101785713
106.84498055357142
107.721714875
108.56150794642858
109.38962737499999
110.18761237499999
110.95335716071426
111.72077916071427
112.49144901785715
113.228950875
113.95127366071428
114.66312694642855
115.36891064285712
116.07205516071429
116.77070873214285
117.46736301785714
118.166549875
118.87093858928573
119.58678535714286
120.30895291071428
121.04522055357141
121.79640598214284
122.56581685714285
123.35316537499997
124.17046607142858
125.00686257142857
125.86285694642856
126.76039366071427
127.68511149999998
128.62785444642856
129.63101524999996
130.63621426785716
131.69711617857143
132.81544285714284
133.92887360714283
135.10472451785714
136.34017982142853
137.615446375
138.90870687499998
140.24262532142856
141.66176939285714
143.1340194107143
144.58645692857144
146.08659698214282
147.49916349999998
148.98898958928572
150.29679694642857
151.57404037499998
152.84321817857142
154.0252918392857
155.06293898214284
156.09939212499998
157.0760678392857
157.90314244642857
158.6681947321428
159.4174852857143
160.05365696428572
160.52484810714287
160.99603925
161.39234455357143
161.62833223214287
161.78233080357143
161.93632794642858
161.91757855357145
161.74824560714288
161.56265075000002
161.31427325
160.84384937500002
160.30739741071432
159.76952196428576
159.021413375
158.22951060714288
157.434022125
156.48757326785716
155.550858125
154.62649878571432
153.73396333928574
152.8518108392857
152.00994110714285
151.20044475
150.468863
84.86766468571427
86.06339509999998
87.26951688571427
88.43962964821426
89.59709297499998
90.71039113035712
91.8349843142857
92.94233433035713
94.04906728749998
95.12785821071428
96.20420609821427
97.25184793214284
98.29645058035713
99.27705606428569
100.29987715357143
101.26820000000001
102.27582558928572
103.24311241071428
104.17745644642856
105.08208141071427
105.97403101785713
106.84498055357142
107.721714875
108.56150794642858
109.38962737499999
110.18761237499999
110.95335716071426
111.72077916071427
112.49144901785715
113.228950875
113.95127366071428
114.66312694642855
115.36891064285712
116.07205516071429
116.77070873214285
117.46736301785714
118.166549875
118.87093858928573
119.58678535714286
120.30895291071428
121.04522055357141
121.79640598214284
122.56581685714285
123.35316537499997
124.17046607142858
125.00686257142857
125.86285694642856
126.76039366071427
127.68511149999998
128.62785444642856
129.63101524999996
130.63621426785716
131.69711617857143
132.81544285714284
133.92887360714283
135.10472451785714
136.34017982142853
137.615446375
138.90870687499998
140.24262532142856
141.66176939285714
143.1340194107143
144.58645692857144
146.08659698214282
147.49916349999998
148.98898958928572
150.29679694642857
151.57404037499998
152.84321817857142
154.0252918392857
155.06293898214284
156.09939212499998
157.0760678392857
157.90314244642857
158.6681947321428
159.4174852857143
160.05365696428572
160.52484810714287
160.99603925
161.39234455357143
161.62833223214287
161.78233080357143
161.93632794642858
161.91757855357145
161.74824560714288
161.56265075000002
161.31427325
160.84384937500002
160.30739741071432
159.76952196428576
159.021413375
158.22951060714288
157.434022125
156.48757326785716
155.550858125
154.62649878571432
153.73396333928574
152.8518108392857
152.00994110714285
151.20044475
150.468863
86.31182402857141
87.45590579999998
88.5563773142857
89.62679753571427
90.73443371785712
91.73614734285712
92.82185845714284
93.85589580714284
94.88495742499998
95.93614132499998
96.92291330357142
97.91797568214284
98.93307793928571
99.85623228571427
100.8057822142857
101.7912635
102.72673728571428
103.61355249999998
104.51368624999998
105.3847237142857
106.25788257142855
107.12283982142857
107.96138074999999
108.76061532142856
109.5608164642857
110.31981082142856
111.10962099999999
111.85758124999998
112.60625089285712
113.3276265
114.04235671428572
114.74936646428571
115.44822942857142
116.14203875
116.834901
117.52876539285715
118.22505325
118.9277172142857
119.63865785714286
120.36236903571428
121.0900254642857
121.83872242857143
122.60533164285712
123.383336
124.19411603571429
125.0207044642857
125.86915489285713
126.75975157142858
127.664605
128.60327974999998
129.57505549999996
130.57819482142855
131.6082310357143
132.6714774642857
133.78154450000002
134.93518949999998
136.12131746428568
137.32396500000002
138.57957925
139.91195407142857
141.22823814285715
142.59155732142858
143.99206560714288
145.3352317142857
146.72855425
148.03540925000001
149.3027535
150.58052949999998
151.76591310714286
152.84004353571427
153.87715739285716
154.91447025000002
155.80048607142857
156.59546907142857
157.36152135714286
158.08101071428572
158.67424210714285
159.15103335714286
159.62222450000002
160.002665
160.2440620357143
160.39786628571431
160.5400370357143
160.5754981071429
160.41907014285715
160.23327200000003
160.00989425
159.66230985714287
159.12498842857144
158.58719671428577
158.0633340714286
157.35027639285718
156.56195675000004
155.65134739285716
154.87232739285716
154.09235660714285
153.28827114285718
152.44909921428572
151.66625964285714
150.91034050000002
150.18060042857144
86.31182402857141
87.45590579999998
88.5563773142857
89.62679753571427
90.73443371785712
91.73614734285712
92.82185845714284
93.85589580714284
94.88495742499998
95.93614132499998
96.92291330357142
97.91797568214284
98.93307793928571
99.85623228571427
100.8057822142857
101.7912635
102.72673728571428
103.61355249999998
104.51368624999998
105.3847237142857
106.25788257142855
107.12283982142857
107.96138074999999
108.76061532142856
109.5608164642857
110.31981082142856
111.10962099999999
111.85758124999998
112.60625089285712
113.3276265
114.04235671428572
114.74936646428571
115.44822942857142
116.14203875
116.834901
117.52876539285715
118.22505325
118.9277172142857
119.63865785714286
120.36236903571428
121.0900254642857
121.83872242857143
122.60533164285712
123.383336
124.19411603571429
125.0207044642857
125.86915489285713
126.75975157142858
127.664605
128.60327974999998
129.57505549999996
130.57819482142855
131.6082310357143
132.6714774642857
133.78154450000002
134.93518949999998
136.12131746428568
137.32396500000002
138.57957925
139.91195407142857
141.22823814285715
142.59155732142858
143.99206560714288
145.3352317142857
146.72855425
148.03540925000001
149.3027535
150.58052949999998
151.76591310714286
152.84004353571427
153.87715739285716
154.91447025000002
155.80048607142857
156.59546907142857
157.36152135714286
158.08101071428572
158.67424210714285
159.15103335714286
159.62222450000002
160.002665
160.2440620357143
160.39786628571431
160.5400370357143
160.5754981071429
160.41907014285715
160.23327200000003
160.00989425
159.66230985714287
159.12498842857144
158.58719671428577
158.0633340714286
157.35027639285718
156.56195675000004
155.65134739285716
154.87232739285716
154.09235660714285
153.28827114285718
152.44909921428572
151.66625964285714
150.91034050000002
150.18060042857144
87.81164532857142
88.83487349999999
89.90702739999999
90.86359898214285
91.91975071964285
92.82653315714285
93.82980906607142
94.77078145714285
95.77564727499998
96.74545496964286
97.67293554642856
98.63868242857143
99.5792077267857
100.48365426785713
101.4083912142857
102.28629975
103.14608992857143
104.03109437499998
104.87853307142858
105.74694083928571
106.59353219642855
107.39714382142857
108.188441375
108.97627235714285
109.74058471428572
110.52028682142856
111.27267267857141
112.00874210714284
112.73211235714284
113.44282425
114.14140564285714
114.83584685714284
115.52902199999998
116.21813810714283
116.90618764285715
117.59617132142857
118.288093375
118.98367696428573
119.68979587500002
120.41084551785714
121.133495625
121.87875119642857
122.63719823214284
123.41205712499999
124.21023216071428
125.02920896428571
125.86252401785714
126.74182807142856
127.63094626785713
128.549176
129.513290625
130.47611466071427
131.48727914285715
132.5442577142857
133.62157269642856
134.72401105357142
135.85991453571427
137.04978749999998
138.27351455357143
139.49515982142856
140.7805937857143
142.0729180535714
143.36152648214286
144.65911792857145
145.923225125
147.20870578571427
148.41950926785717
149.58741114285715
150.66659085714286
151.74577057142858
152.79421439285713
153.6803165
154.53476607142858
155.38662649999998
156.12865276785712
156.72704148214285
157.32556476785714
157.90055798214286
158.27573
158.595655625
158.91511657142857
159.13490169642859
159.1637629107143
159.18656248214288
159.1999372857143
159.00129150000004
158.718166875
158.434438875
158.08448683928574
157.59362476785716
157.09133217857146
156.39854903571432
155.75141812500001
155.0272850714286
154.27102369642856
153.49233421428573
152.71417701785714
152.02523983928572
151.34218826785713
150.62013087500003
149.88956555357146
87.81164532857142
88.83487349999999
89.90702739999999
90.86359898214285
91.91975071964285
92.82653315714285
93.82980906607142
94.77078145714285
95.77564727499998
96.74545496964286
97.67293554642856
98.63868242857143
99.5792077267857
100.48365426785713
101.4083912142857
102.28629975
103.14608992857143
104.03109437499998
104.87853307142858
105.74694083928571
106.59353219642855
107.39714382142857
108.188441375
108.97627235714285
109.74058471428572
110.52028682142856
111.27267267857141
112.00874210714284
112.73211235714284
113.44282425
114.14140564285714
114.83584685714284
115.52902199999998
116.21813810714283
116.90618764285715
117.59617132142857
118.288093375
118.98367696428573
119.68979587500002
120.41084551785714
121.133495625
121.87875119642857
122.63719823214284
123.41205712499999
124.21023216071428
125.02920896428571
125.86252401785714
126.74182807142856
127.63094626785713
128.549176
129.513290625
130.47611466071427
131.48727914285715
132.5442577142857
133.62157269642856
134.72401105357142
135.85991453571427
137.04978749999998
138.27351455357143
139.49515982142856
140.7805937857143
142.0729180535714
143.36152648214286
144.65911792857145
145.923225125
147.20870578571427
148.41950926785717
149.58741114285715
150.66659085714286
151.74577057142858
152.79421439285713
153.6803165
154.53476607142858
155.38662649999998
156.12865276785712
156.72704148214285
157.32556476785714
157.90055798214286
158.27573
158.595655625
158.91511657142857
159.13490169642859
159.1637629107143
159.18656248214288
159.1999372857143
159.00129150000004
158.718166875
158.434438875
158.08448683928574
157.59362476785716
157.09133217857146
156.39854903571432
155.75141812500001
155.0272850714286
154.27102369642856
153.49233421428573
152.71417701785714
152.02523983928572
151.34218826785713
150.62013087500003
149.88956555357146
89.24444994285713
90.2023263
91.16336068571428
92.09828664285713
93.03700322857142
93.94361205714286
94.86152680000001
95.77399318571429
96.67929319999999
97.5801697
98.4729441142857
99.34627818571428
100.24261685714285
101.1029037142857
101.94166914285714
102.768855
103.63314399999999
104.46271385714286
105.31503657142855
106.12014814285715
106.89287428571429
107.68040828571428
108.451824
109.21653857142859
109.98449028571427
110.72485528571428
111.45152114285713
112.16649757142855
112.86762885714285
113.563753
114.25502971428571
114.93934828571427
115.62207285714285
116.3045727142857
116.98218971428571
117.66392885714286
118.35036
119.04105885714286
119.74080971428572
120.45455171428571
121.17198285714286
121.91184342857142
122.66182457142857
123.42613799999998
124.22012657142857
125.02335142857142
125.85291142857142
126.70989271428571
127.58974599999998
128.48572885714282
129.42833199999998
130.37591328571426
131.37268114285712
132.38704214285713
133.42115314285715
134.49762914285714
135.62719371428568
136.746012
137.91085028571428
139.11849028571427
140.30558857142856
141.53962228571427
142.7752057142857
143.97700914285716
145.21401799999998
146.3676407142857
147.57013942857145
148.6405821428571
149.71453885714286
150.77510185714283
151.69620742857143
152.587342
153.44204828571426
154.22725457142857
154.9231137142857
155.5496697142857
156.14752514285712
156.62609914285716
157.061912
157.384978
157.67355828571428
157.86848914285713
157.9762462857143
157.99904585714285
157.96084885714288
157.868721
157.62268400000002
157.34261385714285
157.06715742857142
156.61088385714288
156.1136502857143
155.5216135714286
154.971844
154.3047372857143
153.63185257142857
152.95110042857144
152.26864657142858
151.58612828571427
150.90295314285714
150.233278
149.62498914285715
89.24444994285713
90.2023263
91.16336068571428
92.09828664285713
93.03700322857142
93.94361205714286
94.86152680000001
95.77399318571429
96.67929319999999
97.5801697
98.4729441142857
99.34627818571428
100.24261685714285
101.1029037142857
101.94166914285714
102.768855
103.63314399999999
104.46271385714286
105.31503657142855
106.12014814285715
106.89287428571429
107.68040828571428
108.451824
109.21653857142859
109.98449028571427
110.72485528571428
111.45152114285713
112.16649757142855
112.86762885714285
113.563753
114.25502971428571
114.93934828571427
115.62207285714285
116.3045727142857
116.98218971428571
117.66392885714286
118.35036
119.04105885714286
119.74080971428572
120.45455171428571
121.17198285714286
121.91184342857142
122.66182457142857
123.42613799999998
124.22012657142857
125.02335142857142
125.85291142857142
126.70989271428571
127.58974599999998
128.48572885714282
129.42833199999998
130.37591328571426
131.37268114285712
132.38704214285713
133.42115314285715
134.49762914285714
135.62719371428568
136.746012
137.91085028571428
139.11849028571427
140.30558857142856
141.53962228571427
142.7752057142857
143.97700914285716
145.21401799999998
146.3676407142857
147.57013942857145
148.6405821428571
149.71453885714286
150.77510185714283
151.69620742857143
152.587342
153.44204828571426
154.22725457142857
154.9231137142857
155.5496697142857
156.14752514285712
156.62609914285716
157.061912
157.384978
157.67355828571428
157.86848914285713
157.9762462857143
157.99904585714285
157.96084885714288
157.868721
157.62268400000002
157.34261385714285
157.06715742857142
156.61088385714288
156.1136502857143
155.5216135714286
154.971844
154.3047372857143
153.63185257142857
152.95110042857144
152.26864657142858
151.58612828571427
150.90295314285714
150.233278
149.62498914285715
90.80257605357141
91.69937368749999
92.54633315714284
93.37010806785713
94.25902827321427
95.02888884821428
95.90928216249999
96.73044132857142
97.57541757499999
98.43664709999999
99.24195115178571
100.08471449107142
100.93087980357141
101.72161996428571
102.5482199107143
103.332303125
104.14177689285714
104.94711555357142
105.7164504642857
106.46991176785714
107.24373383928571
107.99370475
108.75480412499999
109.5002974107143
110.21991535714284
110.93813776785711
111.64080523214284
112.33202119642857
113.02079617857142
113.70382437499998
114.38136696428572
115.05400032142856
115.722208625
116.39303526785714
117.06418342857143
117.73821580357144
118.416179875
119.10134651785715
119.79151458928571
120.49443771428571
121.20838044642858
121.93727967857143
122.6802705
123.434501875
124.21630901785713
125.0099661607143
125.82130373214284
126.6744699642857
127.52645374999999
128.4170589285714
129.33048624999998
130.26468935714286
131.22138153571427
132.20533948214282
133.22984869642858
134.28131901785713
135.33671601785713
136.44333162499998
137.55911417857143
138.6885296785714
139.8539225892857
141.00679417857145
142.17738142857144
143.3251311785714
144.48796675
145.61049401785715
146.708779875
147.77031182142855
148.79748376785716
149.71309435714284
150.6215439285714
151.5268145
152.33487016071427
153.03309407142856
153.72821435714286
154.40079928571427
154.91377108928572
155.36683051785715
155.818687375
156.214975125
156.40768392857146
156.59903741071432
156.7899686964286
156.82406496428572
156.74517748214288
156.66664562500003
156.57668864285716
156.33101535714286
156.06226564285714
155.61264053571432
155.22156410714285
154.73182880357146
154.189129125
153.53758592857145
152.97907671428572
152.40336705357146
151.79248957142858
151.14633380357142
150.504868375
149.90081537500004
149.30068151785716
90.80257605357141
91.69937368749999
92.54633315714284
93.37010806785713
94.25902827321427
95.02888884821428
95.90928216249999
96.73044132857142
97.57541757499999
98.43664709999999
99.24195115178571
100.08471449107142
100.93087980357141
101.72161996428571
102.5482199107143
103.332303125
104.14177689285714
104.94711555357142
105.7164504642857
106.46991176785714
107.24373383928571
107.99370475
108.75480412499999
109.5002974107143
110.21991535714284
110.93813776785711
111.64080523214284
112.33202119642857
113.02079617857142
113.70382437499998
114.38136696428572
115.05400032142856
115.722208625
116.39303526785714
117.06418342857143
117.73821580357144
118.416179875
119.10134651785715
119.79151458928571
120.49443771428571
121.20838044642858
121.93727967857143
122.6802705
123.434501875
124.21630901785713
125.0099661607143
125.82130373214284
126.6744699642857
127.52645374999999
128.4170589285714
129.33048624999998
130.26468935714286
131.22138153571427
132.20533948214282
133.22984869642858
134.28131901785713
135.33671601785713
136.44333162499998
137.55911417857143
138.6885296785714
139.8539225892857
141.00679417857145
142.17738142857144
143.3251311785714
144.48796675
145.61049401785715
146.708779875
147.77031182142855
148.79748376785716
149.71309435714284
150.6215439285714
151.5268145
152.33487016071427
153.03309407142856
153.72821435714286
154.40079928571427
154.91377108928572
155.36683051785715
155.818687375
156.214975125
156.40768392857146
156.59903741071432
156.7899686964286
156.82406496428572
156.74517748214288
156.66664562500003
156.57668864285716
156.33101535714286
156.06226564285714
155.61264053571432
155.22156410714285
154.73182880357146
154.189129125
153.53758592857145
152.97907671428572
152.40336705357146
151.79248957142858
151.14633380357142
150.504868375
149.90081537500004
149.30068151785716
92.37424890714286
93.13576509999999
93.94995980357143
94.65749600000001
95.48716105714284
96.18228297499999
96.96167527857143
97.71761895357142
98.52392847499999
99.29385362142858
100.0654200642857
100.85662617857142
101.62588257142856
102.39295689285713
103.16123353571429
103.91568775
104.6538697142857
105.39310992857142
106.11644396428572
106.87707396428571
107.61078910714285
108.3522957142857
109.0714765
109.76787449999999
110.47099907142857
111.15828024999998
111.84214817857143
112.51990249999997
113.18572946428571
113.849812
114.51316867857142
115.17526621428571
115.83189060714284
116.49004864285713
117.15257335714286
117.81606675
118.48332374999998
119.15801792857141
119.84263910714286
120.53663482142858
121.24249024999999
121.96071699999999
122.68980560714284
123.43839724999998
124.20459089285714
124.98761757142856
125.78647049999998
126.61686457142856
127.46235189285713
128.32454374999998
129.2338285
130.12638739285714
131.0626102142857
132.04309182142856
133.01452185714285
134.02541289285713
135.07506753571428
136.10767025
137.1882775
138.2889239285714
139.36914007142855
140.49418664285713
141.60692285714288
142.6924881785714
143.80144399999998
144.84742160714285
145.92329060714283
146.89945792857142
147.90864525
148.80370932142856
149.7101927142857
150.52221649999996
151.28283374999998
152.02066357142857
152.6997273928571
153.26501342857142
153.82057160714285
154.30088314285712
154.69689325
155.02747510714283
155.33894492857144
155.52784724999998
155.63686210714286
155.72459225
155.72801535714285
155.65163975000002
155.57282621428573
155.33094064285714
155.05841042857142
154.71589192857144
154.37311185714285
153.89755914285715
153.43164075
152.92817960714285
152.3879557142857
151.81478967857143
151.2148906785714
150.68623832142856
150.14432417857142
149.57381875000002
148.97345314285715
92.37424890714286
93.13576509999999
93.94995980357143
94.65749600000001
95.48716105714284
96.18228297499999
96.96167527857143
97.71761895357142
98.52392847499999
99.29385362142858
100.0654200642857
100.85662617857142
101.62588257142856
102.39295689285713
103.16123353571429
103.91568775
104.6538697142857
105.39310992857142
106.11644396428572
106.87707396428571
107.61078910714285
108.3522957142857
109.0714765
109.76787449999999
110.47099907142857
111.15828024999998
111.84214817857143
112.51990249999997
113.18572946428571
113.849812
114.51316867857142
115.17526621428571
115.83189060714284
116.49004864285713
117.15257335714286
117.81606675
118.48332374999998
119.15801792857141
119.84263910714286
120.53663482142858
121.24249024999999
121.96071699999999
122.68980560714284
123.43839724999998
124.20459089285714
124.98761757142856
125.78647049999998
126.61686457142856
127.46235189285713
128.32454374999998
129.2338285
130.12638739285714
131.0626102142857
132.04309182142856
133.01452185714285
134.02541289285713
135.07506753571428
136.10767025
137.1882775
138.2889239285714
139.36914007142855
140.49418664285713
141.60692285714288
142.6924881785714
143.80144399999998
144.84742160714285
145.92329060714283
146.89945792857142
147.90864525
148.80370932142856
149.7101927142857
150.52221649999996
151.28283374999998
152.02066357142857
152.6997273928571
153.26501342857142
153.82057160714285
154.30088314285712
154.69689325
155.02747510714283
155.33894492857144
155.52784724999998
155.63686210714286
155.72459225
155.72801535714285
155.65163975000002
155.57282621428573
155.33094064285714
155.05841042857142
154.71589192857144
154.37311185714285
153.89755914285715
153.43164075
152.92817960714285
152.3879557142857
151.81478967857143
151.2148906785714
150.68623832142856
150.14432417857142
149.57381875000002
148.97345314285715
93.89094382857141
94.58121074999998
95.26671849464284
95.951199625
96.65402336964284
97.34345713571426
98.04067938571427
98.75743186964286
99.46428441249999
100.18673531964285
100.89817416071428
101.60685323214284
102.34475789285713
103.04521353571427
103.7535072142857
104.48588475
105.158260125
105.86834967857143
106.59233308928572
107.30809882142856
108.00828253571427
108.70074880357143
109.38129825
110.06039201785714
110.72745599999999
111.39373016071428
112.05722383928571
112.70768787499999
113.35959701785713
114.009041875
114.65570957142859
115.30190417857142
115.94547657142857
116.59136430357142
117.24116233928571
117.89735342857142
118.554217375
119.21939242857144
119.89381064285715
120.576629
121.27189446428571
121.97670716071428
122.69981773214283
123.43643637499997
124.18761351785713
124.95475341071429
125.74548767857141
126.55393182142856
127.37857848214283
128.22998674999997
129.10541337499998
129.99612923214283
130.91101214285715
131.83838894642855
132.80130023214284
133.77485099999998
134.76481151785714
135.79378937500002
136.81716141071428
137.86008837499998
138.92240408928572
139.96994932142857
141.03591198214286
142.06648580357142
143.123984625
144.13558591071427
145.14098476785713
146.1004710357143
147.04036814285715
147.92115160714286
148.76048519642856
149.51969375
150.2806794642857
151.0150720714286
151.6245429642857
152.18033253571429
152.7354304107143
153.22569973214289
153.5813245
153.90965164285717
154.2295641607143
154.43360750000002
154.5399875
154.62861119642858
154.7102109107143
154.65389725000003
154.57447526785714
154.3488243214286
154.1596081607143
153.86165464285716
153.52439975000004
153.10725589285715
152.72842475
152.25351676785715
151.76663964285711
151.2650954107143
150.75078912499998
150.236081125
149.69554542857142
149.15849900000003
148.67233330357146
93.89094382857141
94.58121074999998
95.26671849464284
95.951199625
96.65402336964284
97.34345713571426
98.04067938571427
98.75743186964286
99.46428441249999
100.18673531964285
100.89817416071428
101.60685323214284
102.34475789285713
103.04521353571427
103.7535072142857
104.48588475
105.158260125
105.86834967857143
106.59233308928572
107.30809882142856
108.00828253571427
108.70074880357143
109.38129825
110.06039201785714
110.72745599999999
111.39373016071428
112.05722383928571
112.70768787499999
113.35959701785713
114.009041875
114.65570957142859
115.30190417857142
115.94547657142857
116.59136430357142
117.24116233928571
117.89735342857142
118.554217375
119.21939242857144
119.89381064285715
120.576629
121.27189446428571
121.97670716071428
122.69981773214283
123.43643637499997
124.18761351785713
124.95475341071429
125.74548767857141
126.55393182142856
127.37857848214283
128.22998674999997
129.10541337499998
129.99612923214283
130.91101214285715
131.83838894642855
132.80130023214284
133.77485099999998
134.76481151785714
135.79378937500002
136.81716141071428
137.86008837499998
138.92240408928572
139.96994932142857
141.03591198214286
142.06648580357142
143.123984625
144.13558591071427
145.14098476785713
146.1004710357143
147.04036814285715
147.92115160714286
148.76048519642856
149.51969375
150.2806794642857
151.0150720714286
151.6245429642857
152.18033253571429
152.7354304107143
153.22569973214289
153.5813245
153.90965164285717
154.2295641607143
154.43360750000002
154.5399875
154.62861119642858
154.7102109107143
154.65389725000003
154.57447526785714
154.3488243214286
154.1596081607143
153.86165464285716
153.52439975000004
153.10725589285715
152.72842475
152.25351676785715
151.76663964285711
151.2650954107143
150.75078912499998
150.236081125
149.69554542857142
149.15849900000003
148.67233330357146
95.4813593785714
96.11162619999998
96.68858955714283
97.26344250714283
97.92405573571426
98.4621265785714
99.12097500714285
99.73454999285711
100.40056799999998
101.06803092857142
101.70459528571428
102.38799135714285
103.06306014285713
103.70832864285713
104.39619785714284
105.061414
105.71875699999998
106.39674
107.07274728571426
107.73724828571429
108.40117807142856
109.04877842857141
109.7096395
110.35455292857142
111.00016735714284
111.64289599999998
112.27496978571428
112.91401778571426
113.54521078571427
114.17493399999998
114.80380192857143
115.43494492857143
116.06753499999999
116.70075764285714
117.33674642857142
117.97874942857142
118.62546199999998
119.27646642857144
119.94146564285715
120.61379157142856
121.29628592857141
121.99405035714284
122.70309507142855
123.423339
124.16379142857141
124.92028742857143
125.69275642857141
126.48167742857142
127.29498249999997
128.12507642857142
128.9756885
129.84232778571425
130.7289377142857
131.64789357142857
132.55942571428568
133.5102997857143
134.48411064285713
135.44452049999998
136.4464582857143
137.45318907142854
138.45074549999998
139.4739287857143
140.4791872142857
141.47547378571426
142.47476699999999
143.4364865
144.40522049999998
145.3079084285714
146.2169874285714
147.04924535714287
147.87606735714286
148.630226
149.35452871428572
149.9856217857143
150.61559757142857
151.2188422857143
151.6956587142857
152.13138385714285
152.566866
152.90869714285714
153.14173185714287
153.36718078571428
153.57334485714287
153.65987814285714
153.74114350000002
153.681163
153.58888807142858
153.45101814285715
153.2879717857143
152.99383564285716
152.72456585714286
152.39655771428573
152.02149100000003
151.54991914285714
151.1478905714286
150.73134864285717
150.2692885
149.78592392857144
149.27664764285714
148.804339
148.32894392857145
95.4813593785714
96.11162619999998
96.68858955714283
97.26344250714283
97.92405573571426
98.4621265785714
99.12097500714285
99.73454999285711
100.40056799999998
101.06803092857142
101.70459528571428
102.38799135714285
103.06306014285713
103.70832864285713
104.39619785714284
105.061414
105.71875699999998
106.39674
107.07274728571426
107.73724828571429
108.40117807142856
109.04877842857141
109.7096395
110.35455292857142
111.00016735714284
111.64289599999998
112.27496978571428
112.91401778571426
113.54521078571427
114.17493399999998
114.80380192857143
115.43494492857143
116.06753499999999
116.70075764285714
117.33674642857142
117.97874942857142
118.62546199999998
119.27646642857144
119.94146564285715
120.61379157142856
121.29628592857141
121.99405035714284
122.70309507142855
123.423339
124.16379142857141
124.92028742857143
125.69275642857141
126.48167742857142
127.29498249999997
128.12507642857142
128.9756885
129.84232778571425
130.7289377142857
131.64789357142857
132.55942571428568
133.5102997857143
134.48411064285713
135.44452049999998
136.4464582857143
137.45318907142854
138.45074549999998
139.4739287857143
140.4791872142857
141.47547378571426
142.47476699999999
143.4364865
144.40522049999998
145.3079084285714
146.2169874285714
147.04924535714287
147.87606735714286
148.630226
149.35452871428572
149.9856217857143
150.61559757142857
151.2188422857143
151.6956587142857
152.13138385714285
152.566866
152.90869714285714
153.14173185714287
153.36718078571428
153.57334485714287
153.65987814285714
153.74114350000002
153.681163
153.58888807142858
153.45101814285715
153.2879717857143
152.99383564285716
152.72456585714286
152.39655771428573
152.02149100000003
151.54991914285714
151.1478905714286
150.73134864285717
150.2692885
149.78592392857144
149.27664764285714
148.804339
148.32894392857145
97.06740039464285
97.56284604999999
98.11483071785715
98.56771097678569
99.15865571071427
99.63588104464284
100.18910324285713
100.76460533928571
101.374681875
101.95590603571426
102.56692349999997
103.18723323214286
103.79625874999999
104.41966314285713
105.04061941071429
105.66935587500001
106.2910973392857
106.90906828571428
107.54599182142857
108.17100219642856
108.79094042857142
109.42247726785713
110.03781112499999
110.66466269642856
111.28246225
111.89571141071427
112.51550098214287
113.12093741071428
113.73819685714285
114.350082875
114.96196358928572
115.57544660714285
116.19038441071427
116.81079208928571
117.43412483928572
118.06120067857144
118.6973435
119.33941801785716
119.99009025000001
120.65062617857143
121.32103528571429
122.00576848214286
122.69885207142856
123.4103725
124.1361207857143
124.87599905357143
125.62940703571428
126.40720007142856
127.19922198214283
128.0069533392857
128.834903375
129.68699532142858
130.5480080535714
131.42616901785715
132.333350875
133.24005532142854
134.1697579285714
135.12280837499998
136.06244910714284
137.03363382142857
138.00548639285714
138.96326730357143
139.93979864285714
140.87638951785712
141.8501375
142.76380198214287
143.6872443392857
144.5621652142857
145.414994875
146.23711016071428
147.0043964464286
147.76284887499997
148.43409133928571
149.0651493392857
149.69322916071428
150.23853851785714
150.72298423214286
151.16032423214287
151.57802650000002
151.9059971607143
152.16655798214288
152.3915505357143
152.6078127857143
152.70142075
152.77194437500003
152.73675725
152.71454182142858
152.582198625
152.41962753571428
152.193569125
151.97295157142855
151.65240682142857
151.33289225000001
150.9732869464286
150.58729307142858
150.17428619642857
149.7131739107143
149.3175785357143
148.90127466071428
148.45741650000002
147.98455455357146
97.06740039464285
97.56284604999999
98.11483071785715
98.56771097678569
99.15865571071427
99.63588104464284
100.18910324285713
100.76460533928571
101.374681875
101.95590603571426
102.56692349999997
103.18723323214286
103.79625874999999
104.41966314285713
105.04061941071429
105.66935587500001
106.2910973392857
106.90906828571428
107.54599182142857
108.17100219642856
108.79094042857142
109.42247726785713
110.03781112499999
110.66466269642856
111.28246225
111.89571141071427
112.51550098214287
113.12093741071428
113.73819685714285
114.350082875
114.96196358928572
115.57544660714285
116.19038441071427
116.81079208928571
117.43412483928572
118.06120067857144
118.6973435
119.33941801785716
119.99009025000001
120.65062617857143
121.32103528571429
122.00576848214286
122.69885207142856
123.4103725
124.1361207857143
124.87599905357143
125.62940703571428
126.40720007142856
127.19922198214283
128.0069533392857
128.834903375
129.68699532142858
130.5480080535714
131.42616901785715
132.333350875
133.24005532142854
134.1697579285714
135.12280837499998
136.06244910714284
137.03363382142857
138.00548639285714
138.96326730357143
139.93979864285714
140.87638951785712
141.8501375
142.76380198214287
143.6872443392857
144.5621652142857
145.414994875
146.23711016071428
147.0043964464286
147.76284887499997
148.43409133928571
149.0651493392857
149.69322916071428
150.23853851785714
150.72298423214286
151.16032423214287
151.57802650000002
151.9059971607143
152.16655798214288
152.3915505357143
152.6078127857143
152.70142075
152.77194437500003
152.73675725
152.71454182142858
152.582198625
152.41962753571428
152.193569125
151.97295157142855
151.65240682142857
151.33289225000001
150.9732869464286
150.58729307142858
150.17428619642857
149.7131739107143
149.3175785357143
148.90127466071428
148.45741650000002
147.98455455357146
98.60080382142856
99.00952357499997
99.42508132499998
99.87174376785713
100.3335634642857
100.80817357142857
101.31278192857141
101.82386128571426
102.33933875
102.88792264285712
103.4293301785714
103.96910335714284
104.54582542857142
105.11365107142855
105.67667667857141
106.26304125000001
106.84299292857142
107.4289389642857
108.01317714285712
108.61037553571428
109.20512857142855
109.78899257142857
110.3913635
110.97660689285715
111.56891925
112.1642807142857
112.74767710714285
113.342143
113.93586221428569
114.52912975
115.12098785714286
115.71843671428573
116.31911017857144
116.92450514285713
117.53347
118.14653642857144
118.76827575000002
119.39745685714286
120.03605082142857
120.68362775
121.34089964285714
122.01084153571428
122.69627528571428
123.39148850000001
124.10214421428572
124.82437232142857
125.56845096428572
126.32306217857142
127.0970369285714
127.88508203571428
128.69635375
129.51474535714283
130.35577735714284
131.2187147857143
132.07636192857143
132.97176392857142
133.87342932142857
134.77305925
135.70103310714285
136.62354114285714
137.5496594642857
138.48543828571428
139.40612089285713
140.3226994642857
141.22920975000002
142.1187905357143
142.99124785714287
143.83662821428572
144.65562739285716
145.4418080357143
146.19035553571427
146.903038
147.56736517857144
148.19806871428574
148.73696560714285
149.25375589285716
149.77054617857144
150.22929025
150.56428524999998
150.89914425
151.23399892857142
151.47183100000004
151.6825195714286
151.77694325000004
151.84239267857143
151.85659375
151.8456135
151.71810442857145
151.61769157142857
151.43822542857143
151.22295339285714
150.93534942857144
150.68370875000002
150.35197132142858
150.00337789285715
149.63847142857145
149.25803867857144
148.87619039285715
148.46182525
148.039272
147.65973660714286
98.60080382142856
99.00952357499997
99.42508132499998
99.87174376785713
100.3335634642857
100.80817357142857
101.31278192857141
101.82386128571426
102.33933875
102.88792264285712
103.4293301785714
103.96910335714284
104.54582542857142
105.11365107142855
105.67667667857141
106.26304125000001
106.84299292857142
107.4289389642857
108.01317714285712
108.61037553571428
109.20512857142855
109.78899257142857
110.3913635
110.97660689285715
111.56891925
112.1642807142857
112.74767710714285
113.342143
113.93586221428569
114.52912975
115.12098785714286
115.71843671428573
116.31911017857144
116.92450514285713
117.53347
118.14653642857144
118.76827575000002
119.39745685714286
120.03605082142857
120.68362775
121.34089964285714
122.01084153571428
122.69627528571428
123.39148850000001
124.10214421428572
124.82437232142857
125.56845096428572
126.32306217857142
127.0970369285714
127.88508203571428
128.69635375
129.51474535714283
130.35577735714284
131.2187147857143
132.07636192857143
132.97176392857142
133.87342932142857
134.77305925
135.70103310714285
136.62354114285714
137.5496594642857
138.48543828571428
139.40612089285713
140.3226994642857
141.22920975000002
142.1187905357143
142.99124785714287
143.83662821428572
144.65562739285716
145.4418080357143
146.19035553571427
146.903038
147.56736517857144
148.19806871428574
148.73696560714285
149.25375589285716
149.77054617857144
150.22929025
150.56428524999998
150.89914425
151.23399892857142
151.47183100000004
151.6825195714286
151.77694325000004
151.84239267857143
151.85659375
151.8456135
151.71810442857145
151.61769157142857
151.43822542857143
151.22295339285714
150.93534942857144
150.68370875000002
150.35197132142858
150.00337789285715
149.63847142857145
149.25803867857144
148.87619039285715
148.46182525
148.039272
147.65973660714286
100.15792209464284
100.46069652499997
100.78447983928568
101.17053023214282
101.52701983928569
101.9533889285714
102.39817864285712
102.83784907142855
103.29881462499998
103.77819139285712
104.25733691071426
104.77048805357141
105.27962417857142
105.7917723035714
106.33132969642855
106.86564525
107.40647525
107.94695657142854
108.49723151785713
109.05279866071427
109.61272451785713
110.17754335714284
110.7342635
111.2998759642857
111.86620791071428
112.43185391071427
113.001706625
113.56478558928572
114.13502435714287
114.71091075
115.28958126785716
115.86781946428572
116.45007017857142
117.03626826785714
117.63556446428572
118.23439407142857
118.84068125
119.45755005357144
120.08205446428572
120.7161405
121.36049282142855
122.01651228571427
122.68554855357141
123.36666962499999
124.06021737499998
124.77343583928571
125.49373417857143
126.23489444642857
126.98716539285715
127.75924157142855
128.541427
129.35213107142854
130.15964864285715
130.9884234285714
131.8426544107143
132.69082376785713
133.5607631607143
134.445944375
135.31979489285715
136.21806785714287
137.11167308928572
137.997355375
138.89253185714287
139.75413917857142
140.64324975
141.48276732142858
142.32928798214286
143.1378735535714
143.92075451785715
144.6852323214286
145.39491707142855
146.1001905
146.73006380357143
147.36042703571428
147.89549575
148.41411026785715
148.8911239464286
149.31399257142857
149.70082075
150.03466651785715
150.35506323214287
150.57417326785716
150.75738773214286
150.8781386964286
150.99615583928573
151.010663875
150.98407973214287
150.92860560714286
150.85042875000005
150.67413792857144
150.50050419642858
150.29155680357147
150.044014125
149.7144527321429
149.42319355357145
149.1333297857143
148.7902026964286
148.43397294642858
148.0484314464286
147.680304
147.31467580357145
100.15792209464284
100.46069652499997
100.78447983928568
101.17053023214282
101.52701983928569
101.9533889285714
102.39817864285712
102.83784907142855
103.29881462499998
103.77819139285712
104.25733691071426
104.77048805357141
105.27962417857142
105.7917723035714
106.33132969642855
106.86564525
107.40647525
107.94695657142854
108.49723151785713
109.05279866071427
109.61272451785713
110.17754335714284
110.7342635
111.2998759642857
111.86620791071428
112.43185391071427
113.001706625
113.56478558928572
114.13502435714287
114.71091075
115.28958126785716
115.86781946428572
116.45007017857142
117.03626826785714
117.63556446428572
118.23439407142857
118.84068125
119.45755005357144
120.08205446428572
120.7161405
121.36049282142855
122.01651228571427
122.68554855357141
123.36666962499999
124.06021737499998
124.77343583928571
125.49373417857143
126.23489444642857
126.98716539285715
127.75924157142855
128.541427
129.35213107142854
130.15964864285715
130.9884234285714
131.8426544107143
132.69082376785713
133.5607631607143
134.445944375
135.31979489285715
136.21806785714287
137.11167308928572
137.997355375
138.89253185714287
139.75413917857142
140.64324975
141.48276732142858
142.32928798214286
143.1378735535714
143.92075451785715
144.6852323214286
145.39491707142855
146.1001905
146.73006380357143
147.36042703571428
147.89549575
148.41411026785715
148.8911239464286
149.31399257142857
149.70082075
150.03466651785715
150.35506323214287
150.57417326785716
150.75738773214286
150.8781386964286
150.99615583928573
151.010663875
150.98407973214287
150.92860560714286
150.85042875000005
150.67413792857144
150.50050419642858
150.29155680357147
150.044014125
149.7144527321429
149.42319355357145
149.1333297857143
148.7902026964286
148.43397294642858
148.0484314464286
147.680304
147.31467580357145
101.68476957142857
101.924262
102.16761457142857
102.44557671428572
102.76550857142857
103.10413142857142
103.46298414285714
103.84220457142857
104.256966
104.665239
105.103255
105.55723742857143
106.01306871428571
106.49332999999999
106.97331142857144
107.463975
107.96508214285713
108.4719912857143
108.98475314285714
109.50565742857144
110.02870399999998
110.55827899999998
111.093312
111.6287672857143
112.16560885714284
112.70863142857144
113.24794299999999
113.79586099999999
114.34624171428571
114.900617
115.4565277142857
116.01858285714285
116.58548599999999
117.15845642857143
117.73601371428572
118.32247799999999
118.91231200000001
119.51294528571428
120.12411542857143
120.74371828571428
121.37510914285713
122.01707200000001
122.6719607142857
123.33744999999999
124.01977971428572
124.709375
125.4159674285714
126.13808442857143
126.87384399999999
127.62403085714286
128.389696
129.165948
129.96451257142854
130.76930399999998
131.5784717142857
132.41968214285714
133.25478685714285
134.099968
134.95935314285714
135.81022557142856
136.67432785714283
137.53371514285712
138.380457
139.22925999999998
140.057505
140.8854462857143
141.67637271428572
142.47029957142854
143.2142932857143
143.95529885714285
144.6397271428571
145.314518
145.927374
146.52795042857144
147.06080371428567
147.57043085714284
147.99159014285712
148.41211557142856
148.830904
149.17083571428572
149.4835984285714
149.7072652857143
149.90311300000002
150.03910485714283
150.149919
150.175549
150.21220314285716
150.16561171428572
150.08332614285712
149.954387
149.82992085714284
149.62499371428572
149.408044
149.16689842857141
148.8995894285714
148.61242385714286
148.2694517142857
147.97612242857144
147.66716885714283
147.331604
146.96978971428572
101.68476957142857
101.924262
102.16761457142857
102.44557671428572
102.76550857142857
103.10413142857142
103.46298414285714
103.84220457142857
104.256966
104.665239
105.103255
105.55723742857143
106.01306871428571
106.49332999999999
106.97331142857144
107.463975
107.96508214285713
108.4719912857143
108.98475314285714
109.50565742857144
110.02870399999998
110.55827899999998
111.093312
111.6287672857143
112.16560885714284
112.70863142857144
113.24794299999999
113.79586099999999
114.34624171428571
114.900617
115.4565277142857
116.01858285714285
116.58548599999999
117.15845642857143
117.73601371428572
118.32247799999999
118.91231200000001
119.51294528571428
120.12411542857143
120.74371828571428
121.37510914285713
122.01707200000001
122.6719607142857
123.33744999999999
124.01977971428572
124.709375
125.4159674285714
126.13808442857143
126.87384399999999
127.62403085714286
128.389696
129.165948
129.96451257142854
130.76930399999998
131.5784717142857
132.41968214285714
133.25478685714285
134.099968
134.95935314285714
135.81022557142856
136.67432785714283
137.53371514285712
138.380457
139.22925999999998
140.057505
140.8854462857143
141.67637271428572
142.47029957142854
143.2142932857143
143.95529885714285
144.6397271428571
145.314518
145.927374
146.52795042857144
147.06080371428567
147.57043085714284
147.99159014285712
148.41211557142856
148.830904
149.17083571428572
149.4835984285714
149.7072652857143
149.90311300000002
150.03910485714283
150.149919
150.175549
150.21220314285716
150.16561171428572
150.08332614285712
149.954387
149.82992085714284
149.62499371428572
149.408044
149.16689842857141
148.8995894285714
148.61242385714286
148.2694517142857
147.97612242857144
147.66716885714283
147.331604
146.96978971428572
103.19913933928572
103.34740375000001
103.49655553571428
103.71003024999999
103.95090010714284
104.22501819642856
104.52758989285714
104.85844535714284
105.1885895
105.55664103571428
105.94744
106.33163933928572
106.75090307142858
107.18379467857143
107.61803842857142
108.07109637500001
108.52801355357144
108.99954198214284
109.47433651785715
109.957474625
110.45283564285714
110.94534123214285
111.45170387499999
111.95674041071427
112.4736915
112.98100898214287
113.5062945
114.02738067857142
114.55279008928572
115.08776775
115.6284848392857
116.17327564285713
116.72003164285715
117.27302198214285
117.83513316071426
118.40682544642857
118.985844875
119.57295123214286
120.16700885714286
120.77274273214286
121.38801060714286
122.01520208928571
122.65440196428571
123.30685062500001
123.96747973214285
124.64559125
125.33554233928571
126.03743664285713
126.75595707142857
127.48594560714284
128.229017875
128.9909675
129.7559815892857
130.5387384642857
131.33737344642856
132.1286447142857
132.94835214285715
133.767766
134.58433294642856
135.4194518035714
136.24935769642855
137.068196125
137.88814239285713
138.6890115
139.50527225000002
140.28712621428573
141.0640637142857
141.81676475
142.53923266071428
143.25160228571428
143.91067398214284
144.57026975
145.15836107142857
145.74658310714287
146.2628100892857
146.7653899642857
147.20052276785714
147.61825719642857
148.022480625
148.34918010714284
148.6252504107143
148.8675599107143
149.09182691071427
149.23277573214284
149.33574664285715
149.403115625
149.44788216071427
149.40590683928573
149.3695713571429
149.2803524107143
149.1591121964286
148.97742875
148.82005625
148.5986466964286
148.35615589285715
148.10794896428573
147.82866882142858
147.55400953571427
147.24722944642858
146.92213325
146.63558949999998
103.19913933928572
103.34740375000001
103.49655553571428
103.71003024999999
103.95090010714284
104.22501819642856
104.52758989285714
104.85844535714284
105.1885895
105.55664103571428
105.94744
106.33163933928572
106.75090307142858
107.18379467857143
107.61803842857142
108.07109637500001
108.52801355357144
108.99954198214284
109.47433651785715
109.957474625
110.45283564285714
110.94534123214285
111.45170387499999
111.95674041071427
112.4736915
112.98100898214287
113.5062945
114.02738067857142
114.55279008928572
115.08776775
115.6284848392857
116.17327564285713
116.72003164285715
117.27302198214285
117.83513316071426
118.40682544642857
118.985844875
119.57295123214286
120.16700885714286
120.77274273214286
121.38801060714286
122.01520208928571
122.65440196428571
123.30685062500001
123.96747973214285
124.64559125
125.33554233928571
126.03743664285713
126.75595707142857
127.48594560714284
128.229017875
128.9909675
129.7559815892857
130.5387384642857
131.33737344642856
132.1286447142857
132.94835214285715
133.767766
134.58433294642856
135.4194518035714
136.24935769642855
137.068196125
137.88814239285713
138.6890115
139.50527225000002
140.28712621428573
141.0640637142857
141.81676475
142.53923266071428
143.25160228571428
143.91067398214284
144.57026975
145.15836107142857
145.74658310714287
146.2628100892857
146.7653899642857
147.20052276785714
147.61825719642857
148.022480625
148.34918010714284
148.6252504107143
148.8675599107143
149.09182691071427
149.23277573214284
149.33574664285715
149.403115625
149.44788216071427
149.40590683928573
149.3695713571429
149.2803524107143
149.1591121964286
148.97742875
148.82005625
148.5986466964286
148.35615589285715
148.10794896428573
147.82866882142858
147.55400953571427
147.24722944642858
146.92213325
146.63558949999998
104.6850912857143
104.72219974999999
104.83728510714286
104.95948899999999
105.137036
105.34214732142857
105.57949575
105.84310671428571
106.12806549999999
106.44184985714284
106.76172128571429
107.11675582142857
107.49014507142856
107.85938492857142
108.258411
108.672192
109.09180414285714
109.52574896428573
109.96200175000001
110.41455328571428
110.87044549999999
111.34084196428572
111.80807275000001
112.29272635714287
112.77183417857142
113.27029496428571
113.76073407142857
114.26469007142856
114.76995074999998
115.28112825
115.79974671428572
116.32414442857143
116.8562872857143
117.39619435714286
117.94080035714285
118.49285432142858
119.05737975
119.62612517857144
120.20755282142858
120.79582453571429
121.39661078571427
122.00820978571429
122.63320535714284
123.26842225
123.91601078571429
124.57636082142857
125.24602839285714
125.93436453571428
126.63151757142856
127.34417114285714
128.06686374999998
128.80204989285716
129.5564292142857
130.31001478571426
131.07470857142857
131.86211471428572
132.63861935714286
133.431325
134.22962850000002
135.02153885714284
135.82505796428572
136.61939671428573
137.4043100357143
138.19167239285713
138.95119875
139.72691817857145
140.45555339285715
141.1970342142857
141.87905425
142.5784367142857
143.20814867857143
143.8441735
144.41824182142855
144.97913910714286
145.49136964285714
145.97447164285714
146.41932992857141
146.81833914285713
147.21006425000002
147.54230735714287
147.8398542142857
148.08294614285717
148.282555
148.44078260714286
148.58603389285716
148.66073925
148.69113867857143
148.69881114285715
148.6874095714286
148.60245278571426
148.50420474999999
148.38775607142858
148.23727075000002
148.01998857142857
147.81706425
147.6290082142857
147.3827805
147.12785321428572
146.84105017857144
146.57022775
146.2992470357143
104.6850912857143
104.72219974999999
104.83728510714286
104.95948899999999
105.137036
105.34214732142857
105.57949575
105.84310671428571
106.12806549999999
106.44184985714284
106.76172128571429
107.11675582142857
107.49014507142856
107.85938492857142
108.258411
108.672192
109.09180414285714
109.52574896428573
109.96200175000001
110.41455328571428
110.87044549999999
111.34084196428572
111.80807275000001
112.29272635714287
112.77183417857142
113.27029496428571
113.76073407142857
114.26469007142856
114.76995074999998
115.28112825
115.79974671428572
116.32414442857143
116.8562872857143
117.39619435714286
117.94080035714285
118.49285432142858
119.05737975
119.62612517857144
120.20755282142858
120.79582453571429
121.39661078571427
122.00820978571429
122.63320535714284
123.26842225
123.91601078571429
124.57636082142857
125.24602839285714
125.93436453571428
126.63151757142856
127.34417114285714
128.06686374999998
128.80204989285716
129.5564292142857
130.31001478571426
131.07470857142857
131.86211471428572
132.63861935714286
133.431325
134.22962850000002
135.02153885714284
135.82505796428572
136.61939671428573
137.4043100357143
138.19167239285713
138.95119875
139.72691817857145
140.45555339285715
141.1970342142857
141.87905425
142.5784367142857
143.20814867857143
143.8441735
144.41824182142855
144.97913910714286
145.49136964285714
145.97447164285714
146.41932992857141
146.81833914285713
147.21006425000002
147.54230735714287
147.8398542142857
148.08294614285717
148.282555
148.44078260714286
148.58603389285716
148.66073925
148.69113867857143
148.69881114285715
148.6874095714286
148.60245278571426
148.50420474999999
148.38775607142858
148.23727075000002
148.01998857142857
147.81706425
147.6290082142857
147.3827805
147.12785321428572
146.84105017857144
146.57022775
146.2992470357143
106.13920392857142
106.11065049999999
106.12023705357142
106.17317919642858
106.300277125
106.43991357142855
106.60522674999999
106.80701221428572
107.05204274999998
107.30802426785714
107.58410821428569
107.89017653571428
108.20533419642857
108.54825889285713
108.8996224642857
109.270320625
109.65588787499999
110.04890508928571
110.44931935714284
110.87231292857142
111.29452803571428
111.73215653571427
112.174454875
112.62351573214285
113.08505528571428
113.5460725
114.02018382142857
114.4977647142857
114.98267346428571
115.47296125
115.973743125
116.48061053571428
116.99392712499998
117.5145198392857
118.04079437499999
118.57845223214285
119.12598249999999
119.68101598214287
120.24559742857143
120.82018173214286
121.40502803571428
122.0015345
122.60910753571427
123.228012
123.86065160714284
124.50159526785714
125.16071841071427
125.82400405357141
126.50687416071426
127.19735110714285
127.89994437499999
128.61794548214283
129.34153105357143
130.08048867857144
130.82623960714284
131.56870044642858
132.33947160714285
133.10349025
133.86387666071428
134.6416640892857
135.41086562499999
136.17601169642856
136.93048808928572
137.68582744642856
138.432109125
139.16478848214285
139.88014228571427
140.58371191071427
141.2549562142857
141.916341125
142.53887535714287
143.145734125
143.71398739285712
144.25485814285713
144.76249060714287
145.22956535714286
145.67063874999997
146.0540485
146.4308445
146.7630636607143
147.0724699107143
147.31985864285716
147.5270355
147.70223705357145
147.84075176785714
147.92182875
147.99931108928573
148.0227636964286
148.00677210714287
147.95579433928572
147.90136562499998
147.789485375
147.6553915
147.50835375
147.33248832142857
147.14671517857144
146.90102289285716
146.6906997857143
146.47428235714284
146.23034187500002
145.96306535714285
106.13920392857142
106.11065049999999
106.12023705357142
106.17317919642858
106.300277125
106.43991357142855
106.60522674999999
106.80701221428572
107.05204274999998
107.30802426785714
107.58410821428569
107.89017653571428
108.20533419642857
108.54825889285713
108.8996224642857
109.270320625
109.65588787499999
110.04890508928571
110.44931935714284
110.87231292857142
111.29452803571428
111.73215653571427
112.174454875
112.62351573214285
113.08505528571428
113.5460725
114.02018382142857
114.4977647142857
114.98267346428571
115.47296125
115.973743125
116.48061053571428
116.99392712499998
117.5145198392857
118.04079437499999
118.57845223214285
119.12598249999999
119.68101598214287
120.24559742857143
120.82018173214286
121.40502803571428
122.0015345
122.60910753571427
123.228012
123.86065160714284
124.50159526785714
125.16071841071427
125.82400405357141
126.50687416071426
127.19735110714285
127.89994437499999
128.61794548214283
129.34153105357143
130.08048867857144
130.82623960714284
131.56870044642858
132.33947160714285
133.10349025
133.86387666071428
134.6416640892857
135.41086562499999
136.17601169642856
136.93048808928572
137.68582744642856
138.432109125
139.16478848214285
139.88014228571427
140.58371191071427
141.2549562142857
141.916341125
142.53887535714287
143.145734125
143.71398739285712
144.25485814285713
144.76249060714287
145.22956535714286
145.67063874999997
146.0540485
146.4308445
146.7630636607143
147.0724699107143
147.31985864285716
147.5270355
147.70223705357145
147.84075176785714
147.92182875
147.99931108928573
148.0227636964286
148.00677210714287
147.95579433928572
147.90136562499998
147.789485375
147.6553915
147.50835375
147.33248832142857
147.14671517857144
146.90102289285716
146.6906997857143
146.47428235714284
146.23034187500002
145.96306535714285
107.54273492857142
107.42099300000001
107.38271571428571
107.37907985714286
107.41940178571429
107.49834207142857
107.62335178571429
107.77112042857144
107.95387149999999
108.15069914285714
108.39585392857143
108.64878235714285
108.92094878571429
109.21750835714285
109.53261657142858
109.863386
110.20955485714285
110.56905707142857
110.94235142857143
111.31734357142857
111.72023914285714
112.12069564285713
112.53781049999999
112.96016907142857
113.39121835714283
113.83410878571428
114.27662864285713
114.7349997142857
115.199906
115.670818
116.14766378571429
116.63517164285715
117.1293495
117.63339328571429
118.1449725
118.66554764285715
119.193602
119.73171378571428
120.28095057142858
120.83926642857143
121.40910978571428
121.98975657142856
122.58146607142857
123.18404100000001
123.79808842857142
124.42799499999998
125.06242742857141
125.71480385714284
126.37497914285713
127.04942264285714
127.7331925
128.42857714285714
129.13478049999998
129.8453002142857
130.56679635714286
131.30135085714286
132.02853578571427
132.77281899999997
133.51825935714285
134.25554635714286
135.00418528571427
135.741232
136.4727667857143
137.20741964285713
137.91603899999998
138.63768342857145
139.31406078571428
140.00270064285712
140.64092814285712
141.28604914285717
141.8859005
142.47267999999997
143.02881157142858
143.54920678571426
144.0555284285714
144.50853014285713
144.9523174285714
145.32813292857142
145.706518
146.02121285714287
146.3138827142857
146.57518721428573
146.81071764285713
146.98898142857144
147.12105442857145
147.23537349999998
147.3223615
147.3489715
147.36271771428574
147.34798628571428
147.298191
147.19507435714286
147.116878
146.98681178571428
146.83121264285717
146.67012350000002
146.48002192857143
146.29255878571428
146.07747685714287
145.84191049999998
145.63124150000002
107.54273492857142
107.42099300000001
107.38271571428571
107.37907985714286
107.41940178571429
107.49834207142857
107.62335178571429
107.77112042857144
107.95387149999999
108.15069914285714
108.39585392857143
108.64878235714285
108.92094878571429
109.21750835714285
109.53261657142858
109.863386
110.20955485714285
110.56905707142857
110.94235142857143
111.31734357142857
111.72023914285714
112.12069564285713
112.53781049999999
112.96016907142857
113.39121835714283
113.83410878571428
114.27662864285713
114.7349997142857
115.199906
115.670818
116.14766378571429
116.63517164285715
117.1293495
117.63339328571429
118.1449725
118.66554764285715
119.193602
119.73171378571428
120.28095057142858
120.83926642857143
121.40910978571428
121.98975657142856
122.58146607142857
123.18404100000001
123.79808842857142
124.42799499999998
125.06242742857141
125.71480385714284
126.37497914285713
127.04942264285714
127.7331925
128.42857714285714
129.13478049999998
129.8453002142857
130.56679635714286
131.30135085714286
132.02853578571427
132.77281899999997
133.51825935714285
134.25554635714286
135.00418528571427
135.741232
136.4727667857143
137.20741964285713
137.91603899999998
138.63768342857145
139.31406078571428
140.00270064285712
140.64092814285712
141.28604914285717
141.8859005
142.47267999999997
143.02881157142858
143.54920678571426
144.0555284285714
144.50853014285713
144.9523174285714
145.32813292857142
145.706518
146.02121285714287
146.3138827142857
146.57518721428573
146.81071764285713
146.98898142857144
147.12105442857145
147.23537349999998
147.3223615
147.3489715
147.36271771428574
147.34798628571428
147.298191
147.19507435714286
147.116878
146.98681178571428
146.83121264285717
146.67012350000002
146.48002192857143
146.29255878571428
146.07747685714287
145.84191049999998
145.63124150000002
108.90744339285715
108.73397525
108.61961192857143
108.52995867857142
108.53648535714284
108.55255269642856
108.60980941071429
108.710764125
108.833070875
109.00492482142856
109.18351510714285
109.3884598392857
109.63093544642857
109.88740916071428
110.15972807142857
110.4546535
110.76330632142857
111.08850492857141
111.41873714285713
111.77255610714286
112.13227276785713
112.51348973214283
112.89354949999999
113.29481232142857
113.7004438392857
114.11438367857141
114.53662328571428
114.971041875
115.41164648214286
115.8615905
116.32140708928571
116.78888558928571
117.26499823214284
117.74852091071428
118.24261105357142
118.74527914285714
119.257501
119.77988696428572
120.31202832142857
120.85665841071429
121.41022516071428
121.97470080357142
122.55122932142856
123.1376285
123.73468958928572
124.34428848214286
124.96748975
125.59859667857143
126.24135182142855
126.89741076785714
127.55806562500001
128.23710707142857
128.92075992857144
129.61456019642856
130.31383492857142
131.0141717142857
131.73750383928572
132.446883375
133.16226623214288
133.88804210714284
134.60048332142856
135.31802385714286
136.01999598214286
136.73509076785712
137.41966537499997
138.10718375
138.7717965892857
139.42196876785712
140.05930175
140.66776808928572
141.267570875
141.82708925
142.37980510714286
142.88082748214285
143.37513769642854
143.81688569642859
144.24185746428572
144.62196298214283
145.00364299999998
145.31334966071427
145.6174648214286
145.8686967857143
146.09502416071427
146.28345217857145
146.45438407142856
146.57625662499998
146.65161782142857
146.71195689285716
146.75312683928573
146.74180539285715
146.70286153571428
146.66317175
146.58780399999998
146.46028141071432
146.33289989285714
146.22712439285712
146.0616288392857
145.8932740892857
145.6900393571429
145.497657125
145.3094088214286
108.90744339285715
108.73397525
108.61961192857143
108.52995867857142
108.53648535714284
108.55255269642856
108.60980941071429
108.710764125
108.833070875
109.00492482142856
109.18351510714285
109.3884598392857
109.63093544642857
109.88740916071428
110.15972807142857
110.4546535
110.76330632142857
111.08850492857141
111.41873714285713
111.77255610714286
112.13227276785713
112.51348973214283
112.89354949999999
113.29481232142857
113.7004438392857
114.11438367857141
114.53662328571428
114.971041875
115.41164648214286
115.8615905
116.32140708928571
116.78888558928571
117.26499823214284
117.74852091071428
118.24261105357142
118.74527914285714
119.257501
119.77988696428572
120.31202832142857
120.85665841071429
121.41022516071428
121.97470080357142
122.55122932142856
123.1376285
123.73468958928572
124.34428848214286
124.96748975
125.59859667857143
126.24135182142855
126.89741076785714
127.55806562500001
128.23710707142857
128.92075992857144
129.61456019642856
130.31383492857142
131.0141717142857
131.73750383928572
132.446883375
133.16226623214288
133.88804210714284
134.60048332142856
135.31802385714286
136.01999598214286
136.73509076785712
137.41966537499997
138.10718375
138.7717965892857
139.42196876785712
140.05930175
140.66776808928572
141.267570875
141.82708925
142.37980510714286
142.88082748214285
143.37513769642854
143.81688569642859
144.24185746428572
144.62196298214283
145.00364299999998
145.31334966071427
145.6174648214286
145.8686967857143
146.09502416071427
146.28345217857145
146.45438407142856
146.57625662499998
146.65161782142857
146.71195689285716
146.75312683928573
146.74180539285715
146.70286153571428
146.66317175
146.58780399999998
146.46028141071432
146.33289989285714
146.22712439285712
146.0616288392857
145.8932740892857
145.6900393571429
145.497657125
145.3094088214286
110.20562578571428
109.96236199999998
109.78524617857141
109.67233139285713
109.59698564285712
109.56797767857142
109.57300885714284
109.6187599642857
109.70505849999999
109.82276146428569
109.96191760714285
110.1334402142857
110.32305578571427
110.53830178571428
110.77370139285713
111.028897
111.30287582142857
111.59356289285712
111.89395214285713
112.21646710714285
112.54929492857141
112.89449821428572
113.25591275
113.6248404642857
114.00572224999999
114.39577525000001
114.79232382142857
115.20291653571428
115.62479653571428
116.05403075000001
116.49182710714285
116.93905757142856
117.39660810714287
117.86326292857142
118.33951832142856
118.82424739285715
119.31976675000001
119.8259130357143
120.34274407142857
120.86989357142858
121.40810142857143
121.95653374999998
122.51654332142856
123.08637775
123.6678745
124.25970678571429
124.86418039285712
125.48154257142856
126.10688482142854
126.73953339285713
127.39052125
128.04672821428568
128.70837285714285
129.37918289285713
130.05711767857144
130.74601046428572
131.42779789285714
132.1275075
132.82335846428572
133.51465335714286
134.21243364285715
134.90323921428572
135.58028435714286
136.26763160714285
136.93418599999998
137.59838517857145
138.24144721428573
138.87475996428572
139.49045107142857
140.0818287857143
140.6612596785714
141.204529
141.7386162142857
142.23363275
142.71426128571426
143.15532375
143.57403385714284
143.9500947142857
144.3216095
144.62938278571428
144.93717610714285
145.18503882142858
145.42416767857145
145.6210252142857
145.79217328571428
145.92099425
146.02952425
146.108473
146.14446871428572
146.15212778571427
146.1595257857143
146.12274225000002
146.05997425
145.98316210714287
145.88443589285714
145.78210875000002
145.6169172142857
145.4763792142857
145.3394270714286
145.1699665
144.98715360714286
110.20562578571428
109.96236199999998
109.78524617857141
109.67233139285713
109.59698564285712
109.56797767857142
109.57300885714284
109.6187599642857
109.70505849999999
109.82276146428569
109.96191760714285
110.1334402142857
110.32305578571427
110.53830178571428
110.77370139285713
111.028897
111.30287582142857
111.59356289285712
111.89395214285713
112.21646710714285
112.54929492857141
112.89449821428572
113.25591275
113.6248404642857
114.00572224999999
114.39577525000001
114.79232382142857
115.20291653571428
115.62479653571428
116.05403075000001
116.49182710714285
116.93905757142856
117.39660810714287
117.86326292857142
118.33951832142856
118.82424739285715
119.31976675000001
119.8259130357143
120.34274407142857
120.86989357142858
121.40810142857143
121.95653374999998
122.51654332142856
123.08637775
123.6678745
124.25970678571429
124.86418039285712
125.48154257142856
126.10688482142854
126.73953339285713
127.39052125
128.04672821428568
128.70837285714285
129.37918289285713
130.05711767857144
130.74601046428572
131.42779789285714
132.1275075
132.82335846428572
133.51465335714286
134.21243364285715
134.90323921428572
135.58028435714286
136.26763160714285
136.93418599999998
137.59838517857145
138.24144721428573
138.87475996428572
139.49045107142857
140.0818287857143
140.6612596785714
141.204529
141.7386162142857
142.23363275
142.71426128571426
143.15532375
143.57403385714284
143.9500947142857
144.3216095
144.62938278571428
144.93717610714285
145.18503882142858
145.42416767857145
145.6210252142857
145.79217328571428
145.92099425
146.02952425
146.108473
146.14446871428572
146.15212778571427
146.1595257857143
146.12274225000002
146.05997425
145.98316210714287
145.88443589285714
145.78210875000002
145.6169172142857
145.4763792142857
145.3394270714286
145.1699665
144.98715360714286
111.4907336607143
111.18620662500001
110.95560600000002
110.76737616071429
110.636273375
110.54900294642857
110.51727892857143
110.51704557142858
110.5439615
110.61147503571429
110.72162173214286
110.84678801785714
111.000168
111.17832353571428
111.37717312500001
111.599183375
111.83760755357143
112.09697310714286
112.36905467857142
112.65112017857143
112.95870198214284
113.27686714285714
113.60767349999999
113.95353810714286
114.30843498214284
114.67220778571428
115.0472448392857
115.43470930357144
115.832512875
116.240506375
116.65987064285713
117.08846964285713
117.5274015
117.97459757142857
118.43346132142857
118.90116058928572
119.37972024999999
119.87061630357144
120.36854326785715
120.8803734642857
121.40303132142856
121.93549217857142
122.47818569642857
123.032645875
123.59803737499999
124.174231875
124.76195691071428
125.36141494642857
125.96513919642855
126.58772901785713
127.20955549999998
127.85001007142856
128.49483451785713
129.14615723214285
129.80491239285715
130.46566951785715
131.14059348214283
131.807847625
132.47943651785715
133.15652799999998
133.82641705357142
134.4933766785714
135.15609753571425
135.8138610178571
136.46244937499998
137.1013790178571
137.7316345892857
138.33586696428569
138.9427245
139.5077257142857
140.07895837499998
140.60385724999998
141.12803255357142
141.60976394642856
142.07704444642857
142.5102699285714
142.9162540178571
143.30054485714285
143.66349974999997
143.97913530357144
144.2914000892857
144.53623176785715
144.77991398214283
144.96656524999997
145.14851980357142
145.30158774999998
145.4254868392857
145.50717749999998
145.56223451785715
145.60859017857143
145.61519003571428
145.58278121428572
145.563569125
145.50865778571426
145.42352607142857
145.33695723214285
145.2190078214286
145.1040099642857
144.96902419642853
144.805360625
144.66198937499996
111.4907336607143
111.18620662500001
110.95560600000002
110.76737616071429
110.636273375
110.54900294642857
110.51727892857143
110.51704557142858
110.5439615
110.61147503571429
110.72162173214286
110.84678801785714
111.000168
111.17832353571428
111.37717312500001
111.599183375
111.83760755357143
112.09697310714286
112.36905467857142
112.65112017857143
112.95870198214284
113.27686714285714
113.60767349999999
113.95353810714286
114.30843498214284
114.67220778571428
115.0472448392857
115.43470930357144
115.832512875
116.240506375
116.65987064285713
117.08846964285713
117.5274015
117.97459757142857
118.43346132142857
118.90116058928572
119.37972024999999
119.87061630357144
120.36854326785715
120.8803734642857
121.40303132142856
121.93549217857142
122.47818569642857
123.032645875
123.59803737499999
124.174231875
124.76195691071428
125.36141494642857
125.96513919642855
126.58772901785713
127.20955549999998
127.85001007142856
128.49483451785713
129.14615723214285
129.80491239285715
130.46566951785715
131.14059348214283
131.807847625
132.47943651785715
133.15652799999998
133.82641705357142
134.4933766785714
135.15609753571425
135.8138610178571
136.46244937499998
137.1013790178571
137.7316345892857
138.33586696428569
138.9427245
139.5077257142857
140.07895837499998
140.60385724999998
141.12803255357142
141.60976394642856
142.07704444642857
142.5102699285714
142.9162540178571
143.30054485714285
143.66349974999997
143.97913530357144
144.2914000892857
144.53623176785715
144.77991398214283
144.96656524999997
145.14851980357142
145.30158774999998
145.4254868392857
145.50717749999998
145.56223451785715
145.60859017857143
145.61519003571428
145.58278121428572
145.563569125
145.50865778571426
145.42352607142857
145.33695723214285
145.2190078214286
145.1040099642857
144.96902419642853
144.805360625
144.66198937499996
112.65518571428572
112.321596
112.01686457142857
111.80934314285714
111.64070400000001
111.51397357142856
111.41860971428571
111.37318485714286
111.36820200000001
111.39413342857142
111.4612142857143
111.548651
111.66289400000001
111.80529685714285
111.96885371428571
112.154505
112.36120571428572
112.58539028571428
112.82412142857143
113.084385
113.3642557142857
113.65308628571428
113.956452
114.27258328571428
114.60390342857144
114.94220428571428
115.29572342857143
115.661351
116.03719942857143
116.426457
116.82361571428571
117.23299385714284
117.65366571428571
118.08129014285714
118.52402971428572
118.97589785714285
119.43689799999999
119.90907885714284
120.39238971428573
120.887276
121.39252714285715
121.90929742857142
122.43720885714285
122.975476
123.52474142857142
124.08402642857143
124.65486657142858
125.23475257142857
125.8287957142857
126.42632485714286
127.03984999999997
127.65465857142857
128.27978285714286
128.91310428571427
129.55040142857143
130.19685928571428
130.8449562857143
131.49388199999999
132.1478917142857
132.79893157142857
133.44718
134.0939957142857
134.73512085714285
135.372325
136.00298599999996
136.61799
137.23445742857143
137.82059128571427
138.40446885714286
138.9602394285714
139.50758857142853
140.027794
140.530122
141.01319971428572
141.4654657142857
141.90208071428572
142.29552885714287
142.67516457142855
143.024558
143.34558185714286
143.65095142857143
143.90933757142858
144.16421114285714
144.362169
144.55063342857142
144.69335999999998
144.8235857142857
144.93044500000002
145.0150902857143
145.06325442857144
145.07608142857146
145.09662114285715
145.082222
145.0304562857143
144.96390685714283
144.92341214285713
144.82917542857143
144.7284962857143
144.60684857142857
144.475512
144.35006285714286
112.65518571428572
112.321596
112.01686457142857
111.80934314285714
111.64070400000001
111.51397357142856
111.41860971428571
111.37318485714286
111.36820200000001
111.39413342857142
111.4612142857143
111.548651
111.66289400000001
111.80529685714285
111.96885371428571
112.154505
112.36120571428572
112.58539028571428
112.82412142857143
113.084385
113.3642557142857
113.65308628571428
113.956452
114.27258328571428
114.60390342857144
114.94220428571428
115.29572342857143
115.661351
116.03719942857143
116.426457
116.82361571428571
117.23299385714284
117.65366571428571
118.08129014285714
118.52402971428572
118.97589785714285
119.43689799999999
119.90907885714284
120.39238971428573
120.887276
121.39252714285715
121.90929742857142
122.43720885714285
122.975476
123.52474142857142
124.08402642857143
124.65486657142858
125.23475257142857
125.8287957142857
126.42632485714286
127.03984999999997
127.65465857142857
128.27978285714286
128.91310428571427
129.55040142857143
130.19685928571428
130.8449562857143
131.49388199999999
132.1478917142857
132.79893157142857
133.44718
134.0939957142857
134.73512085714285
135.372325
136.00298599999996
136.61799
137.23445742857143
137.82059128571427
138.40446885714286
138.9602394285714
139.50758857142853
140.027794
140.530122
141.01319971428572
141.4654657142857
141.90208071428572
142.29552885714287
142.67516457142855
143.024558
143.34558185714286
143.65095142857143
143.90933757142858
144.16421114285714
144.362169
144.55063342857142
144.69335999999998
144.8235857142857
144.93044500000002
145.0150902857143
145.06325442857144
145.07608142857146
145.09662114285715
145.082222
145.0304562857143
144.96390685714283
144.92341214285713
144.82917542857143
144.7284962857143
144.60684857142857
144.475512
144.35006285714286
113.84049328571427
113.43705299999999
113.11450171428571
112.83072351785715
112.59524441071429
112.42053032142854
112.3038539642857
112.21115219642856
112.16491500000001
112.15858173214285
112.17144401785714
112.22368269642855
112.30434748214284
112.4103450535714
112.54166373214285
112.69533087500001
112.8697439642857
113.06452773214285
113.27779360714287
113.51099994642856
113.76107507142858
114.02114939285713
114.29661599999999
114.58823776785712
114.89374749999998
115.21005557142857
115.54030228571429
115.88401651785713
116.23857273214284
116.606646125
116.98585551785715
117.37523689285713
117.775165625
118.18651753571427
118.61032821428572
119.04646276785714
119.48998849999998
119.94491682142856
120.41242746428571
120.89067396428571
121.38038319642857
121.88069626785713
122.39140591071427
122.91342424999999
123.44769123214286
123.99196005357143
124.5445358392857
125.10900437499998
125.68100548214284
126.26744557142857
126.85524624999998
127.45996669642855
128.06727292857144
128.67981699999999
129.30249605357145
129.92336514285714
130.55290778571427
131.187548
131.81280316071428
132.44858364285713
133.0813864642857
133.69750919642857
134.32938439285715
134.93877514285714
135.5561505
136.14996299999999
136.7458122142857
137.31857078571426
137.887095
138.42692666071426
138.96105501785712
139.468464625
139.95946085714286
140.42854260714284
140.87088760714283
141.29918448214286
141.69021139285712
142.07527082142855
142.41874775
142.74290107142855
143.04098285714286
143.30212578571428
143.5540921785714
143.7596215892857
143.96502266071428
144.12450437500001
144.26621546428572
144.37453907142856
144.46579425
144.528824375
144.582610375
144.60738042857142
144.59666037500003
144.5886010714286
144.55039780357143
144.51234489285713
144.42018294642855
144.33923594642857
144.26263755357144
144.16122875000002
144.04189442857142
113.84049328571427
113.43705299999999
113.11450171428571
112.83072351785715
112.59524441071429
112.42053032142854
112.3038539642857
112.21115219642856
112.16491500000001
112.15858173214285
112.17144401785714
112.22368269642855
112.30434748214284
112.4103450535714
112.54166373214285
112.69533087500001
112.8697439642857
113.06452773214285
113.27779360714287
113.51099994642856
113.76107507142858
114.02114939285713
114.29661599999999
114.58823776785712
114.89374749999998
115.21005557142857
115.54030228571429
115.88401651785713
116.23857273214284
116.606646125
116.98585551785715
117.37523689285713
117.775165625
118.18651753571427
118.61032821428572
119.04646276785714
119.48998849999998
119.94491682142856
120.41242746428571
120.89067396428571
121.38038319642857
121.88069626785713
122.39140591071427
122.91342424999999
123.44769123214286
123.99196005357143
124.5445358392857
125.10900437499998
125.68100548214284
126.26744557142857
126.85524624999998
127.45996669642855
128.06727292857144
128.67981699999999
129.30249605357145
129.92336514285714
130.55290778571427
131.187548
131.81280316071428
132.44858364285713
133.0813864642857
133.69750919642857
134.32938439285715
134.93877514285714
135.5561505
136.14996299999999
136.7458122142857
137.31857078571426
137.887095
138.42692666071426
138.96105501785712
139.468464625
139.95946085714286
140.42854260714284
140.87088760714283
141.29918448214286
141.69021139285712
142.07527082142855
142.41874775
142.74290107142855
143.04098285714286
143.30212578571428
143.5540921785714
143.7596215892857
143.96502266071428
144.12450437500001
144.26621546428572
144.37453907142856
144.46579425
144.528824375
144.582610375
144.60738042857142
144.59666037500003
144.5886010714286
144.55039780357143
144.51234489285713
144.42018294642855
144.33923594642857
144.26263755357144
144.16122875000002
144.04189442857142
114.88287578571429
114.46656475
114.08547385714286
113.78083025
113.53120642857144
113.30891589285714
113.14317935714286
113.02347507142858
112.932153
112.88606100000001
112.86849664285715
112.8865284642857
112.93225639285716
113.00477603571427
113.10427903571428
113.22533675000001
113.36996978571429
113.53401657142857
113.71998346428572
113.92093228571429
114.14112025
114.37875307142858
114.63003975000001
114.89641839285713
115.17890600000001
115.47293132142858
115.77969375
116.10058739285714
116.43493517857144
116.78115575
117.14144621428571
117.51046303571428
117.89360825
118.28729007142857
118.69370560714286
119.1106492142857
119.53939924999999
119.97767382142857
120.42809242857143
120.88976357142857
121.36357639285713
121.84851975000001
122.34560335714285
122.85246874999999
123.36974353571429
123.89781339285715
124.43342292857142
124.9817609642857
125.53585025
126.10205632142856
126.68238699999999
127.25939264285714
127.85267499999998
128.45082232142855
129.04801771428572
129.65670282142855
130.2662424642857
130.87591974999998
131.49112960714285
132.10346289285715
132.71206389285715
133.31961514285715
133.9240837142857
134.52243335714283
135.11826324999998
135.69631767857143
136.2718827142857
136.83000039285713
137.37916364285712
137.912749
138.42510935714284
138.9307715
139.40379639285712
139.87459739285714
140.30441689285712
140.72903742857142
141.10983578571427
141.4892394642857
141.82672025
142.15555742857143
142.4530617142857
142.7257219642857
142.97796139285714
143.19388675
143.39965332142856
143.55776724999998
143.716876
143.83879932142858
143.94420089285714
144.0273017142857
144.08982767857142
144.1196577857143
144.14584499999998
144.15355739285718
144.12716271428567
144.09908528571427
144.04549160714288
143.99082375
143.90847642857145
143.82224949999997
143.7466915357143
114.88287578571429
114.46656475
114.08547385714286
113.78083025
113.53120642857144
113.30891589285714
113.14317935714286
113.02347507142858
112.932153
112.88606100000001
112.86849664285715
112.8865284642857
112.93225639285716
113.00477603571427
113.10427903571428
113.22533675000001
113.36996978571429
113.53401657142857
113.71998346428572
113.92093228571429
114.14112025
114.37875307142858
114.63003975000001
114.89641839285713
115.17890600000001
115.47293132142858
115.77969375
116.10058739285714
116.43493517857144
116.78115575
117.14144621428571
117.51046303571428
117.89360825
118.28729007142857
118.69370560714286
119.1106492142857
119.53939924999999
119.97767382142857
120.42809242857143
120.88976357142857
121.36357639285713
121.84851975000001
122.34560335714285
122.85246874999999
123.36974353571429
123.89781339285715
124.43342292857142
124.9817609642857
125.53585025
126.10205632142856
126.68238699999999
127.25939264285714
127.85267499999998
128.45082232142855
129.04801771428572
129.65670282142855
130.2662424642857
130.87591974999998
131.49112960714285
132.10346289285715
132.71206389285715
133.31961514285715
133.9240837142857
134.52243335714283
135.11826324999998
135.69631767857143
136.2718827142857
136.83000039285713
137.37916364285712
137.912749
138.42510935714284
138.9307715
139.40379639285712
139.87459739285714
140.30441689285712
140.72903742857142
141.10983578571427
141.4892394642857
141.82672025
142.15555742857143
142.4530617142857
142.7257219642857
142.97796139285714
143.19388675
143.39965332142856
143.55776724999998
143.716876
143.83879932142858
143.94420089285714
144.0273017142857
144.08982767857142
144.1196577857143
144.14584499999998
144.15355739285718
144.12716271428567
144.09908528571427
144.04549160714288
143.99082375
143.90847642857145
143.82224949999997
143.7466915357143
115.92876903571428
115.47210562499998
115.06553825
114.70149301785713
114.40502783928571
114.16390857142858
113.95633212499999
113.79618414285716
113.68013174999999
113.59135289285713
113.54612417857143
113.526514375
113.54238073214285
113.58391124999999
113.65102644642857
113.74257499999999
113.85663535714285
113.99248671428572
114.14835698214286
114.32575994642858
114.51839885714286
114.72896089285715
114.95462799999999
115.19839089285713
115.45661994642857
115.73016925
116.01538755357143
116.31569935714286
116.62788903571429
116.9537095
117.29210876785714
117.64390103571428
118.00706708928573
118.38392033928571
118.7709285
119.17049457142858
119.58315024999999
120.004853625
120.44106292857143
120.88595341071428
121.34453751785713
121.81270832142857
122.29418105357142
122.78571262499999
123.28734942857142
123.79779825
124.31936633928571
124.84996376785713
125.39079041071427
125.93886085714286
126.49627962499999
127.06790425
127.63749339285714
128.2150740892857
128.801527625
129.3883830535714
129.97949544642856
130.57434999999998
131.16884235714284
131.76266685714285
132.35750035714284
132.93861719642857
133.53571698214287
134.1087433392857
134.69013474999997
135.25160807142856
135.8113619642857
136.35728582142855
136.88859976785716
137.41313907142853
137.91244873214285
138.404911
138.86925575
139.324173125
139.75156398214284
140.16514719642856
140.54925701785712
140.92863135714285
141.26309949999998
141.5933964285714
141.8817109107143
142.15885682142857
142.41226851785714
142.63881726785715
142.8524862142857
143.02925299999998
143.19300885714284
143.31781342857144
143.44049560714285
143.5247276607143
143.60319853571428
143.66793119642858
143.70766175
143.71766623214288
143.7007270357143
143.7127214464286
143.67461985714286
143.63696489285712
143.58430689285717
143.52310175000002
143.44185928571426
115.92876903571428
115.47210562499998
115.06553825
114.70149301785713
114.40502783928571
114.16390857142858
113.95633212499999
113.79618414285716
113.68013174999999
113.59135289285713
113.54612417857143
113.526514375
113.54238073214285
113.58391124999999
113.65102644642857
113.74257499999999
113.85663535714285
113.99248671428572
114.14835698214286
114.32575994642858
114.51839885714286
114.72896089285715
114.95462799999999
115.19839089285713
115.45661994642857
115.73016925
116.01538755357143
116.31569935714286
116.62788903571429
116.9537095
117.29210876785714
117.64390103571428
118.00706708928573
118.38392033928571
118.7709285
119.17049457142858
119.58315024999999
120.004853625
120.44106292857143
120.88595341071428
121.34453751785713
121.81270832142857
122.29418105357142
122.78571262499999
123.28734942857142
123.79779825
124.31936633928571
124.84996376785713
125.39079041071427
125.93886085714286
126.49627962499999
127.06790425
127.63749339285714
128.2150740892857
128.801527625
129.3883830535714
129.97949544642856
130.57434999999998
131.16884235714284
131.76266685714285
132.35750035714284
132.93861719642857
133.53571698214287
134.1087433392857
134.69013474999997
135.25160807142856
135.8113619642857
136.35728582142855
136.88859976785716
137.41313907142853
137.91244873214285
138.404911
138.86925575
139.324173125
139.75156398214284
140.16514719642856
140.54925701785712
140.92863135714285
141.26309949999998
141.5933964285714
141.8817109107143
142.15885682142857
142.41226851785714
142.63881726785715
142.8524862142857
143.02925299999998
143.19300885714284
143.31781342857144
143.44049560714285
143.5247276607143
143.60319853571428
143.66793119642858
143.70766175
143.71766623214288
143.7007270357143
143.7127214464286
143.67461985714286
143.63696489285712
143.58430689285717
143.52310175000002
143.44185928571426
116.91747714285714
116.36389849999999
115.94942757142854
115.58321935714285
115.25071485714285
114.9701027142857
114.74088064285712
114.54030057142856
114.39196799999999
114.27527992857142
114.1924642142857
114.14653292857142
114.12743499999999
114.14349564285713
114.18017585714286
114.24257599999999
114.32857528571427
114.43714114285714
114.56594735714286
114.71610428571428
114.88398064285713
115.06851107142856
115.2720415
115.49123192857142
115.72619507142856
115.97647749999999
116.24067721428571
116.51906592857142
116.81194514285716
117.117933
117.43775157142858
117.77079507142858
118.11652757142856
118.47297335714283
118.84412835714285
119.22717114285715
119.62327049999999
120.02912807142857
120.44674835714285
120.87755314285715
121.31857214285714
121.772526
122.23830914285713
122.71361250000001
123.20032835714287
123.6969465
124.20243578571429
124.718266
125.2426345
125.77369985714284
126.314347
126.86498535714287
127.42148935714285
127.98547864285713
128.55231742857143
129.12100235714286
129.69892435714286
130.273455
130.8493142142857
131.43148585714286
132.0028037142857
132.57609421428572
133.14465507142856
133.71207871428572
134.26956299999998
134.82353135714283
135.36126957142858
135.89896285714286
136.41259264285713
136.92652892857143
137.41404007142856
137.89837649999998
138.3526915
138.80076235714287
139.22203314285713
139.62570742857142
140.00570028571428
140.3778615
140.712716
141.04665085714285
141.33809357142857
141.62350750000002
141.87219464285715
142.10625692857144
142.31460671428573
142.50102850000002
142.68185235714284
142.82308728571428
142.95496771428571
143.05727442857142
143.1490802142857
143.20821957142857
143.2637355
143.30750307142858
143.32133235714286
143.32696242857145
143.30158535714287
143.29475064285714
143.25520264285714
143.20834150000002
143.16392857142858
116.91747714285714
116.36389849999999
115.94942757142854
115.58321935714285
115.25071485714285
114.9701027142857
114.74088064285712
114.54030057142856
114.39196799999999
114.27527992857142
114.1924642142857
114.14653292857142
114.12743499999999
114.14349564285713
114.18017585714286
114.24257599999999
114.32857528571427
114.43714114285714
114.56594735714286
114.71610428571428
114.88398064285713
115.06851107142856
115.2720415
115.49123192857142
115.72619507142856
115.97647749999999
116.24067721428571
116.51906592857142
116.81194514285716
117.117933
117.43775157142858
117.77079507142858
118.11652757142856
118.47297335714283
118.84412835714285
119.22717114285715
119.62327049999999
120.02912807142857
120.44674835714285
120.87755314285715
121.31857214285714
121.772526
122.23830914285713
122.71361250000001
123.20032835714287
123.6969465
124.20243578571429
124.718266
125.2426345
125.77369985714284
126.314347
126.86498535714287
127.42148935714285
127.98547864285713
128.55231742857143
129.12100235714286
129.69892435714286
130.273455
130.8493142142857
131.43148585714286
132.0028037142857
132.57609421428572
133.14465507142856
133.71207871428572
134.26956299999998
134.82353135714283
135.36126957142858
135.89896285714286
136.41259264285713
136.92652892857143
137.41404007142856
137.89837649999998
138.3526915
138.80076235714287
139.22203314285713
139.62570742857142
140.00570028571428
140.3778615
140.712716
141.04665085714285
141.33809357142857
141.62350750000002
141.87219464285715
142.10625692857144
142.31460671428573
142.50102850000002
142.68185235714284
142.82308728571428
142.95496771428571
143.05727442857142
143.1490802142857
143.20821957142857
143.2637355
143.30750307142858
143.32133235714286
143.32696242857145
143.30158535714287
143.29475064285714
143.25520264285714
143.20834150000002
143.16392857142858
117.81758526785714
117.261798125
116.81587225
116.41154194642858
116.05880589285712
115.74283732142857
115.48019580357143
115.25925282142856
115.073070875
114.92904417857142
114.81909464285714
114.74035180357141
114.69470410714284
114.67993966071428
114.68917732142856
114.72669437500001
114.78431339285713
114.86938785714285
114.97252553571428
115.09540966071428
115.23680366071427
115.40031437500001
115.57888274999999
115.77571480357142
115.98825107142856
116.2165544642857
116.45849919642856
116.71813687499998
116.9894569107143
117.27617137499999
117.57541723214285
117.88984448214286
118.21675462499998
118.55804944642857
118.91177353571427
119.27743723214286
119.655667625
120.04654364285715
120.44909142857142
120.86411924999999
121.29057205357142
121.72756789285715
122.1785554107143
122.63828425
123.10961366071427
123.59123633928573
124.08276403571429
124.58196635714286
125.09032132142856
125.60686923214286
126.13311874999998
126.66549094642856
127.20595064285713
127.75043803571427
128.3040683214286
128.86222285714285
129.41518373214285
129.97755
130.54052348214285
131.09704676785714
131.6578707142857
132.2134321607143
132.76951407142855
133.3177037857143
133.862520125
134.40112044642856
134.92662401785714
135.450758
135.9520240357143
136.45146532142854
136.92872303571426
137.399393875
137.84904269642857
138.2846379285714
138.70769664285712
139.1006325892857
139.48523576785712
139.8494084107143
140.18496225
140.51375126785715
140.80397973214284
141.0947785892857
141.34915010714286
141.59350851785715
141.80878042857142
142.00716250000002
142.18175823214284
142.3327314642857
142.48164433928568
142.59153889285716
142.70035107142857
142.7891603035714
142.850052
142.916804125
142.9358843035714
142.96294714285716
142.96390010714285
142.96108476785713
142.92652766071427
142.91394575
142.87525178571428
117.81758526785714
117.261798125
116.81587225
116.41154194642858
116.05880589285712
115.74283732142857
115.48019580357143
115.25925282142856
115.073070875
114.92904417857142
114.81909464285714
114.74035180357141
114.69470410714284
114.67993966071428
114.68917732142856
114.72669437500001
114.78431339285713
114.86938785714285
114.97252553571428
115.09540966071428
115.23680366071427
115.40031437500001
115.57888274999999
115.77571480357142
115.98825107142856
116.2165544642857
116.45849919642856
116.71813687499998
116.9894569107143
117.27617137499999
117.57541723214285
117.88984448214286
118.21675462499998
118.55804944642857
118.91177353571427
119.27743723214286
119.655667625
120.04654364285715
120.44909142857142
120.86411924999999
121.29057205357142
121.72756789285715
122.1785554107143
122.63828425
123.10961366071427
123.59123633928573
124.08276403571429
124.58196635714286
125.09032132142856
125.60686923214286
126.13311874999998
126.66549094642856
127.20595064285713
127.75043803571427
128.3040683214286
128.86222285714285
129.41518373214285
129.97755
130.54052348214285
131.09704676785714
131.6578707142857
132.2134321607143
132.76951407142855
133.3177037857143
133.862520125
134.40112044642856
134.92662401785714
135.450758
135.9520240357143
136.45146532142854
136.92872303571426
137.399393875
137.84904269642857
138.2846379285714
138.70769664285712
139.1006325892857
139.48523576785712
139.8494084107143
140.18496225
140.51375126785715
140.80397973214284
141.0947785892857
141.34915010714286
141.59350851785715
141.80878042857142
142.00716250000002
142.18175823214284
142.3327314642857
142.48164433928568
142.59153889285716
142.70035107142857
142.7891603035714
142.850052
142.916804125
142.9358843035714
142.96294714285716
142.96390010714285
142.96108476785713
142.92652766071427
142.91394575
142.87525178571428
118.69287557142857
118.14956774999999
117.6472432142857
117.1995252142857
116.82044517857142
116.48217167857142
116.18692424999999
115.93849139285712
115.7270685
115.55309453571427
115.41858507142855
115.31232557142856
115.24290339285714
115.1964374642857
115.1815069642857
115.19261474999999
115.22580999999998
115.28395225
115.36218910714285
115.46203389285714
115.5809467142857
115.71971042857142
115.876283
116.04986982142856
116.23976003571428
116.44722535714284
116.66919092857142
116.90565196428571
117.15951814285714
117.42607050000001
117.70646782142856
118.00161789285714
118.31300282142857
118.63595103571427
118.97285310714284
119.32022046428571
119.68338525000001
120.05947539285714
120.44608857142856
120.84565278571428
121.25683517857144
121.6805822142857
122.11410625
122.55936399999999
123.01475489285716
123.48142085714287
123.95728653571427
124.44378132142856
124.93674210714286
125.43916889285714
125.948434
126.46774524999998
126.99031467857142
127.52214089285712
128.05559478571428
128.59591553571428
129.14107460714285
129.684426
130.22861432142858
130.77615167857144
131.3164855
131.8614120357143
132.39763389285716
132.9387037857143
133.46182175
133.99359825
134.49947985714286
135.01244707142857
135.50320314285716
135.99022360714287
136.4609240357143
136.9190805
137.36644664285714
137.79211214285715
138.20934728571427
138.59424317857145
138.9754167142857
139.33256342857143
139.67455700000002
140.00132546428574
140.29879667857142
140.58819139285717
140.84109914285713
141.09154846428572
141.30931642857144
141.5187365
141.71231878571427
141.87348924999998
142.02618185714283
142.1581226428571
142.26428789285714
142.36484757142856
142.441266
142.51059600000002
142.55707242857144
142.60636864285715
142.62134489285717
142.6377889642857
142.6365098214286
142.62522024999998
142.59435003571429
118.69287557142857
118.14956774999999
117.6472432142857
117.1995252142857
116.82044517857142
116.48217167857142
116.18692424999999
115.93849139285712
115.7270685
115.55309453571427
115.41858507142855
115.31232557142856
115.24290339285714
115.1964374642857
115.1815069642857
115.19261474999999
115.22580999999998
115.28395225
115.36218910714285
115.46203389285714
115.5809467142857
115.71971042857142
115.876283
116.04986982142856
116.23976003571428
116.44722535714284
116.66919092857142
116.90565196428571
117.15951814285714
117.42607050000001
117.70646782142856
118.00161789285714
118.31300282142857
118.63595103571427
118.97285310714284
119.32022046428571
119.68338525000001
120.05947539285714
120.44608857142856
120.84565278571428
121.25683517857144
121.6805822142857
122.11410625
122.55936399999999
123.01475489285716
123.48142085714287
123.95728653571427
124.44378132142856
124.93674210714286
125.43916889285714
125.948434
126.46774524999998
126.99031467857142
127.52214089285712
128.05559478571428
128.59591553571428
129.14107460714285
129.684426
130.22861432142858
130.77615167857144
131.3164855
131.8614120357143
132.39763389285716
132.9387037857143
133.46182175
133.99359825
134.49947985714286
135.01244707142857
135.50320314285716
135.99022360714287
136.4609240357143
136.9190805
137.36644664285714
137.79211214285715
138.20934728571427
138.59424317857145
138.9754167142857
139.33256342857143
139.67455700000002
140.00132546428574
140.29879667857142
140.58819139285717
140.84109914285713
141.09154846428572
141.30931642857144
141.5187365
141.71231878571427
141.87348924999998
142.02618185714283
142.1581226428571
142.26428789285714
142.36484757142856
142.441266
142.51059600000002
142.55707242857144
142.60636864285715
142.62134489285717
142.6377889642857
142.6365098214286
142.62522024999998
142.59435003571429
119.51064869642855
118.94799250000001
118.41972944642856
117.9536222142857
117.54114646428572
117.178812375
116.86419860714285
116.58213794642857
116.35187049999999
116.15221060714285
115.99022005357142
115.86199719642856
115.76354707142858
115.69443201785715
115.65366916071427
115.64061874999999
115.6513004642857
115.68339446428571
115.73841617857143
115.81495078571427
115.91180010714285
116.02773062499999
116.16163525000002
116.31465053571429
116.48248073214286
116.66953048214286
116.8697775892857
117.08712501785713
117.32071839285713
117.56932925
117.83155623214284
118.10904785714285
118.401794
118.70741469642856
119.02529041071429
119.35919558928572
119.70587087499999
120.065837125
120.43842478571429
120.82104333928571
121.21769542857143
121.62541623214285
122.04569978571428
122.4759
122.91783442857144
123.37020203571429
123.83205312499999
124.30042001785714
124.77993132142855
125.2680305
125.76497762499997
126.26637326785712
126.77669442857143
127.29021771428572
127.81156976785715
128.33379994642857
128.86271139285714
129.392832125
129.92639037499998
130.4568035
130.98163975
131.514314375
132.03566714285714
132.56022896428573
133.074127
133.58497473214285
134.0872063392857
134.58067355357144
135.06705242857143
135.5393591785714
136.00530080357143
136.4510575
136.89275175
137.31147491071428
137.72513007142857
138.10523232142856
138.48844308928568
138.8382449642857
139.178020625
139.49820180357142
139.80179814285714
140.09703248214285
140.3596807142857
140.6139617857143
140.84421866071426
141.05380175000002
141.24521167857142
141.421636875
141.56970416071428
141.71681723214283
141.83701510714286
141.94816430357145
142.054783875
142.125715875
142.2000605892857
142.2457550535714
142.28410532142857
142.31954455357143
142.33395957142858
142.34019612499998
142.34185923214284
119.51064869642855
118.94799250000001
118.41972944642856
117.9536222142857
117.54114646428572
117.178812375
116.86419860714285
116.58213794642857
116.35187049999999
116.15221060714285
115.99022005357142
115.86199719642856
115.76354707142858
115.69443201785715
115.65366916071427
115.64061874999999
115.6513004642857
115.68339446428571
115.73841617857143
115.81495078571427
115.91180010714285
116.02773062499999
116.16163525000002
116.31465053571429
116.48248073214286
116.66953048214286
116.8697775892857
117.08712501785713
117.32071839285713
117.56932925
117.83155623214284
118.10904785714285
118.401794
118.70741469642856
119.02529041071429
119.35919558928572
119.70587087499999
120.065837125
120.43842478571429
120.82104333928571
121.21769542857143
121.62541623214285
122.04569978571428
122.4759
122.91783442857144
123.37020203571429
123.83205312499999
124.30042001785714
124.77993132142855
125.2680305
125.76497762499997
126.26637326785712
126.77669442857143
127.29021771428572
127.81156976785715
128.33379994642857
128.86271139285714
129.392832125
129.92639037499998
130.4568035
130.98163975
131.514314375
132.03566714285714
132.56022896428573
133.074127
133.58497473214285
134.0872063392857
134.58067355357144
135.06705242857143
135.5393591785714
136.00530080357143
136.4510575
136.89275175
137.31147491071428
137.72513007142857
138.10523232142856
138.48844308928568
138.8382449642857
139.178020625
139.49820180357142
139.80179814285714
140.09703248214285
140.3596807142857
140.6139617857143
140.84421866071426
141.05380175000002
141.24521167857142
141.421636875
141.56970416071428
141.71681723214283
141.83701510714286
141.94816430357145
142.054783875
142.125715875
142.2000605892857
142.2457550535714
142.28410532142857
142.31954455357143
142.33395957142858
142.34019612499998
142.34185923214284
120.29991957142857
119.693434
119.16072585714286
118.65540114285714
118.22622771428571
117.829465
117.50196314285715
117.19849242857141
116.942468
116.7245817142857
116.53654057142857
116.386368
116.26231685714285
116.17523857142857
116.106348
116.07081600000001
116.05871271428572
116.06846414285714
116.10194642857144
116.15520042857143
116.22885228571427
116.32270828571428
116.43559
116.56608742857144
116.71519171428571
116.87957028571428
117.06099385714285
117.25899585714285
117.47423985714288
117.70293699999999
117.94794257142858
118.20674557142857
118.48254714285713
118.77045614285714
119.07544385714286
119.392262
119.722244
120.06562828571428
120.42386871428572
120.79278485714285
121.17503242857141
121.56816842857143
121.97182542857142
122.389398
122.81682957142856
123.25347657142858
123.70175785714284
124.158722
124.62156728571428
125.09614557142856
125.576575
126.06534514285713
126.56095071428571
127.060121
127.56628985714286
128.07642428571427
128.58848799999998
129.105042
129.6209602857143
130.14013628571428
130.65300314285713
131.1696014285714
131.67888414285716
132.19012885714284
132.690854
133.19157614285712
133.68064128571427
134.1651572857143
134.640926
135.10294814285714
135.56069399999998
135.99818499999998
136.43126299999997
136.8448255714286
137.24893428571426
137.6302887142857
138.01061085714284
138.36114485714285
138.708346
139.02617414285714
139.33377114285713
139.61848042857142
139.8907947142857
140.13616185714287
140.36950328571427
140.587338
140.78640985714287
140.98281071428573
141.1459982857143
141.2999324285714
141.44232757142856
141.5557614285714
141.672483
141.7553112857143
141.8450292857143
141.89628057142858
141.96673314285715
142.00330942857144
142.03637457142855
142.063941
142.07986585714286
120.29991957142857
119.693434
119.16072585714286
118.65540114285714
118.22622771428571
117.829465
117.50196314285715
117.19849242857141
116.942468
116.7245817142857
116.53654057142857
116.386368
116.26231685714285
116.17523857142857
116.106348
116.07081600000001
116.05871271428572
116.06846414285714
116.10194642857144
116.15520042857143
116.22885228571427
116.32270828571428
116.43559
116.56608742857144
116.71519171428571
116.87957028571428
117.06099385714285
117.25899585714285
117.47423985714288
117.70293699999999
117.94794257142858
118.20674557142857
118.48254714285713
118.77045614285714
119.07544385714286
119.392262
119.722244
120.06562828571428
120.42386871428572
120.79278485714285
121.17503242857141
121.56816842857143
121.97182542857142
122.389398
122.81682957142856
123.25347657142858
123.70175785714284
124.158722
124.62156728571428
125.09614557142856
125.576575
126.06534514285713
126.56095071428571
127.060121
127.56628985714286
128.07642428571427
128.58848799999998
129.105042
129.6209602857143
130.14013628571428
130.65300314285713
131.1696014285714
131.67888414285716
132.19012885714284
132.690854
133.19157614285712
133.68064128571427
134.1651572857143
134.640926
135.10294814285714
135.56069399999998
135.99818499999998
136.43126299999997
136.8448255714286
137.24893428571426
137.6302887142857
138.01061085714284
138.36114485714285
138.708346
139.02617414285714
139.33377114285713
139.61848042857142
139.8907947142857
140.13616185714287
140.36950328571427
140.587338
140.78640985714287
140.98281071428573
141.1459982857143
141.2999324285714
141.44232757142856
141.5557614285714
141.672483
141.7553112857143
141.8450292857143
141.89628057142858
141.96673314285715
142.00330942857144
142.03637457142855
142.063941
142.07986585714286
120.98794153571427
120.363700625
119.82039758928572
119.31539683928571
118.86165541071429
118.46111355357144
118.0961880892857
117.780765125
117.5037485
117.25986367857142
117.05656948214285
116.88159519642856
116.74063701785713
116.62673539285714
116.5419765535714
116.48318212500001
116.4474325
116.43657326785714
116.44788592857142
116.48115732142857
116.53374307142856
116.60653169642858
116.697579875
116.80669925000001
116.93575912499998
117.08193258928571
117.24305655357142
117.42164226785714
117.6164287142857
117.82880474999999
118.05533025
118.29757348214284
118.55576435714285
118.82861064285714
119.11385812500001
119.41571291071429
119.73162325
120.0613385
120.40305055357143
120.75870062499999
121.1258779642857
121.50340128571429
121.89597166071428
122.297356875
122.71114185714286
123.13564494642857
123.56801985714284
124.01147551785714
124.46138228571428
124.92209430357143
125.38980312499999
125.86491953571428
126.34415596428572
126.83033326785714
127.32277508928573
127.8193575
128.31826283928572
128.81810337500002
129.323890125
129.82819489285714
130.32970114285715
130.83142169642858
131.3321287142857
131.825318125
132.322824
132.80387530357143
133.29078203571427
133.75829791071428
134.22841789285712
134.67940401785714
135.12986185714286
135.56178175000002
135.987243875
136.39696582142858
136.7943628035714
137.17848632142855
137.54874876785712
137.89874482142858
138.23761174999999
138.55340455357143
138.863747
139.14370780357143
139.429185875
139.68260132142856
139.92667146428573
140.15560349999998
140.3612279107143
140.55195846428572
140.73364482142856
140.88486626785715
141.03239451785714
141.16885832142856
141.28633
141.3935745357143
141.48564001785712
141.57120925000004
141.64680091071426
141.69536014285714
141.75605639285715
141.78976275
141.81994421428573
120.98794153571427
120.363700625
119.82039758928572
119.31539683928571
118.86165541071429
118.46111355357144
118.0961880892857
117.780765125
117.5037485
117.25986367857142
117.05656948214285
116.88159519642856
116.74063701785713
116.62673539285714
116.5419765535714
116.48318212500001
116.4474325
116.43657326785714
116.44788592857142
116.48115732142857
116.53374307142856
116.60653169642858
116.697579875
116.80669925000001
116.93575912499998
117.08193258928571
117.24305655357142
117.42164226785714
117.6164287142857
117.82880474999999
118.05533025
118.29757348214284
118.55576435714285
118.82861064285714
119.11385812500001
119.41571291071429
119.73162325
120.0613385
120.40305055357143
120.75870062499999
121.1258779642857
121.50340128571429
121.89597166071428
122.297356875
122.71114185714286
123.13564494642857
123.56801985714284
124.01147551785714
124.46138228571428
124.92209430357143
125.38980312499999
125.86491953571428
126.34415596428572
126.83033326785714
127.32277508928573
127.8193575
128.31826283928572
128.81810337500002
129.323890125
129.82819489285714
130.32970114285715
130.83142169642858
131.3321287142857
131.825318125
132.322824
132.80387530357143
133.29078203571427
133.75829791071428
134.22841789285712
134.67940401785714
135.12986185714286
135.56178175000002
135.987243875
136.39696582142858
136.7943628035714
137.17848632142855
137.54874876785712
137.89874482142858
138.23761174999999
138.55340455357143
138.863747
139.14370780357143
139.429185875
139.68260132142856
139.92667146428573
140.15560349999998
140.3612279107143
140.55195846428572
140.73364482142856
140.88486626785715
141.03239451785714
141.16885832142856
141.28633
141.3935745357143
141.48564001785712
141.57120925000004
141.64680091071426
141.69536014285714
141.75605639285715
141.78976275
141.81994421428573
121.64680125000001
121.0098735
120.45001253571428
119.92426550000002
119.46123085714285
119.04056767857142
118.66619789285716
118.324428
118.036815
117.77053207142856
117.54985714285714
117.35484503571429
117.19521074999999
117.06162228571428
116.95422392857142
116.87567
116.81868460714286
116.7877715
116.77917375
116.79134889285714
116.82295767857141
116.87625882142856
116.94817724999999
117.03777389285715
117.14607860714287
117.27085857142856
117.41372221428571
117.57440535714287
117.75096314285713
117.94416675000001
118.15431803571427
118.3783365
118.61994025
118.87619546428571
119.14723957142857
119.43281482142858
119.73517325000002
120.05089446428572
120.37706782142858
120.71743978571429
121.07024964285714
121.43682132142857
121.81320467857142
122.20196150000001
122.60146446428571
123.01156482142858
123.43272139285713
123.86099582142856
124.29974907142856
124.74673014285713
125.2009775
125.66189128571429
126.12997914285714
126.6010107857143
127.08197585714285
127.56182410714285
128.04924235714287
128.53890125
129.02848075
129.51800689285716
130.00878714285716
130.49947453571428
130.98683617857145
131.47174071428572
131.95289300000002
132.42776839285713
132.90032439285716
133.36135889285714
133.8195575
134.26404375
134.70387
135.1307685
135.5474644642857
135.9541095
136.34414117857142
136.7271642857143
137.08507707142857
137.44173246428574
137.77948725
138.10415935714283
138.41523910714287
138.70634485714285
138.9851159642857
139.24677564285713
139.49002132142857
139.7148725
139.93475689285717
140.12719975000002
140.3211955357143
140.49443985714288
140.64950357142857
140.80546160714286
140.92697325
141.0551192142857
141.15066075000001
141.25552982142855
141.327537
141.4065769642857
141.4715605714286
141.51865575
141.57315660714286
121.64680125000001
121.0098735
120.45001253571428
119.92426550000002
119.46123085714285
119.04056767857142
118.66619789285716
118.324428
118.036815
117.77053207142856
117.54985714285714
117.35484503571429
117.19521074999999
117.06162228571428
116.95422392857142
116.87567
116.81868460714286
116.7877715
116.77917375
116.79134889285714
116.82295767857141
116.87625882142856
116.94817724999999
117.03777389285715
117.14607860714287
117.27085857142856
117.41372221428571
117.57440535714287
117.75096314285713
117.94416675000001
118.15431803571427
118.3783365
118.61994025
118.87619546428571
119.14723957142857
119.43281482142858
119.73517325000002
120.05089446428572
120.37706782142858
120.71743978571429
121.07024964285714
121.43682132142857
121.81320467857142
122.20196150000001
122.60146446428571
123.01156482142858
123.43272139285713
123.86099582142856
124.29974907142856
124.74673014285713
125.2009775
125.66189128571429
126.12997914285714
126.6010107857143
127.08197585714285
127.56182410714285
128.04924235714287
128.53890125
129.02848075
129.51800689285716
130.00878714285716
130.49947453571428
130.98683617857145
131.47174071428572
131.95289300000002
132.42776839285713
132.90032439285716
133.36135889285714
133.8195575
134.26404375
134.70387
135.1307685
135.5474644642857
135.9541095
136.34414117857142
136.7271642857143
137.08507707142857
137.44173246428574
137.77948725
138.10415935714283
138.41523910714287
138.70634485714285
138.9851159642857
139.24677564285713
139.49002132142857
139.7148725
139.93475689285717
140.12719975000002
140.3211955357143
140.49443985714288
140.64950357142857
140.80546160714286
140.92697325
141.0551192142857
141.15066075000001
141.25552982142855
141.327537
141.4065769642857
141.4715605714286
141.51865575
141.57315660714286
122.21531355357143
121.59201437499999
121.02431933928571
120.49192123214286
120.0131680357143
119.58404744642857
119.19506453571428
118.84624032142858
118.52900999999999
118.25619007142858
118.01335775000001
117.80459980357142
117.62461464285714
117.47222051785715
117.34840410714284
117.25033212500001
117.1744427142857
117.12357187500001
117.09286116071429
117.08480376785715
117.09893817857143
117.1330284642857
117.1837005
117.25611716071427
117.34374792857143
117.45120733928572
117.57414066071429
117.71578453571428
117.87342555357142
118.04966499999999
118.24290873214287
118.45125530357143
118.67647807142858
118.91589412500001
119.173488875
119.44356916071429
119.72856262500001
120.02964516071428
120.34390419642857
120.66987164285715
121.01115169642857
121.36276460714285
121.72601935714285
122.101455
122.4883993392857
122.88556435714287
123.29239728571429
123.70892123214284
124.13335110714286
124.56745032142857
125.008259375
125.45824498214286
125.91203307142857
126.37341591071427
126.83771632142857
127.30798775
127.78168830357143
128.25814062499998
128.73668339285715
129.21342516071428
129.69282978571428
130.16861567857143
130.6516099642857
131.12130469642858
131.595787375
132.05832585714285
132.52072094642858
132.97543889285714
133.42152280357143
133.86348964285713
134.29146
134.716965125
135.12455849999998
135.52902735714287
135.91381830357142
136.29335516071427
136.65423655357142
137.01092614285716
137.343343625
137.66792680357142
137.9711033035714
138.26937321428574
138.5421814107143
138.80965185714285
139.06584917857143
139.30044475
139.52887085714286
139.73589025
139.92840394642857
140.11333380357144
140.27553694642856
140.43495525
140.57200137499999
140.7076866785714
140.82022196428568
140.9337096964286
141.02591008928573
141.1262548392857
141.19154648214285
141.26760587500002
141.32725057142858
122.21531355357143
121.59201437499999
121.02431933928571
120.49192123214286
120.0131680357143
119.58404744642857
119.19506453571428
118.84624032142858
118.52900999999999
118.25619007142858
118.01335775000001
117.80459980357142
117.62461464285714
117.47222051785715
117.34840410714284
117.25033212500001
117.1744427142857
117.12357187500001
117.09286116071429
117.08480376785715
117.09893817857143
117.1330284642857
117.1837005
117.25611716071427
117.34374792857143
117.45120733928572
117.57414066071429
117.71578453571428
117.87342555357142
118.04966499999999
118.24290873214287
118.45125530357143
118.67647807142858
118.91589412500001
119.173488875
119.44356916071429
119.72856262500001
120.02964516071428
120.34390419642857
120.66987164285715
121.01115169642857
121.36276460714285
121.72601935714285
122.101455
122.4883993392857
122.88556435714287
123.29239728571429
123.70892123214284
124.13335110714286
124.56745032142857
125.008259375
125.45824498214286
125.91203307142857
126.37341591071427
126.83771632142857
127.30798775
127.78168830357143
128.25814062499998
128.73668339285715
129.21342516071428
129.69282978571428
130.16861567857143
130.6516099642857
131.12130469642858
131.595787375
132.05832585714285
132.52072094642858
132.97543889285714
133.42152280357143
133.86348964285713
134.29146
134.716965125
135.12455849999998
135.52902735714287
135.91381830357142
136.29335516071427
136.65423655357142
137.01092614285716
137.343343625
137.66792680357142
137.9711033035714
138.26937321428574
138.5421814107143
138.80965185714285
139.06584917857143
139.30044475
139.52887085714286
139.73589025
139.92840394642857
140.11333380357144
140.27553694642856
140.43495525
140.57200137499999
140.7076866785714
140.82022196428568
140.9337096964286
141.02591008928573
141.1262548392857
141.19154648214285
141.26760587500002
141.32725057142858
122.75357042857144
122.122853
121.54560528571429
121.01006764285714
120.53510000000001
120.0829637142857
119.68898757142857
119.32585235714285
119.0019435
118.7094887142857
118.45433321428571
118.22947185714285
118.03229571428571
117.86218771428571
117.72100085714285
117.60471549999998
117.51069928571427
117.44038228571426
117.39199157142858
117.36727399999998
117.36128728571428
117.37536214285714
117.4079365
117.46007735714285
117.5296512857143
117.6178547142857
117.72399457142856
117.84783178571428
117.98740285714285
118.1461705
118.32030735714285
118.51337407142856
118.72290921428572
118.94644135714286
119.1889085
119.4450422142857
119.717073
120.00347042857143
120.303865
120.61816235714285
120.94509135714284
121.28265357142857
121.63351399999999
121.99587549999998
122.37133564285715
122.7546615
123.14998692857142
123.55274614285713
123.96577121428571
124.3869625
124.81545399999999
125.25254492857144
125.69480207142858
126.14332592857143
126.59668357142856
127.05464064285712
127.51699671428571
127.98075349999999
128.44647735714287
128.91083642857143
129.3804580714286
129.8461827857143
130.3162405
130.777332
131.2397575
131.69421492857143
132.14684157142858
132.59276571428572
133.03236142857142
133.46625492857143
133.88824907142856
134.3072475
134.70930764285714
135.1076072857143
135.49009992857142
135.86486842857144
136.22612828571428
136.57370407142855
136.905732
137.23683664285716
137.54443364285717
137.84777007142858
138.13061028571428
138.40097292857143
138.65674442857144
138.8995185
139.12189085714286
139.34165564285715
139.5351407857143
139.727767
139.9142905
140.074921
140.233204
140.37000142857138
140.5053837857143
140.6209484285714
140.73746492857143
140.83585864285715
140.92476542857145
141.01797599999998
141.08409607142858
122.75357042857144
122.122853
121.54560528571429
121.01006764285714
120.53510000000001
120.0829637142857
119.68898757142857
119.32585235714285
119.0019435
118.7094887142857
118.45433321428571
118.22947185714285
118.03229571428571
117.86218771428571
117.72100085714285
117.60471549999998
117.51069928571427
117.44038228571426
117.39199157142858
117.36727399999998
117.36128728571428
117.37536214285714
117.4079365
117.46007735714285
117.5296512857143
117.6178547142857
117.72399457142856
117.84783178571428
117.98740285714285
118.1461705
118.32030735714285
118.51337407142856
118.72290921428572
118.94644135714286
119.1889085
119.4450422142857
119.717073
120.00347042857143
120.303865
120.61816235714285
120.94509135714284
121.28265357142857
121.63351399999999
121.99587549999998
122.37133564285715
122.7546615
123.14998692857142
123.55274614285713
123.96577121428571
124.3869625
124.81545399999999
125.25254492857144
125.69480207142858
126.14332592857143
126.59668357142856
127.05464064285712
127.51699671428571
127.98075349999999
128.44647735714287
128.91083642857143
129.3804580714286
129.8461827857143
130.3162405
130.777332
131.2397575
131.69421492857143
132.14684157142858
132.59276571428572
133.03236142857142
133.46625492857143
133.88824907142856
134.3072475
134.70930764285714
135.1076072857143
135.49009992857142
135.86486842857144
136.22612828571428
136.57370407142855
136.905732
137.23683664285716
137.54443364285717
137.84777007142858
138.13061028571428
138.40097292857143
138.65674442857144
138.8995185
139.12189085714286
139.34165564285715
139.5351407857143
139.727767
139.9142905
140.074921
140.233204
140.37000142857138
140.5053837857143
140.6209484285714
140.73746492857143
140.83585864285715
140.92476542857145
141.01797599999998
141.08409607142858
123.24368367857144
122.62300925000002
122.03508126785714
121.50073107142859
121.00503248214285
120.55637682142857
120.14365342857143
119.77693094642856
119.438333875
119.13922398214285
118.86808291071428
118.62545076785713
118.41186344642858
118.23038991071431
118.07148278571428
117.94028625
117.82883207142856
117.743279625
117.6764460892857
117.63315850000001
117.60882258928572
117.60463275
117.618272875
117.65097742857142
117.70289708928571
117.77268685714287
117.85985507142857
117.965662375
118.08916130357143
118.23097075
118.38849098214286
118.5652980892857
118.75854917857143
118.968507875
119.196958875
119.4387622142857
119.69665362500001
119.97016742857143
120.25637182142857
120.55803630357143
120.87059342857142
121.19721101785714
121.53543385714286
121.88652049999999
122.24800748214284
122.61944808928573
123.00171191071428
123.39406341071427
123.79517064285714
124.2040547142857
124.6211385
125.04626774999998
125.47681753571429
125.91385676785714
126.355473125
126.80100180357141
127.25068239285713
127.70372162499999
128.15960426785713
128.61417678571428
129.07241501785714
129.52732182142856
129.98300455357142
130.442150625
130.88968125
131.34280601785713
131.78124825
132.224958
132.65261605357142
133.08146180357141
133.49711985714285
133.90836575
134.30897905357142
134.70049266071427
135.08264282142855
135.4527335535714
135.81357053571426
136.160689
136.500125125
136.82362405357145
137.13591001785716
137.43245135714287
137.71815948214285
137.98934860714286
138.2476667857143
138.503667625
138.73458546428571
138.96127248214287
139.176019375
139.37008237499998
139.5647282142857
139.73200696428572
139.90174925
140.048011375
140.19640898214288
140.32294635714285
140.45384666071428
140.557136
140.6729594642857
140.76415775
140.85161725
123.24368367857144
122.62300925000002
122.03508126785714
121.50073107142859
121.00503248214285
120.55637682142857
120.14365342857143
119.77693094642856
119.438333875
119.13922398214285
118.86808291071428
118.62545076785713
118.41186344642858
118.23038991071431
118.07148278571428
117.94028625
117.82883207142856
117.743279625
117.6764460892857
117.63315850000001
117.60882258928572
117.60463275
117.618272875
117.65097742857142
117.70289708928571
117.77268685714287
117.85985507142857
117.965662375
118.08916130357143
118.23097075
118.38849098214286
118.5652980892857
118.75854917857143
118.968507875
119.196958875
119.4387622142857
119.69665362500001
119.97016742857143
120.25637182142857
120.55803630357143
120.87059342857142
121.19721101785714
121.53543385714286
121.88652049999999
122.24800748214284
122.61944808928573
123.00171191071428
123.39406341071427
123.79517064285714
124.2040547142857
124.6211385
125.04626774999998
125.47681753571429
125.91385676785714
126.355473125
126.80100180357141
127.25068239285713
127.70372162499999
128.15960426785713
128.61417678571428
129.07241501785714
129.52732182142856
129.98300455357142
130.442150625
130.88968125
131.34280601785713
131.78124825
132.224958
132.65261605357142
133.08146180357141
133.49711985714285
133.90836575
134.30897905357142
134.70049266071427
135.08264282142855
135.4527335535714
135.81357053571426
136.160689
136.500125125
136.82362405357145
137.13591001785716
137.43245135714287
137.71815948214285
137.98934860714286
138.2476667857143
138.503667625
138.73458546428571
138.96127248214287
139.176019375
139.37008237499998
139.5647282142857
139.73200696428572
139.90174925
140.048011375
140.19640898214288
140.32294635714285
140.45384666071428
140.557136
140.6729594642857
140.76415775
140.85161725
123.67040367857143
123.04623975000001
122.46791532142858
121.93903317857144
121.44571632142859
120.98867807142857
120.57563553571428
120.18709560714287
119.85133375000001
119.53321653571427
119.25476664285715
118.99705864285716
118.7737780357143
118.57446446428571
118.401465
118.25494925000001
118.13067071428571
118.02526682142857
117.9440292857143
117.88274614285714
117.840606
117.81922792857142
117.8151395
117.83038107142858
117.86343960714285
117.91476046428573
117.98482996428571
118.07271421428571
118.17879039285714
118.30367075000001
118.44556492857143
118.60596189285714
118.78522857142858
118.98115953571428
119.19399739285714
119.42298039285716
119.6677095
119.92814682142858
120.20288617857142
120.49041414285715
120.79173953571427
121.10654475
121.43231135714286
121.77102449999998
122.120761
122.48127228571428
122.85043689285713
123.23197296428572
123.62128310714286
124.01939282142857
124.42446075
124.83790332142858
125.25673292857144
125.68202925000001
126.1131630357143
126.54921714285712
126.98819228571428
127.43057925000001
127.87375410714286
128.31656035714286
128.76833578571427
129.2144419285714
129.65996417857144
130.10876153571428
130.54855825
130.99109003571428
131.4232854642857
131.85661014285714
132.27966885714287
132.70046167857143
133.11251967857143
133.51676824999998
133.91522639285714
134.3002642857143
134.68266967857141
135.04750857142858
135.40969160714283
135.75350642857143
136.09327375
136.41020296428573
136.7285853214286
137.02758292857143
137.32206275
137.60255710714284
137.86657482142857
138.12093675
138.3643369642857
138.5888964642857
138.80726896428573
139.01391424999997
139.210098
139.39333003571429
139.56824749999998
139.73055992857144
139.88545260714287
140.02784328571428
140.16600296428572
140.29502567857142
140.42001757142856
140.51828949999998
140.63282467857144
123.67040367857143
123.04623975000001
122.46791532142858
121.93903317857144
121.44571632142859
120.98867807142857
120.57563553571428
120.18709560714287
119.85133375000001
119.53321653571427
119.25476664285715
118.99705864285716
118.7737780357143
118.57446446428571
118.401465
118.25494925000001
118.13067071428571
118.02526682142857
117.9440292857143
117.88274614285714
117.840606
117.81922792857142
117.8151395
117.83038107142858
117.86343960714285
117.91476046428573
117.98482996428571
118.07271421428571
118.17879039285714
118.30367075000001
118.44556492857143
118.60596189285714
118.78522857142858
118.98115953571428
119.19399739285714
119.42298039285716
119.6677095
119.92814682142858
120.20288617857142
120.49041414285715
120.79173953571427
121.10654475
121.43231135714286
121.77102449999998
122.120761
122.48127228571428
122.85043689285713
123.23197296428572
123.62128310714286
124.01939282142857
124.42446075
124.83790332142858
125.25673292857144
125.68202925000001
126.1131630357143
126.54921714285712
126.98819228571428
127.43057925000001
127.87375410714286
128.31656035714286
128.76833578571427
129.2144419285714
129.65996417857144
130.10876153571428
130.54855825
130.99109003571428
131.4232854642857
131.85661014285714
132.27966885714287
132.70046167857143
133.11251967857143
133.51676824999998
133.91522639285714
134.3002642857143
134.68266967857141
135.04750857142858
135.40969160714283
135.75350642857143
136.09327375
136.41020296428573
136.7285853214286
137.02758292857143
137.32206275
137.60255710714284
137.86657482142857
138.12093675
138.3643369642857
138.5888964642857
138.80726896428573
139.01391424999997
139.210098
139.39333003571429
139.56824749999998
139.73055992857144
139.88545260714287
140.02784328571428
140.16600296428572
140.29502567857142
140.42001757142856
140.51828949999998
140.63282467857144
124.07071285714287
123.45446875
122.87144753571428
122.33814244642858
121.84494008928573
121.38927482142857
120.96745225000001
120.5829664642857
120.22979112499999
119.90556582142858
119.61545553571429
119.34970676785714
119.11107810714284
118.89936448214287
118.71202389285713
118.5502975
118.40868071428571
118.29416992857143
118.19433048214285
118.11635012500001
118.05811598214285
118.01853433928571
117.99837025
117.99572257142856
118.01228317857144
118.04490794642855
118.0971334642857
118.16575483928571
118.2553110714286
118.363195875
118.49068142857143
118.63576880357144
118.80031664285714
118.98273196428572
119.18200726785716
119.3980925
119.630566
119.87864292857144
120.13998739285714
120.41553023214286
120.70547107142858
121.00821291071429
121.32228483928571
121.64968962500001
121.98862698214286
122.33682785714285
122.69623808928571
123.06624335714285
123.44371051785714
123.83051258928572
124.22517875
124.62644476785715
125.03605051785715
125.45018267857142
125.87092362500002
126.29619169642856
126.72478575000001
127.15718625
127.59271989285716
128.02692273214285
128.46619080357144
128.90252125
129.34052723214285
129.77831957142857
130.21338649999998
130.6448544642857
131.0747147142857
131.49651830357143
131.91837998214288
132.32878342857143
132.7398469642857
133.136579875
133.53238346428572
133.91384383928573
134.29191023214284
134.65617580357141
135.015175
135.35990451785713
135.698107
136.02290032142858
136.3411763392857
136.64443851785714
136.9375163392857
137.21517776785714
137.4870478392857
137.7388425
137.99169417857144
138.22808360714285
138.45381089285715
138.67627153571428
138.87581410714287
139.0756765892857
139.252664625
139.4336722142857
139.59252335714285
139.75312321428572
139.89517148214287
140.039055125
140.16464364285713
140.291823
140.41175633928572
124.07071285714287
123.45446875
122.87144753571428
122.33814244642858
121.84494008928573
121.38927482142857
120.96745225000001
120.5829664642857
120.22979112499999
119.90556582142858
119.61545553571429
119.34970676785714
119.11107810714284
118.89936448214287
118.71202389285713
118.5502975
118.40868071428571
118.29416992857143
118.19433048214285
118.11635012500001
118.05811598214285
118.01853433928571
117.99837025
117.99572257142856
118.01228317857144
118.04490794642855
118.0971334642857
118.16575483928571
118.2553110714286
118.363195875
118.49068142857143
118.63576880357144
118.80031664285714
118.98273196428572
119.18200726785716
119.3980925
119.630566
119.87864292857144
120.13998739285714
120.41553023214286
120.70547107142858
121.00821291071429
121.32228483928571
121.64968962500001
121.98862698214286
122.33682785714285
122.69623808928571
123.06624335714285
123.44371051785714
123.83051258928572
124.22517875
124.62644476785715
125.03605051785715
125.45018267857142
125.87092362500002
126.29619169642856
126.72478575000001
127.15718625
127.59271989285716
128.02692273214285
128.46619080357144
128.90252125
129.34052723214285
129.77831957142857
130.21338649999998
130.6448544642857
131.0747147142857
131.49651830357143
131.91837998214288
132.32878342857143
132.7398469642857
133.136579875
133.53238346428572
133.91384383928573
134.29191023214284
134.65617580357141
135.015175
135.35990451785713
135.698107
136.02290032142858
136.3411763392857
136.64443851785714
136.9375163392857
137.21517776785714
137.4870478392857
137.7388425
137.99169417857144
138.22808360714285
138.45381089285715
138.67627153571428
138.87581410714287
139.0756765892857
139.252664625
139.4336722142857
139.59252335714285
139.75312321428572
139.89517148214287
140.039055125
140.16464364285713
140.291823
140.41175633928572
124.40683000000001
123.797452
123.23404685714289
122.70936700000001
122.21077971428574
121.7515162857143
121.33208400000001
120.94149242857142
120.58239800000001
120.25167042857143
119.95061942857143
119.67640442857143
119.42796514285715
119.20250614285715
119.00575028571427
118.82869400000001
118.67491257142856
118.54148785714285
118.42870171428572
118.33586742857143
118.26156285714283
118.20519242857144
118.168288
118.14824285714286
118.14653457142856
118.16283057142859
118.19610857142857
118.2476582857143
118.319362
118.41056700000001
118.522044
118.65381328571428
118.80343171428572
118.97279185714287
119.15975542857143
119.36273342857143
119.58301800000001
119.818394
120.06941771428572
120.3342507142857
120.61227514285714
120.90351371428572
121.20794514285714
121.524093
121.85039742857143
122.1882192857143
122.53731428571429
122.89547657142857
123.26344599999999
123.63973242857142
124.02336
124.41572057142857
124.8140062857143
125.21904085714283
125.628884
126.04416071428571
126.46373685714286
126.885413
127.31018057142857
127.73543285714287
128.16645914285715
128.59701657142858
129.02511085714286
129.4540047142857
129.88126999999997
130.30621742857141
130.72783314285715
131.14503071428572
131.55911457142855
131.96531214285713
132.36881485714287
132.762676
133.15285085714285
133.5336357142857
133.90762057142854
134.27188042857142
134.6277397142857
134.97481714285712
135.310544
135.63989128571427
135.95142057142857
136.25807885714283
136.55503314285716
136.84029442857144
137.12055742857143
137.382918
137.63752
137.88352685714284
138.11270028571428
138.33996085714284
138.54755314285714
138.75628257142859
138.94347399999998
139.13460971428572
139.30255142857143
139.47734814285715
139.628622
139.78373299999998
139.92512914285714
140.068853
140.18895742857143
124.40683000000001
123.797452
123.23404685714289
122.70936700000001
122.21077971428574
121.7515162857143
121.33208400000001
120.94149242857142
120.58239800000001
120.25167042857143
119.95061942857143
119.67640442857143
119.42796514285715
119.20250614285715
119.00575028571427
118.82869400000001
118.67491257142856
118.54148785714285
118.42870171428572
118.33586742857143
118.26156285714283
118.20519242857144
118.168288
118.14824285714286
118.14653457142856
118.16283057142859
118.19610857142857
118.2476582857143
118.319362
118.41056700000001
118.522044
118.65381328571428
118.80343171428572
118.97279185714287
119.15975542857143
119.36273342857143
119.58301800000001
119.818394
120.06941771428572
120.3342507142857
120.61227514285714
120.90351371428572
121.20794514285714
121.524093
121.85039742857143
122.1882192857143
122.53731428571429
122.89547657142857
123.26344599999999
123.63973242857142
124.02336
124.41572057142857
124.8140062857143
125.21904085714283
125.628884
126.04416071428571
126.46373685714286
126.885413
127.31018057142857
127.73543285714287
128.16645914285715
128.59701657142858
129.02511085714286
129.4540047142857
129.88126999999997
130.30621742857141
130.72783314285715
131.14503071428572
131.55911457142855
131.96531214285713
132.36881485714287
132.762676
133.15285085714285
133.5336357142857
133.90762057142854
134.27188042857142
134.6277397142857
134.97481714285712
135.310544
135.63989128571427
135.95142057142857
136.25807885714283
136.55503314285716
136.84029442857144
137.12055742857143
137.382918
137.63752
137.88352685714284
138.11270028571428
138.33996085714284
138.54755314285714
138.75628257142859
138.94347399999998
139.13460971428572
139.30255142857143
139.47734814285715
139.628622
139.78373299999998
139.92512914285714
140.068853
140.18895742857143
124.71273067857143
124.113167375
123.54906433928572
123.02652237500001
122.53874569642856
122.08559955357144
121.66346207142858
121.26784562499999
120.9073195
120.56818689285714
120.26255844642859
119.97795626785715
119.72143582142859
119.48826530357144
119.27657869642857
119.0890425
118.91979748214285
118.77555982142857
118.64694983928572
118.53923525
118.45007128571429
118.37745630357144
118.32394150000002
118.28712394642858
118.26832637499999
118.26548448214287
118.28161391071428
118.31529310714286
118.36870601785715
118.44525349999999
118.54054975000001
118.65824614285714
118.79549158928572
118.95102051785716
119.12566467857144
119.3187748392857
119.52735100000001
119.75089641071429
119.99070667857143
120.2439965
120.51131928571428
120.79227410714286
121.08574866071429
121.39124112500002
121.70759394642856
122.03518230357142
122.37392171428571
122.722157875
123.07949642857142
123.44651353571427
123.82087
124.20217130357142
124.59061224999999
124.9851798392857
125.38601371428572
125.79096932142856
126.20208739285714
126.615558375
127.03199210714286
127.44884317857144
127.86964701785715
128.2925847142857
128.71285526785715
129.13476364285714
129.55507999999998
129.97141855357143
130.38928112499997
130.79926533928568
131.2088444285714
131.61046432142857
132.00829249999998
132.4008165
132.78462819642854
133.1643533392857
133.5348014285714
133.8985108035714
134.25306057142853
134.60023951785712
134.935858
135.26507419642854
135.58309353571428
135.89362396428572
136.19319228571428
136.482044875
136.75836267857144
137.030672625
137.2822045
137.53168776785714
137.77639725
138.00512810714284
138.22881682142858
138.43832791071426
138.643314375
138.8358440892857
139.02413480357143
139.19993151785715
139.37180275000003
139.53378348214284
139.69261889285715
139.84040050000002
139.98115019642856
124.71273067857143
124.113167375
123.54906433928572
123.02652237500001
122.53874569642856
122.08559955357144
121.66346207142858
121.26784562499999
120.9073195
120.56818689285714
120.26255844642859
119.97795626785715
119.72143582142859
119.48826530357144
119.27657869642857
119.0890425
118.91979748214285
118.77555982142857
118.64694983928572
118.53923525
118.45007128571429
118.37745630357144
118.32394150000002
118.28712394642858
118.26832637499999
118.26548448214287
118.28161391071428
118.31529310714286
118.36870601785715
118.44525349999999
118.54054975000001
118.65824614285714
118.79549158928572
118.95102051785716
119.12566467857144
119.3187748392857
119.52735100000001
119.75089641071429
119.99070667857143
120.2439965
120.51131928571428
120.79227410714286
121.08574866071429
121.39124112500002
121.70759394642856
122.03518230357142
122.37392171428571
122.722157875
123.07949642857142
123.44651353571427
123.82087
124.20217130357142
124.59061224999999
124.9851798392857
125.38601371428572
125.79096932142856
126.20208739285714
126.615558375
127.03199210714286
127.44884317857144
127.86964701785715
128.2925847142857
128.71285526785715
129.13476364285714
129.55507999999998
129.97141855357143
130.38928112499997
130.79926533928568
131.2088444285714
131.61046432142857
132.00829249999998
132.4008165
132.78462819642854
133.1643533392857
133.5348014285714
133.8985108035714
134.25306057142853
134.60023951785712
134.935858
135.26507419642854
135.58309353571428
135.89362396428572
136.19319228571428
136.482044875
136.75836267857144
137.030672625
137.2822045
137.53168776785714
137.77639725
138.00512810714284
138.22881682142858
138.43832791071426
138.643314375
138.8358440892857
139.02413480357143
139.19993151785715
139.37180275000003
139.53378348214284
139.69261889285715
139.84040050000002
139.98115019642856
124.97822275
124.39255750000001
123.85259521428571
123.33538614285715
122.84610971428572
122.39228564285715
121.96660803571427
121.57403292857143
121.20586775
120.86575507142858
120.55183371428572
120.26189035714286
119.99563160714285
119.75122535714286
119.53051939285713
119.33059374999999
119.15218453571427
118.99250985714285
118.85172660714285
118.72818649999999
118.62225264285715
118.53637832142857
118.46624349999999
118.41405360714286
118.37675953571427
118.3566992142857
118.35327992857142
118.36918992857143
118.40450364285715
118.46330225
118.54611235714286
118.64937125
118.77439853571428
118.91896346428572
119.08211025
119.26267375
119.46022575
119.67354042857143
119.90322414285714
120.14657571428572
120.40431664285714
120.67437946428572
120.95755671428572
121.25200025000001
121.55922517857144
121.87809639285715
122.20634814285714
122.54515207142856
122.8927359642857
123.24924392857142
123.61308474999998
123.98665857142856
124.36570846428572
124.75122435714286
125.1424262857143
125.5393612142857
125.94124828571428
126.3459835
126.75318614285713
127.16305307142856
127.57596910714287
127.9919402142857
128.4041804642857
128.8184887142857
129.2317565
129.64209300000002
130.05370585714286
130.45769585714282
130.8616161785714
131.26003457142858
131.65348025
132.04171399999998
132.42318507142858
132.80081825
133.16802303571427
133.53198399999997
133.88448332142855
134.23221775000002
134.56914475
134.8985752857143
135.21930257142856
135.52924314285715
135.82799146428573
136.12445257142858
136.4045155714286
136.68347225
136.95003657142854
137.20436514285714
137.45763428571428
137.68911339285714
137.92503667857142
138.13809175
138.355999
138.55388792857144
138.75575892857142
138.93842639285714
139.12329160714285
139.29388535714287
139.46369264285715
139.6208285
139.78149907142858
124.97822275
124.39255750000001
123.85259521428571
123.33538614285715
122.84610971428572
122.39228564285715
121.96660803571427
121.57403292857143
121.20586775
120.86575507142858
120.55183371428572
120.26189035714286
119.99563160714285
119.75122535714286
119.53051939285713
119.33059374999999
119.15218453571427
118.99250985714285
118.85172660714285
118.72818649999999
118.62225264285715
118.53637832142857
118.46624349999999
118.41405360714286
118.37675953571427
118.3566992142857
118.35327992857142
118.36918992857143
118.40450364285715
118.46330225
118.54611235714286
118.64937125
118.77439853571428
118.91896346428572
119.08211025
119.26267375
119.46022575
119.67354042857143
119.90322414285714
120.14657571428572
120.40431664285714
120.67437946428572
120.95755671428572
121.25200025000001
121.55922517857144
121.87809639285715
122.20634814285714
122.54515207142856
122.8927359642857
123.24924392857142
123.61308474999998
123.98665857142856
124.36570846428572
124.75122435714286
125.1424262857143
125.5393612142857
125.94124828571428
126.3459835
126.75318614285713
127.16305307142856
127.57596910714287
127.9919402142857
128.4041804642857
128.8184887142857
129.2317565
129.64209300000002
130.05370585714286
130.45769585714282
130.8616161785714
131.26003457142858
131.65348025
132.04171399999998
132.42318507142858
132.80081825
133.16802303571427
133.53198399999997
133.88448332142855
134.23221775000002
134.56914475
134.8985752857143
135.21930257142856
135.52924314285715
135.82799146428573
136.12445257142858
136.4045155714286
136.68347225
136.95003657142854
137.20436514285714
137.45763428571428
137.68911339285714
137.92503667857142
138.13809175
138.355999
138.55388792857144
138.75575892857142
138.93842639285714
139.12329160714285
139.29388535714287
139.46369264285715
139.6208285
139.78149907142858
125.21573541071427
124.641138
124.10890335714285
123.59732221428571
123.11895125000001
122.667868
122.24603900000001
121.84970601785713
121.47916699999999
121.13516507142857
120.81866810714286
120.51957030357144
120.24965116071428
119.99448107142857
119.76671244642856
119.5553355
119.36600775
119.19405392857142
119.040208125
118.90263635714285
118.78243219642857
118.68298010714287
118.59690375
118.52711594642857
118.47318092857142
118.43480635714286
118.41161066071427
118.407227625
118.42472919642857
118.46601999999999
118.53481298214285
118.6257687857143
118.73998026785715
118.87256391071429
119.02599275
119.19656364285714
119.384435125
119.58833210714285
119.80633530357142
120.04007364285714
120.2889649107143
120.55022307142858
120.82251448214286
121.108211375
121.40590150000001
121.71499710714286
122.03391421428572
122.36358098214285
122.70119178571429
123.04944103571427
123.40437337499999
123.76771646428571
124.13835382142858
124.51596319642854
124.89886683928573
125.28724780357142
125.67995101785715
126.07726612500001
126.47720835714286
126.87857657142857
127.28411937499999
127.69259560714283
128.09964300000001
128.5068915357143
128.914700625
129.3183485892857
129.7225599642857
130.12535167857143
130.52157366071427
130.91869119642857
131.306271875
131.69356399999998
132.07102357142855
132.44647753571428
132.81210955357142
133.17373525
133.52652982142857
133.87390055357142
134.211030125
134.54225710714286
134.86357187500002
135.17810658928573
135.48240789285714
135.78133071428573
136.06959594642856
136.34624962499998
136.61800169642856
136.8785127142857
137.13310971428572
137.37580307142858
137.6139818392857
137.83994648214286
138.063875625
138.2740204642857
138.48181860714283
138.677430875
138.87104375
139.05555905357141
139.23584539285713
139.41225124999997
139.58175346428573
125.21573541071427
124.641138
124.10890335714285
123.59732221428571
123.11895125000001
122.667868
122.24603900000001
121.84970601785713
121.47916699999999
121.13516507142857
120.81866810714286
120.51957030357144
120.24965116071428
119.99448107142857
119.76671244642856
119.5553355
119.36600775
119.19405392857142
119.040208125
118.90263635714285
118.78243219642857
118.68298010714287
118.59690375
118.52711594642857
118.47318092857142
118.43480635714286
118.41161066071427
118.407227625
118.42472919642857
118.46601999999999
118.53481298214285
118.6257687857143
118.73998026785715
118.87256391071429
119.02599275
119.19656364285714
119.384435125
119.58833210714285
119.80633530357142
120.04007364285714
120.2889649107143
120.55022307142858
120.82251448214286
121.108211375
121.40590150000001
121.71499710714286
122.03391421428572
122.36358098214285
122.70119178571429
123.04944103571427
123.40437337499999
123.76771646428571
124.13835382142858
124.51596319642854
124.89886683928573
125.28724780357142
125.67995101785715
126.07726612500001
126.47720835714286
126.87857657142857
127.28411937499999
127.69259560714283
128.09964300000001
128.5068915357143
128.914700625
129.3183485892857
129.7225599642857
130.12535167857143
130.52157366071427
130.91869119642857
131.306271875
131.69356399999998
132.07102357142855
132.44647753571428
132.81210955357142
133.17373525
133.52652982142857
133.87390055357142
134.211030125
134.54225710714286
134.86357187500002
135.17810658928573
135.48240789285714
135.78133071428573
136.06959594642856
136.34624962499998
136.61800169642856
136.8785127142857
137.13310971428572
137.37580307142858
137.6139818392857
137.83994648214286
138.063875625
138.2740204642857
138.48181860714283
138.677430875
138.87104375
139.05555905357141
139.23584539285713
139.41225124999997
139.58175346428573
125.40716
124.852497
124.33210328571428
123.8283755
123.36206892857143
122.91405857142855
122.49435728571429
122.1004614285714
121.731073
121.38546757142856
121.06042892857141
120.76042521428572
120.4795297142857
120.22193807142857
119.98284228571427
119.76279
119.56356292857143
119.38043000000002
119.21326664285714
119.06458464285713
118.93173821428573
118.81674978571428
118.71545
118.62813014285713
118.55697614285715
118.50072214285714
118.45648535714285
118.4309507142857
118.42365564285714
118.44980749999999
118.50672178571429
118.58697985714285
118.69024107142857
118.81463042857143
118.95857071428571
119.12004428571427
119.297981
119.49301557142857
119.70203721428572
119.92733735714286
120.16525357142856
120.41635328571428
120.681855
120.95780249999999
121.24615342857145
121.54640107142856
121.85646592857142
122.17654842857142
122.50637757142856
122.84633985714284
123.19387
123.54844907142856
123.91077878571429
124.27937150000001
124.65336764285715
125.0333807142857
125.41915878571429
125.8092215
126.20049685714287
126.59707521428572
126.99503607142857
127.39596421428571
127.796173
128.19708635714287
128.600031
128.99907464285712
129.39750364285715
129.79548285714287
130.1871605
130.57987414285714
130.96393357142858
131.34724849999998
131.72335828571428
132.09572285714287
132.46204928571427
132.8213325
133.175375
133.52065892857144
133.8614855
134.19223685714286
134.51779999999997
134.83293028571427
135.14181435714283
135.4367802142857
135.73230307142856
136.0134375
136.29076392857144
136.56402907142856
136.82123307142857
137.07683607142854
137.3174982142857
137.55826707142856
137.7842905
138.0098992142857
138.22186728571427
138.43311285714285
138.63357464285713
138.82959635714286
139.02151985714286
139.20592549999998
139.3808917857143
125.40716
124.852497
124.33210328571428
123.8283755
123.36206892857143
122.91405857142855
122.49435728571429
122.1004614285714
121.731073
121.38546757142856
121.06042892857141
120.76042521428572
120.4795297142857
120.22193807142857
119.98284228571427
119.76279
119.56356292857143
119.38043000000002
119.21326664285714
119.06458464285713
118.93173821428573
118.81674978571428
118.71545
118.62813014285713
118.55697614285715
118.50072214285714
118.45648535714285
118.4309507142857
118.42365564285714
118.44980749999999
118.50672178571429
118.58697985714285
118.69024107142857
118.81463042857143
118.95857071428571
119.12004428571427
119.297981
119.49301557142857
119.70203721428572
119.92733735714286
120.16525357142856
120.41635328571428
120.681855
120.95780249999999
121.24615342857145
121.54640107142856
121.85646592857142
122.17654842857142
122.50637757142856
122.84633985714284
123.19387
123.54844907142856
123.91077878571429
124.27937150000001
124.65336764285715
125.0333807142857
125.41915878571429
125.8092215
126.20049685714287
126.59707521428572
126.99503607142857
127.39596421428571
127.796173
128.19708635714287
128.600031
128.99907464285712
129.39750364285715
129.79548285714287
130.1871605
130.57987414285714
130.96393357142858
131.34724849999998
131.72335828571428
132.09572285714287
132.46204928571427
132.8213325
133.175375
133.52065892857144
133.8614855
134.19223685714286
134.51779999999997
134.83293028571427
135.14181435714283
135.4367802142857
135.73230307142856
136.0134375
136.29076392857144
136.56402907142856
136.82123307142857
137.07683607142854
137.3174982142857
137.55826707142856
137.7842905
138.0098992142857
138.22186728571427
138.43311285714285
138.63357464285713
138.82959635714286
139.02151985714286
139.20592549999998
139.3808917857143
125.56762483928571
125.03720775000001
124.52578532142857
124.03273689285714
123.57815298214285
123.1354345
122.71911989285715
122.3256883392857
121.95828287499998
121.61344458928572
121.28740675
120.98330519642857
120.69700266071428
120.43066332142857
120.18375219642857
119.95354100000002
119.7452502142857
119.55198948214286
119.37480178571428
119.21476426785715
119.06707992857142
118.93840075
118.821189
118.71856551785714
118.6298468392857
118.55367475000001
118.49090998214287
118.43967648214286
118.40966789285714
118.41536837499999
118.46016607142856
118.53166771428572
118.62683062500001
118.74305510714285
118.87961387499999
119.03170664285715
119.20233499999998
119.38749219642857
119.58957123214284
119.80532542857144
120.03429251785715
120.27770512500001
120.53300507142856
120.802075375
121.080433875
121.37245880357142
121.67413483928571
121.98663235714284
122.30817453571429
122.64044971428572
122.97835325
123.3256277142857
123.67924233928572
124.0411239642857
124.407737875
124.78120474999997
125.15949239285713
125.54043987499999
125.92545392857143
126.31485939285714
126.70560644642856
127.10080775
127.49642753571428
127.89136842857143
128.288316625
128.68212151785715
129.076398125
129.46945826785714
129.85932314285714
130.24660046428573
130.62986619642857
131.008328625
131.38486207142856
131.7540676607143
132.1198608035714
132.4782515
132.831985375
133.17757792857142
133.51957149999998
133.85109089285714
134.17849191071429
134.4954062857143
134.808208
135.10992282142857
135.40866098214286
135.69923162499998
135.97882417857144
136.25748560714285
136.51833626785714
136.78272410714285
137.02815930357144
137.27886825
137.51031662499997
137.74728741071428
137.96673435714285
138.1889184285714
138.39701751785714
138.60539757142854
138.80509651785715
139.0001775
139.19487144642858
125.56762483928571
125.03720775000001
124.52578532142857
124.03273689285714
123.57815298214285
123.1354345
122.71911989285715
122.3256883392857
121.95828287499998
121.61344458928572
121.28740675
120.98330519642857
120.69700266071428
120.43066332142857
120.18375219642857
119.95354100000002
119.7452502142857
119.55198948214286
119.37480178571428
119.21476426785715
119.06707992857142
118.93840075
118.821189
118.71856551785714
118.6298468392857
118.55367475000001
118.49090998214287
118.43967648214286
118.40966789285714
118.41536837499999
118.46016607142856
118.53166771428572
118.62683062500001
118.74305510714285
118.87961387499999
119.03170664285715
119.20233499999998
119.38749219642857
119.58957123214284
119.80532542857144
120.03429251785715
120.27770512500001
120.53300507142856
120.802075375
121.080433875
121.37245880357142
121.67413483928571
121.98663235714284
122.30817453571429
122.64044971428572
122.97835325
123.3256277142857
123.67924233928572
124.0411239642857
124.407737875
124.78120474999997
125.15949239285713
125.54043987499999
125.92545392857143
126.31485939285714
126.70560644642856
127.10080775
127.49642753571428
127.89136842857143
128.288316625
128.68212151785715
129.076398125
129.46945826785714
129.85932314285714
130.24660046428573
130.62986619642857
131.008328625
131.38486207142856
131.7540676607143
132.1198608035714
132.4782515
132.831985375
133.17757792857142
133.51957149999998
133.85109089285714
134.17849191071429
134.4954062857143
134.808208
135.10992282142857
135.40866098214286
135.69923162499998
135.97882417857144
136.25748560714285
136.51833626785714
136.78272410714285
137.02815930357144
137.27886825
137.51031662499997
137.74728741071428
137.96673435714285
138.1889184285714
138.39701751785714
138.60539757142854
138.80509651785715
139.0001775
139.19487144642858
125.70280010714286
125.19155025
124.6930925
124.21671075
123.76877110714285
123.33153107142857
122.92210328571427
122.53213025
122.16542225
121.8190424642857
121.49193075
121.18261396428572
120.89289632142857
120.62024096428571
120.36643960714285
120.12998825000001
119.91171875
119.70793060714286
119.52071732142858
119.34905982142857
119.18952421428571
119.04698039285714
118.91604125000002
118.79796360714285
118.6921602857143
118.59786578571428
118.514126
118.44029321428572
118.38608992857144
118.37127375
118.39827339285713
118.46146489285714
118.55006278571429
118.65859517857143
118.78738832142857
118.9333155
119.09663925
119.27337064285715
119.46695764285715
119.67448110714287
119.89620660714286
120.13085571428573
120.37798064285714
120.63803150000001
120.91008842857144
121.19300846428573
121.48666078571428
121.79064667857143
122.10456224999999
122.42875017857143
122.76060149999999
123.09884617857142
123.44663932142856
123.80035375
124.16073996428571
124.52671764285714
124.89777403571429
125.27122074999998
125.65100871428571
126.03586235714285
126.42145203571428
126.80896835714286
127.198021
127.58820749999998
127.979928
128.3710495357143
128.75923675
129.14782178571429
129.53414
129.91826653571428
130.29912107142857
130.67491474999997
131.049639
131.41703110714286
131.78275982142856
132.14035539285715
132.49395239285712
132.84114710714283
133.18294899999998
133.51840625
133.8452813214286
134.16741785714285
134.48134967857143
134.78969110714286
135.08662060714286
135.3799515
135.66791117857142
135.94704235714283
136.22072825
136.48519299999998
136.74434935714285
136.9962829642857
137.242835
137.48256585714284
137.71665492857142
137.94558585714287
138.16727889285715
138.3864188214286
138.59583485714288
138.80783325
139.0101868214286
125.70280010714286
125.19155025
124.6930925
124.21671075
123.76877110714285
123.33153107142857
122.92210328571427
122.53213025
122.16542225
121.8190424642857
121.49193075
121.18261396428572
120.89289632142857
120.62024096428571
120.36643960714285
120.12998825000001
119.91171875
119.70793060714286
119.52071732142858
119.34905982142857
119.18952421428571
119.04698039285714
118.91604125000002
118.79796360714285
118.6921602857143
118.59786578571428
118.514126
118.44029321428572
118.38608992857144
118.37127375
118.39827339285713
118.46146489285714
118.55006278571429
118.65859517857143
118.78738832142857
118.9333155
119.09663925
119.27337064285715
119.46695764285715
119.67448110714287
119.89620660714286
120.13085571428573
120.37798064285714
120.63803150000001
120.91008842857144
121.19300846428573
121.48666078571428
121.79064667857143
122.10456224999999
122.42875017857143
122.76060149999999
123.09884617857142
123.44663932142856
123.80035375
124.16073996428571
124.52671764285714
124.89777403571429
125.27122074999998
125.65100871428571
126.03586235714285
126.42145203571428
126.80896835714286
127.198021
127.58820749999998
127.979928
128.3710495357143
128.75923675
129.14782178571429
129.53414
129.91826653571428
130.29912107142857
130.67491474999997
131.049639
131.41703110714286
131.78275982142856
132.14035539285715
132.49395239285712
132.84114710714283
133.18294899999998
133.51840625
133.8452813214286
134.16741785714285
134.48134967857143
134.78969110714286
135.08662060714286
135.3799515
135.66791117857142
135.94704235714283
136.22072825
136.48519299999998
136.74434935714285
136.9962829642857
137.242835
137.48256585714284
137.71665492857142
137.94558585714287
138.16727889285715
138.3864188214286
138.59583485714288
138.80783325
139.0101868214286
125.81669396428572
125.32184475000001
124.83645275
124.37542394642858
123.93565467857144
123.50449282142858
123.10274960714287
122.7177130357143
122.35279675000001
122.0057812142857
121.67664275000001
121.36450744642856
121.07252
120.79496617857141
120.53564444642856
120.2929825
120.06622151785714
119.85178001785715
119.65457948214285
119.47090896428571
119.30142876785715
119.14538526785714
118.999742625
118.86706751785715
118.74405046428572
118.63246939285715
118.5299810357143
118.43377264285714
118.35947183928573
118.32515225
118.33234276785714
118.37764519642857
118.45871094642857
118.56260639285715
118.6851985892857
118.82342832142858
118.979534
119.1510145
119.33593455357143
119.53536114285716
119.74989269642856
119.97661017857143
120.21728753571429
120.4685915
120.73286728571428
121.00902330357144
121.29465869642857
121.59154699999999
121.89776816071426
122.21520241071428
122.53980962499999
122.87072325
123.2117830892857
123.55808276785713
123.91128912500001
124.26926860714286
124.63178066071428
125.002346625
125.37704430357142
125.75686532142856
126.13810966071428
126.51914233928571
126.90496335714286
127.2901537857143
127.67524037499999
128.06128714285714
128.44631910714287
128.83128592857145
129.2153978392857
129.5951790357143
129.97482708928572
130.348753375
130.72146942857142
131.08779585714285
131.45172571428571
131.80913351785716
132.16371714285714
132.51092523214285
132.85420275
133.1897458392857
133.52115721428572
133.84388735714285
134.16232905357145
134.4729883392857
134.7769640357143
135.07489175
135.37262975
135.65293473214285
135.937298625
136.20411851785713
136.47536692857142
136.72978310714285
136.98807449999998
137.2328044464286
137.47755417857144
137.71257716071426
137.94498351785714
138.17286835714287
138.39234485714286
138.6137735
138.82483791071428
125.81669396428572
125.32184475000001
124.83645275
124.37542394642858
123.93565467857144
123.50449282142858
123.10274960714287
122.7177130357143
122.35279675000001
122.0057812142857
121.67664275000001
121.36450744642856
121.07252
120.79496617857141
120.53564444642856
120.2929825
120.06622151785714
119.85178001785715
119.65457948214285
119.47090896428571
119.30142876785715
119.14538526785714
118.999742625
118.86706751785715
118.74405046428572
118.63246939285715
118.5299810357143
118.43377264285714
118.35947183928573
118.32515225
118.33234276785714
118.37764519642857
118.45871094642857
118.56260639285715
118.6851985892857
118.82342832142858
118.979534
119.1510145
119.33593455357143
119.53536114285716
119.74989269642856
119.97661017857143
120.21728753571429
120.4685915
120.73286728571428
121.00902330357144
121.29465869642857
121.59154699999999
121.89776816071426
122.21520241071428
122.53980962499999
122.87072325
123.2117830892857
123.55808276785713
123.91128912500001
124.26926860714286
124.63178066071428
125.002346625
125.37704430357142
125.75686532142856
126.13810966071428
126.51914233928571
126.90496335714286
127.2901537857143
127.67524037499999
128.06128714285714
128.44631910714287
128.83128592857145
129.2153978392857
129.5951790357143
129.97482708928572
130.348753375
130.72146942857142
131.08779585714285
131.45172571428571
131.80913351785716
132.16371714285714
132.51092523214285
132.85420275
133.1897458392857
133.52115721428572
133.84388735714285
134.16232905357145
134.4729883392857
134.7769640357143
135.07489175
135.37262975
135.65293473214285
135.937298625
136.20411851785713
136.47536692857142
136.72978310714285
136.98807449999998
137.2328044464286
137.47755417857144
137.71257716071426
137.94498351785714
138.17286835714287
138.39234485714286
138.6137735
138.82483791071428
125.90380271428572
125.43141800000001
124.95966499999999
124.51307542857143
124.07988228571429
123.65996742857143
123.262635
122.88280728571428
122.52016400000001
122.173098
121.84329400000001
121.53007
121.23405671428571
120.95342971428572
120.68781371428571
120.43903700000001
120.20350699999999
119.98296257142857
119.77583342857143
119.58272628571427
119.40150757142857
119.23164685714286
119.073959
118.9264237142857
118.78822271428571
118.65895585714286
118.53841842857143
118.42298942857143
118.33164471428572
118.279561
118.27030871428572
118.2957922857143
118.35826057142859
118.45323485714286
118.57019242857143
118.70374699999998
118.853167
119.01700771428573
119.19553571428571
119.38884557142858
119.59528185714287
119.81483357142857
120.04735942857141
120.292153
120.54941114285714
120.81791785714287
121.09708499999999
121.38729957142857
121.68678042857141
121.99648014285714
122.31387
122.64017342857142
122.971825
123.31035185714285
123.65767371428572
124.01081957142856
124.37074514285715
124.735533
125.104545
125.476824
125.8526547142857
126.22955728571428
126.61085928571427
126.99360357142857
127.374106
127.75705214285713
128.1385782857143
128.51848157142857
128.89840257142856
129.27610685714285
129.653121
130.026514
130.39688542857144
130.76376885714285
131.12614171428572
131.48520399999998
131.83813314285715
132.18804314285714
132.531081
132.8697927142857
133.20263085714285
133.52947785714287
133.85020514285713
134.16461128571427
134.474277
134.774744
135.0746717142857
135.36290114285714
135.64990114285712
135.92628457142854
136.20208128571429
136.465867
136.72847399999998
136.98347385714285
137.234284
137.48010728571427
137.7217587142857
137.95931785714285
138.19518542857145
138.421129
138.6483665714286
125.90380271428572
125.43141800000001
124.95966499999999
124.51307542857143
124.07988228571429
123.65996742857143
123.262635
122.88280728571428
122.52016400000001
122.173098
121.84329400000001
121.53007
121.23405671428571
120.95342971428572
120.68781371428571
120.43903700000001
120.20350699999999
119.98296257142857
119.77583342857143
119.58272628571427
119.40150757142857
119.23164685714286
119.073959
118.9264237142857
118.78822271428571
118.65895585714286
118.53841842857143
118.42298942857143
118.33164471428572
118.279561
118.27030871428572
118.2957922857143
118.35826057142859
118.45323485714286
118.57019242857143
118.70374699999998
118.853167
119.01700771428573
119.19553571428571
119.38884557142858
119.59528185714287
119.81483357142857
120.04735942857141
120.292153
120.54941114285714
120.81791785714287
121.09708499999999
121.38729957142857
121.68678042857141
121.99648014285714
122.31387
122.64017342857142
122.971825
123.31035185714285
123.65767371428572
124.01081957142856
124.37074514285715
124.735533
125.104545
125.476824
125.8526547142857
126.22955728571428
126.61085928571427
126.99360357142857
127.374106
127.75705214285713
128.1385782857143
128.51848157142857
128.89840257142856
129.27610685714285
129.653121
130.026514
130.39688542857144
130.76376885714285
131.12614171428572
131.48520399999998
131.83813314285715
132.18804314285714
132.531081
132.8697927142857
133.20263085714285
133.52947785714287
133.85020514285713
134.16461128571427
134.474277
134.774744
135.0746717142857
135.36290114285714
135.64990114285712
135.92628457142854
136.20208128571429
136.465867
136.72847399999998
136.98347385714285
137.234284
137.48010728571427
137.7217587142857
137.95931785714285
138.19518542857145
138.421129
138.6483665714286
125.97607276785715
125.518367125
125.05913912500002
124.62997785714286
124.20767389285714
123.7976905357143
123.40547462500001
123.02920021428571
122.66815375
122.323340125
121.99395723214286
121.68000903571426
121.38132141071429
121.09580598214286
120.82685125
120.57023437499998
120.32900989285714
120.10039016071428
119.88446151785713
119.68114426785715
119.48831410714286
119.3093875
119.137758375
118.97643091071429
118.82420110714285
118.68007285714286
118.54123880357143
118.40994039285715
118.30405855357142
118.23777025
118.21275383928571
118.22132432142857
118.26430291071428
118.33943398214285
118.44693789285716
118.57370544642856
118.717304375
118.87467189285714
119.04660307142856
119.233867
119.43259857142856
119.64629373214285
119.87245796428572
120.11018574999999
120.36008073214288
120.62140919642857
120.89433680357143
121.17806316071429
121.47055739285713
121.7739494642857
122.084641875
122.40090244642857
122.72716148214285
123.06251960714285
123.40517807142857
123.75536982142857
124.1084934642857
124.46568675
124.82864330357143
125.19956887499998
125.56809348214284
125.941952375
126.31714423214287
126.69513401785713
127.074058875
127.45291848214285
127.83317751785714
128.21070294642857
128.5890966607143
128.96432317857142
129.33758375
129.71067712499996
130.07880455357144
130.4457647857143
130.80716135714286
131.16635464285713
131.52001832142855
131.87064569642854
132.21461175
132.55517266071428
132.88883848214286
133.22026767857145
133.54233424999998
133.86173389285716
134.17259789285714
134.48183187499998
134.7833289642857
135.08206196428569
135.37152746428572
135.65863258928573
135.93629401785714
136.214034375
136.480427375
136.747628125
137.00525917857144
137.26233107142858
137.5116234464286
137.7603081607143
138.00212392857142
138.24274624999998
138.47140625
125.97607276785715
125.518367125
125.05913912500002
124.62997785714286
124.20767389285714
123.7976905357143
123.40547462500001
123.02920021428571
122.66815375
122.323340125
121.99395723214286
121.68000903571426
121.38132141071429
121.09580598214286
120.82685125
120.57023437499998
120.32900989285714
120.10039016071428
119.88446151785713
119.68114426785715
119.48831410714286
119.3093875
119.137758375
118.97643091071429
118.82420110714285
118.68007285714286
118.54123880357143
118.40994039285715
118.30405855357142
118.23777025
118.21275383928571
118.22132432142857
118.26430291071428
118.33943398214285
118.44693789285716
118.57370544642856
118.717304375
118.87467189285714
119.04660307142856
119.233867
119.43259857142856
119.64629373214285
119.87245796428572
120.11018574999999
120.36008073214288
120.62140919642857
120.89433680357143
121.17806316071429
121.47055739285713
121.7739494642857
122.084641875
122.40090244642857
122.72716148214285
123.06251960714285
123.40517807142857
123.75536982142857
124.1084934642857
124.46568675
124.82864330357143
125.19956887499998
125.56809348214284
125.941952375
126.31714423214287
126.69513401785713
127.074058875
127.45291848214285
127.83317751785714
128.21070294642857
128.5890966607143
128.96432317857142
129.33758375
129.71067712499996
130.07880455357144
130.4457647857143
130.80716135714286
131.16635464285713
131.52001832142855
131.87064569642854
132.21461175
132.55517266071428
132.88883848214286
133.22026767857145
133.54233424999998
133.86173389285716
134.17259789285714
134.48183187499998
134.7833289642857
135.08206196428569
135.37152746428572
135.65863258928573
135.93629401785714
136.214034375
136.480427375
136.747628125
137.00525917857144
137.26233107142858
137.5116234464286
137.7603081607143
138.00212392857142
138.24274624999998
138.47140625
126.02976496428572
125.59058175000001
125.14862674999999
124.72953239285715
124.31315942857142
123.91407782142858
123.52796546428571
123.15752232142859
122.79968625
122.45799903571428
122.12832253571429
121.81363389285713
121.51191228571429
121.22539685714287
120.94985207142858
120.68982625
120.44121560714285
120.20462857142856
119.98015103571427
119.76811589285714
119.56657182142857
119.37400267857143
119.19241274999999
119.01837760714287
118.85296450000001
118.69350557142856
118.54048832142857
118.39409667857143
118.27627553571428
118.20091324999999
118.16437632142858
118.15840557142857
118.18270749999999
118.23529367857142
118.32030571428572
118.43460482142856
118.57178299999998
118.72307432142858
118.88929478571428
119.06874067857143
119.26291674999999
119.46865042857144
119.68827032142856
119.91940199999999
120.16373196428572
120.41915142857142
120.68550357142857
120.96265460714285
121.2491391785714
121.5438012857143
121.84808475
122.16216778571429
122.48451710714286
122.81613342857142
123.1529945
123.4936322857143
123.84175828571429
124.19606250000001
124.55452207142856
124.92027078571428
125.28539535714285
125.65492432142858
126.02791575
126.40095296428571
126.77665875
127.15151632142857
127.52715482142855
127.90285846428569
128.27907464285713
128.6538685
129.0262615
129.39761224999998
129.76529442857142
130.1310897142857
130.49419496428573
130.85225725
131.20791724999998
131.55777982142857
131.90572974999998
132.24685932142856
132.58450285714287
132.91700753571428
133.24389589285715
133.56722160714287
133.88224382142857
134.19665974999998
134.5037285
134.80592107142857
135.1019032142857
135.39429407142856
135.67871932142856
135.96264346428572
136.236136
136.51166214285715
136.77561782142857
137.04379035714285
137.29876610714288
137.5595835357143
137.80816417857145
138.06147124999998
138.29651225
126.02976496428572
125.59058175000001
125.14862674999999
124.72953239285715
124.31315942857142
123.91407782142858
123.52796546428571
123.15752232142859
122.79968625
122.45799903571428
122.12832253571429
121.81363389285713
121.51191228571429
121.22539685714287
120.94985207142858
120.68982625
120.44121560714285
120.20462857142856
119.98015103571427
119.76811589285714
119.56657182142857
119.37400267857143
119.19241274999999
119.01837760714287
118.85296450000001
118.69350557142856
118.54048832142857
118.39409667857143
118.27627553571428
118.20091324999999
118.16437632142858
118.15840557142857
118.18270749999999
118.23529367857142
118.32030571428572
118.43460482142856
118.57178299999998
118.72307432142858
118.88929478571428
119.06874067857143
119.26291674999999
119.46865042857144
119.68827032142856
119.91940199999999
120.16373196428572
120.41915142857142
120.68550357142857
120.96265460714285
121.2491391785714
121.5438012857143
121.84808475
122.16216778571429
122.48451710714286
122.81613342857142
123.1529945
123.4936322857143
123.84175828571429
124.19606250000001
124.55452207142856
124.92027078571428
125.28539535714285
125.65492432142858
126.02791575
126.40095296428571
126.77665875
127.15151632142857
127.52715482142855
127.90285846428569
128.27907464285713
128.6538685
129.0262615
129.39761224999998
129.76529442857142
130.1310897142857
130.49419496428573
130.85225725
131.20791724999998
131.55777982142857
131.90572974999998
132.24685932142856
132.58450285714287
132.91700753571428
133.24389589285715
133.56722160714287
133.88224382142857
134.19665974999998
134.5037285
134.80592107142857
135.1019032142857
135.39429407142856
135.67871932142856
135.96264346428572
136.236136
136.51166214285715
136.77561782142857
137.04379035714285
137.29876610714288
137.5595835357143
137.80816417857145
138.06147124999998
138.29651225
126.06937094642858
125.64638975
125.2187069107143
124.81094482142858
124.40908898214286
124.01842921428572
123.63473614285715
123.27165667857143
122.91760462500001
122.57749148214285
122.24917005357143
121.93285576785713
121.63087903571427
121.33963887499999
121.06111773214285
120.79496925
120.54148362499998
120.29845216071428
120.06575212499999
119.84481233928571
119.6332054107143
119.43139662499999
119.23797400000001
119.0527510892857
118.87435214285715
118.70267292857143
118.53456323214286
118.37654146428571
118.24986826785715
118.1669195
118.11775323214286
118.10026403571429
118.10815933928572
118.14174641071429
118.20491014285714
118.29607333928571
118.41865375
118.56282526785715
118.72307376785714
118.89580819642858
119.08403087500001
119.28434451785715
119.49682092857142
119.72290974999999
119.96080926785714
120.21057564285714
120.47099589285713
120.74208257142857
121.02170182142856
121.31204223214287
121.6137155
121.924345875
122.2396005
122.56259407142858
122.89273262500001
123.2312831607143
123.57603341071427
123.927784375
124.281801625
124.6398603392857
125.00293232142856
125.36854871428571
125.73771094642856
126.10757066071427
126.48024249999999
126.85472432142856
127.22765132142857
127.60151174999999
127.97431601785715
128.346109875
128.71850287499998
129.087497875
129.45563642857144
129.8206195892857
130.18349042857145
130.54233075
130.89785617857143
131.2498533214286
131.598634625
131.9415547857143
132.28301364285716
132.6162555357143
132.94904326785712
133.27274473214285
133.59504207142857
133.9091695
134.22251419642856
134.52824957142857
134.83163716071428
135.1271728214286
135.42055898214286
135.7084282142857
135.9938935
136.27316501785714
136.55136401785714
136.82236710714287
137.09348983928572
137.35660994642856
137.62359364285714
137.87945549999998
138.13698164285717
126.06937094642858
125.64638975
125.2187069107143
124.81094482142858
124.40908898214286
124.01842921428572
123.63473614285715
123.27165667857143
122.91760462500001
122.57749148214285
122.24917005357143
121.93285576785713
121.63087903571427
121.33963887499999
121.06111773214285
120.79496925
120.54148362499998
120.29845216071428
120.06575212499999
119.84481233928571
119.6332054107143
119.43139662499999
119.23797400000001
119.0527510892857
118.87435214285715
118.70267292857143
118.53456323214286
118.37654146428571
118.24986826785715
118.1669195
118.11775323214286
118.10026403571429
118.10815933928572
118.14174641071429
118.20491014285714
118.29607333928571
118.41865375
118.56282526785715
118.72307376785714
118.89580819642858
119.08403087500001
119.28434451785715
119.49682092857142
119.72290974999999
119.96080926785714
120.21057564285714
120.47099589285713
120.74208257142857
121.02170182142856
121.31204223214287
121.6137155
121.924345875
122.2396005
122.56259407142858
122.89273262500001
123.2312831607143
123.57603341071427
123.927784375
124.281801625
124.6398603392857
125.00293232142856
125.36854871428571
125.73771094642856
126.10757066071427
126.48024249999999
126.85472432142856
127.22765132142857
127.60151174999999
127.97431601785715
128.346109875
128.71850287499998
129.087497875
129.45563642857144
129.8206195892857
130.18349042857145
130.54233075
130.89785617857143
131.2498533214286
131.598634625
131.9415547857143
132.28301364285716
132.6162555357143
132.94904326785712
133.27274473214285
133.59504207142857
133.9091695
134.22251419642856
134.52824957142857
134.83163716071428
135.1271728214286
135.42055898214286
135.7084282142857
135.9938935
136.27316501785714
136.55136401785714
136.82236710714287
137.09348983928572
137.35660994642856
137.62359364285714
137.87945549999998
138.13698164285717
126.09839907142859
125.6898015
125.27634878571429
124.88080014285714
124.48814757142858
124.10408442857143
123.73150235714286
123.36831442857142
123.020268
122.68353757142856
122.3562885
122.04016307142857
121.73552042857143
121.44219607142858
121.15987692857144
120.88942749999998
120.62957435714286
120.37972407142857
120.14127178571428
119.91135942857144
119.69050857142857
119.47958892857145
119.27527350000001
119.07874749999999
118.8888337857143
118.70464578571429
118.5252625
118.3561475
118.22344178571429
118.13172899999999
118.07354735714287
118.0414997857143
118.0369890714286
118.05607021428573
118.10109299999999
118.168913
118.2678685
118.3962205
118.54749342857143
118.71510514285714
118.89763621428573
119.0917087857143
119.2988435
119.5197785
119.75171207142857
119.99544814285713
120.25064578571428
120.51684864285713
120.78978078571429
121.07737414285714
121.37304449999998
121.67530728571427
121.98683635714285
122.3076317142857
122.63569335714286
122.9702905
123.31042242857141
123.655152
124.00527799999999
124.3608737142857
124.72067199999998
125.08379657142856
125.44825764285714
125.81591985714286
126.1849135
126.55557871428572
126.92797100000001
127.300364
127.6730255
128.0434185
128.41448007142856
128.783075
129.15140142857143
129.5161967142857
129.87945657142856
130.2398472857143
130.5961115
130.95070557142856
131.3000305
131.64695957142857
131.98895171428572
132.3272822857143
132.66120785714287
132.99040235714284
133.31665785714287
133.63752449999998
133.9521765
134.26790707142857
134.57296442857142
134.8786957142857
135.17581592857144
135.47268321428572
135.76226799999998
136.05080092857142
136.33478521428572
136.6147877142857
136.8932365
137.16523542857144
137.4406175714286
137.706489
137.96441092857143
126.09839907142859
125.6898015
125.27634878571429
124.88080014285714
124.48814757142858
124.10408442857143
123.73150235714286
123.36831442857142
123.020268
122.68353757142856
122.3562885
122.04016307142857
121.73552042857143
121.44219607142858
121.15987692857144
120.88942749999998
120.62957435714286
120.37972407142857
120.14127178571428
119.91135942857144
119.69050857142857
119.47958892857145
119.27527350000001
119.07874749999999
118.8888337857143
118.70464578571429
118.5252625
118.3561475
118.22344178571429
118.13172899999999
118.07354735714287
118.0414997857143
118.0369890714286
118.05607021428573
118.10109299999999
118.168913
118.2678685
118.3962205
118.54749342857143
118.71510514285714
118.89763621428573
119.0917087857143
119.2988435
119.5197785
119.75171207142857
119.99544814285713
120.25064578571428
120.51684864285713
120.78978078571429
121.07737414285714
121.37304449999998
121.67530728571427
121.98683635714285
122.3076317142857
122.63569335714286
122.9702905
123.31042242857141
123.655152
124.00527799999999
124.3608737142857
124.72067199999998
125.08379657142856
125.44825764285714
125.81591985714286
126.1849135
126.55557871428572
126.92797100000001
127.300364
127.6730255
128.0434185
128.41448007142856
128.783075
129.15140142857143
129.5161967142857
129.87945657142856
130.2398472857143
130.5961115
130.95070557142856
131.3000305
131.64695957142857
131.98895171428572
132.3272822857143
132.66120785714287
132.99040235714284
133.31665785714287
133.63752449999998
133.9521765
134.26790707142857
134.57296442857142
134.8786957142857
135.17581592857144
135.47268321428572
135.76226799999998
136.05080092857142
136.33478521428572
136.6147877142857
136.8932365
137.16523542857144
137.4406175714286
137.706489
137.96441092857143
126.11560789285714
125.7214755
125.32242919642857
124.93736007142857
124.55314985714286
124.18028800000002
123.81242716071428
123.45497732142857
123.11068625000001
122.77390239285715
122.44850198214286
122.13352582142858
121.82786198214285
121.53220983928573
121.24708883928571
120.97274375
120.7075335
120.45239767857143
120.2058567142857
119.96762637500001
119.73954998214285
119.5194010357143
119.305832125
119.09882301785714
118.89791910714287
118.70208533928572
118.51218955357142
118.3337764642857
118.19419419642858
118.094639125
118.02620237500001
117.98311857142859
117.9652196607143
117.97044817857143
118.00066616071429
118.05291521428572
118.131176375
118.23506462499999
118.36710098214287
118.5264679107143
118.70257453571429
118.89267232142859
119.09460432142858
119.3093855
119.53616525000001
119.774479
120.02405760714285
120.284428375
120.55501510714284
120.83834367857142
121.12703775
121.42677387500001
121.73622603571427
122.05371896428571
122.37428730357144
122.7027475892857
123.03932333928572
123.38125775
123.7293002142857
124.08167624999999
124.43806112499999
124.7981782857143
125.16050257142857
125.52594660714286
125.89339662500001
126.26198049999999
126.63184092857144
127.00170064285714
127.37188437499998
127.74242007142855
128.1122797857143
128.480665375
128.84826692857143
129.21332778571428
129.57659719642857
129.9378570535714
130.29579574999997
130.65145575
131.002526875
131.35165501785713
131.69599314285716
132.03800510714285
132.37433510714283
132.70935733928573
133.03727764285716
133.36440650000003
133.68382075
134.003289875
134.31524982142858
134.62638394642858
134.92908430357141
135.23307858928573
135.5282545
135.8246489285714
136.1140400892857
136.40536794642858
136.68855939285714
136.9732246607143
137.25308753571431
137.533819375
137.80917476785714
126.11560789285714
125.7214755
125.32242919642857
124.93736007142857
124.55314985714286
124.18028800000002
123.81242716071428
123.45497732142857
123.11068625000001
122.77390239285715
122.44850198214286
122.13352582142858
121.82786198214285
121.53220983928573
121.24708883928571
120.97274375
120.7075335
120.45239767857143
120.2058567142857
119.96762637500001
119.73954998214285
119.5194010357143
119.305832125
119.09882301785714
118.89791910714287
118.70208533928572
118.51218955357142
118.3337764642857
118.19419419642858
118.094639125
118.02620237500001
117.98311857142859
117.9652196607143
117.97044817857143
118.00066616071429
118.05291521428572
118.131176375
118.23506462499999
118.36710098214287
118.5264679107143
118.70257453571429
118.89267232142859
119.09460432142858
119.3093855
119.53616525000001
119.774479
120.02405760714285
120.284428375
120.55501510714284
120.83834367857142
121.12703775
121.42677387500001
121.73622603571427
122.05371896428571
122.37428730357144
122.7027475892857
123.03932333928572
123.38125775
123.7293002142857
124.08167624999999
124.43806112499999
124.7981782857143
125.16050257142857
125.52594660714286
125.89339662500001
126.26198049999999
126.63184092857144
127.00170064285714
127.37188437499998
127.74242007142855
128.1122797857143
128.480665375
128.84826692857143
129.21332778571428
129.57659719642857
129.9378570535714
130.29579574999997
130.65145575
131.002526875
131.35165501785713
131.69599314285716
132.03800510714285
132.37433510714283
132.70935733928573
133.03727764285716
133.36440650000003
133.68382075
134.003289875
134.31524982142858
134.62638394642858
134.92908430357141
135.23307858928573
135.5282545
135.8246489285714
136.1140400892857
136.40536794642858
136.68855939285714
136.9732246607143
137.25308753571431
137.533819375
137.80917476785714
126.1253142857143
125.74369349999999
125.3570912857143
124.98182871428571
124.60967832142856
124.24233928571428
123.88115457142857
123.53139860714286
123.187461
122.85565882142858
122.52916660714286
122.21475467857142
121.90834535714286
121.61169321428571
121.32413299999999
121.04492625
120.77529875
120.51487096428572
120.26100539285714
120.01673207142856
119.78015267857143
119.5500632142857
119.32777
119.1109844642857
118.90009971428573
118.69480982142858
118.49312335714285
118.3077870357143
118.16259242857144
118.05529849999999
117.97629607142858
117.92122864285714
117.8916315
117.8840307857143
117.9011055357143
117.93917339285714
118.00254850000002
118.08759289285715
118.19720924999999
118.33616060714286
118.50153285714286
118.68489464285715
118.88165585714286
119.09117900000001
119.31317542857143
119.54766821428571
119.7909895
120.04827139285715
120.31540999999999
120.59420528571428
120.87894374999999
121.17476724999999
121.47954264285715
121.78943199999998
122.10802542857144
122.43566696428573
122.76977450000001
123.10916750000001
123.45241864285714
123.80127835714285
124.15571875
124.5122922857143
124.87301885714288
125.23597335714285
125.60141375
125.9687394642857
126.33778042857142
126.70764014285714
127.07649985714285
127.44735957142856
127.81640053571428
128.18506125
128.55238767857145
128.91826728571428
129.28306042857142
129.6443401785714
130.00486917857143
130.3608812142857
130.71591600000002
131.06597471428572
131.41392589285715
131.75727007142856
132.09817385714285
132.43558317857145
132.76984114285716
133.096635
133.42592775
133.74412174999998
134.06550714285714
134.3788259642857
134.69256553571427
134.9980782142857
135.30655149999998
135.6042979642857
135.9073902857143
136.19925357142859
136.49825039285716
136.78401507142857
137.08049003571432
137.36194675
137.64654374999998
126.1253142857143
125.74369349999999
125.3570912857143
124.98182871428571
124.60967832142856
124.24233928571428
123.88115457142857
123.53139860714286
123.187461
122.85565882142858
122.52916660714286
122.21475467857142
121.90834535714286
121.61169321428571
121.32413299999999
121.04492625
120.77529875
120.51487096428572
120.26100539285714
120.01673207142856
119.78015267857143
119.5500632142857
119.32777
119.1109844642857
118.90009971428573
118.69480982142858
118.49312335714285
118.3077870357143
118.16259242857144
118.05529849999999
117.97629607142858
117.92122864285714
117.8916315
117.8840307857143
117.9011055357143
117.93917339285714
118.00254850000002
118.08759289285715
118.19720924999999
118.33616060714286
118.50153285714286
118.68489464285715
118.88165585714286
119.09117900000001
119.31317542857143
119.54766821428571
119.7909895
120.04827139285715
120.31540999999999
120.59420528571428
120.87894374999999
121.17476724999999
121.47954264285715
121.78943199999998
122.10802542857144
122.43566696428573
122.76977450000001
123.10916750000001
123.45241864285714
123.80127835714285
124.15571875
124.5122922857143
124.87301885714288
125.23597335714285
125.60141375
125.9687394642857
126.33778042857142
126.70764014285714
127.07649985714285
127.44735957142856
127.81640053571428
128.18506125
128.55238767857145
128.91826728571428
129.28306042857142
129.6443401785714
130.00486917857143
130.3608812142857
130.71591600000002
131.06597471428572
131.41392589285715
131.75727007142856
132.09817385714285
132.43558317857145
132.76984114285716
133.096635
133.42592775
133.74412174999998
134.06550714285714
134.3788259642857
134.69256553571427
134.9980782142857
135.30655149999998
135.6042979642857
135.9073902857143
136.19925357142859
136.49825039285716
136.78401507142857
137.08049003571432
137.36194675
137.64654374999998
126.12757001785715
125.75854487499998
125.38473451785714
125.01839269642858
124.65268914285716
124.29222060714287
123.94101225
123.59219562500002
123.25550825
122.92410985714285
122.601457
122.28415755357142
121.97884223214284
121.67955928571429
121.38910328571428
121.10712224999999
120.83270330357144
120.56652326785712
120.30744257142857
120.05630101785714
119.81185041071429
119.57434291071428
119.3433295
119.11781160714285
118.89733362500002
118.681363375
118.47108367857143
118.27861355357143
118.12854103571429
118.01303424999999
117.92199917857144
117.85662410714286
117.81512017857142
117.7955144464286
117.79967194642857
117.8260662142857
117.87569725
117.94658489285713
118.04024330357143
118.15590996428571
118.3011552142857
118.4721169642857
118.66170308928571
118.86554724999999
119.08364873214286
119.31262532142857
119.55338426785714
119.80917764285714
120.07320144642856
120.34353001785713
120.62640012499999
120.91889889285714
121.21836814285714
121.52605766071427
121.84345137500001
122.16816635714285
122.4968634107143
122.831723125
123.17371598214287
123.52068003571428
123.87304351785714
124.22754014285715
124.58613285714284
124.94742976785714
125.31079325
125.67658639285713
126.04408230357143
126.41294201785713
126.7822025892857
127.15152901785714
127.52052116071428
127.88918187499999
128.25650830357142
128.6235691607143
128.98872467857143
129.35218567857143
129.71280791071428
130.07127033928572
130.427531625
130.78045108928572
131.13221685714285
131.47800317857144
131.823165125
132.16241530357144
132.50251321428573
132.83379037499998
133.16765080357143
133.49193367857143
133.81801619642854
134.13970460714285
134.45669675
134.77015196428573
135.083100625
135.3890898392857
135.69770278571428
135.99748617857142
136.30364066071428
136.59957599999998
136.9022723392857
137.19230987499998
137.48866987500003
126.12757001785715
125.75854487499998
125.38473451785714
125.01839269642858
124.65268914285716
124.29222060714287
123.94101225
123.59219562500002
123.25550825
122.92410985714285
122.601457
122.28415755357142
121.97884223214284
121.67955928571429
121.38910328571428
121.10712224999999
120.83270330357144
120.56652326785712
120.30744257142857
120.05630101785714
119.81185041071429
119.57434291071428
119.3433295
119.11781160714285
118.89733362500002
118.681363375
118.47108367857143
118.27861355357143
118.12854103571429
118.01303424999999
117.92199917857144
117.85662410714286
117.81512017857142
117.7955144464286
117.79967194642857
117.8260662142857
117.87569725
117.94658489285713
118.04024330357143
118.15590996428571
118.3011552142857
118.4721169642857
118.66170308928571
118.86554724999999
119.08364873214286
119.31262532142857
119.55338426785714
119.80917764285714
120.07320144642856
120.34353001785713
120.62640012499999
120.91889889285714
121.21836814285714
121.52605766071427
121.84345137500001
122.16816635714285
122.4968634107143
122.831723125
123.17371598214287
123.52068003571428
123.87304351785714
124.22754014285715
124.58613285714284
124.94742976785714
125.31079325
125.67658639285713
126.04408230357143
126.41294201785713
126.7822025892857
127.15152901785714
127.52052116071428
127.88918187499999
128.25650830357142
128.6235691607143
128.98872467857143
129.35218567857143
129.71280791071428
130.07127033928572
130.427531625
130.78045108928572
131.13221685714285
131.47800317857144
131.823165125
132.16241530357144
132.50251321428573
132.83379037499998
133.16765080357143
133.49193367857143
133.81801619642854
134.13970460714285
134.45669675
134.77015196428573
135.083100625
135.3890898392857
135.69770278571428
135.99748617857142
136.30364066071428
136.59957599999998
136.9022723392857
137.19230987499998
137.48866987500003
126.11781285714285
125.764545
125.402022
125.04530814285714
124.68873257142857
124.336196
123.98704828571428
123.64630642857142
123.31107
122.9825627142857
122.66026085714287
122.34619757142858
122.03862085714286
121.73844542857142
121.44473485714286
121.1596
120.88066485714285
120.610331
120.34545885714286
120.08815171428571
119.837014
119.59119742857143
119.35246200000002
119.117377
118.88845257142857
118.66288657142857
118.443326
118.24671799999999
118.09095342857142
117.96574100000001
117.86536799999999
117.78811357142857
117.73590114285716
117.70581685714286
117.69804199999999
117.71133328571429
117.74938
117.80718857142858
117.88716657142857
117.98932157142858
118.11217742857144
118.26113671428571
118.43673914285715
118.63354199999999
118.84595428571428
119.07285814285714
119.3105477142857
119.5594267142857
119.82038257142857
120.09164457142856
120.37039999999999
120.65810385714286
120.95560400000001
121.26074642857142
121.5736617142857
121.89378842857144
122.22051428571427
122.554735
122.89528857142858
123.24017571428573
123.58879514285715
123.941788
124.29894142857142
124.65909414285714
125.02181999999999
125.38661314285714
125.75393885714286
126.12233114285713
126.49119085714285
126.86005057142856
127.22991028571428
127.599571
127.96689742857143
128.33522385714286
128.70065742857142
129.06693042857142
129.4281902857143
129.78955871428573
130.146752
130.50382671428574
130.8559534285714
131.20720257142858
131.55383085714286
131.899179
132.2381437142857
132.578898
132.91109342857143
133.24524257142855
133.57209657142857
133.89798442857142
134.2206454285714
134.541414
134.85974
135.17604999999998
135.48856828571428
135.8016967142857
136.11003628571427
136.42012342857143
136.7250237142857
137.03118599999996
137.33826028571428
126.11781285714285
125.764545
125.402022
125.04530814285714
124.68873257142857
124.336196
123.98704828571428
123.64630642857142
123.31107
122.9825627142857
122.66026085714287
122.34619757142858
122.03862085714286
121.73844542857142
121.44473485714286
121.1596
120.88066485714285
120.610331
120.34545885714286
120.08815171428571
119.837014
119.59119742857143
119.35246200000002
119.117377
118.88845257142857
118.66288657142857
118.443326
118.24671799999999
118.09095342857142
117.96574100000001
117.86536799999999
117.78811357142857
117.73590114285716
117.70581685714286
117.69804199999999
117.71133328571429
117.74938
117.80718857142858
117.88716657142857
117.98932157142858
118.11217742857144
118.26113671428571
118.43673914285715
118.63354199999999
118.84595428571428
119.07285814285714
119.3105477142857
119.5594267142857
119.82038257142857
120.09164457142856
120.37039999999999
120.65810385714286
120.95560400000001
121.26074642857142
121.5736617142857
121.89378842857144
122.22051428571427
122.554735
122.89528857142858
123.24017571428573
123.58879514285715
123.941788
124.29894142857142
124.65909414285714
125.02181999999999
125.38661314285714
125.75393885714286
126.12233114285713
126.49119085714285
126.86005057142856
127.22991028571428
127.599571
127.96689742857143
128.33522385714286
128.70065742857142
129.06693042857142
129.4281902857143
129.78955871428573
130.146752
130.50382671428574
130.8559534285714
131.20720257142858
131.55383085714286
131.899179
132.2381437142857
132.578898
132.91109342857143
133.24524257142855
133.57209657142857
133.89798442857142
134.2206454285714
134.541414
134.85974
135.17604999999998
135.48856828571428
135.8016967142857
136.11003628571427
136.42012342857143
136.7250237142857
137.03118599999996
137.33826028571428
126.10609473214285
125.764305875
125.41159067857143
125.06326812500001
124.71528205357143
124.36855155357142
124.02663312500002
123.68957333928572
123.35753600000001
123.03209101785714
122.71152182142858
122.39771444642857
122.0895905892857
121.78668710714285
121.49139342857143
121.20233900000001
120.92036466071428
120.6450257857143
120.37540139285714
120.11184642857144
119.85310526785713
119.6009625357143
119.353954375
119.11107935714286
118.87347205357142
118.63927912499999
118.41205773214284
118.21037676785714
118.04936437500001
117.91505825
117.80517185714288
117.7179654107143
117.65419399999999
117.61366964285716
117.59552976785714
117.59777258928571
117.62299475
117.66840239285716
117.73564021428572
117.82426251785714
117.93388196428572
118.066502125
118.22283998214286
118.402444125
118.6067093392857
118.82717498214285
119.05910483928571
119.3088025892857
119.5665152857143
119.83211085714287
120.107789375
120.39403357142858
120.68764480357143
120.99047283928572
121.30071632142858
121.61974335714285
121.94515344642856
122.276847625
122.61477391071429
122.95718328571428
123.30490914285714
123.65616971428571
124.01251180357144
124.37163780357145
124.73284675
125.09763989285715
125.46396560714285
125.83135789285714
126.20021760714286
126.57007732142856
126.93993703571428
127.30979674999998
127.67865646428571
128.04725060714287
128.41447628571427
128.78135308928572
129.14584791071428
129.50810776785713
129.868334875
130.22759616071428
130.582690125
130.9377360357143
131.28729385714286
131.63782214285715
131.97995064285715
132.326027875
132.6643618035714
133.00159814285715
133.33680107142857
133.66543898214286
133.99829375000002
134.32115096428572
134.64977749999997
134.9684040357143
135.29107153571428
135.6071045892857
135.92589528571432
136.24032348214286
136.55705046428574
136.86343775
137.1788364107143
126.10609473214285
125.764305875
125.41159067857143
125.06326812500001
124.71528205357143
124.36855155357142
124.02663312500002
123.68957333928572
123.35753600000001
123.03209101785714
122.71152182142858
122.39771444642857
122.0895905892857
121.78668710714285
121.49139342857143
121.20233900000001
120.92036466071428
120.6450257857143
120.37540139285714
120.11184642857144
119.85310526785713
119.6009625357143
119.353954375
119.11107935714286
118.87347205357142
118.63927912499999
118.41205773214284
118.21037676785714
118.04936437500001
117.91505825
117.80517185714288
117.7179654107143
117.65419399999999
117.61366964285716
117.59552976785714
117.59777258928571
117.62299475
117.66840239285716
117.73564021428572
117.82426251785714
117.93388196428572
118.066502125
118.22283998214286
118.402444125
118.6067093392857
118.82717498214285
119.05910483928571
119.3088025892857
119.5665152857143
119.83211085714287
120.107789375
120.39403357142858
120.68764480357143
120.99047283928572
121.30071632142858
121.61974335714285
121.94515344642856
122.276847625
122.61477391071429
122.95718328571428
123.30490914285714
123.65616971428571
124.01251180357144
124.37163780357145
124.73284675
125.09763989285715
125.46396560714285
125.83135789285714
126.20021760714286
126.57007732142856
126.93993703571428
127.30979674999998
127.67865646428571
128.04725060714287
128.41447628571427
128.78135308928572
129.14584791071428
129.50810776785713
129.868334875
130.22759616071428
130.582690125
130.9377360357143
131.28729385714286
131.63782214285715
131.97995064285715
132.326027875
132.6643618035714
133.00159814285715
133.33680107142857
133.66543898214286
133.99829375000002
134.32115096428572
134.64977749999997
134.9684040357143
135.29107153571428
135.6071045892857
135.92589528571432
136.24032348214286
136.55705046428574
136.86343775
137.1788364107143
126.09437660714286
125.75258775
125.4164825
125.07659967857143
124.73406360714287
124.39365671428573
124.057707
123.72405485714287
123.3966455
123.07272421428571
122.75333407142858
122.43927217857141
122.13093971428572
121.82722417857144
121.52930996428572
121.23805725
120.95267774999999
120.67216121428572
120.39791628571429
120.12834310714285
119.86383260714287
119.60445239285716
119.34928150000002
119.0991145
118.85314189285714
118.61062782142858
118.37479621428571
118.17149471428571
118.00305864285716
117.8606955
117.74146978571429
117.64494967857144
117.57160217857144
117.52030346428573
117.49053057142858
117.48131939285715
117.49727949999999
117.53164967857143
117.58800635714286
117.66398989285715
117.76081185714287
117.87890153571428
118.01690103571428
118.17977025
118.36762892857143
118.5776754642857
118.80570564285715
119.04810967857142
119.30297153571428
119.56810039285713
119.841702
120.12703660714287
120.41750435714286
120.71771860714284
121.02624546428572
121.342699
121.66471210714286
121.99503925
122.3324315357143
122.67349096428572
123.02002314285713
123.37114985714285
123.72608217857143
124.08514089285715
124.44640075000001
124.80965989285714
125.17598560714288
125.54431203571428
125.91323760714288
126.28309057142857
126.65395028571427
127.02381
127.39466296428571
127.76352267857143
128.13418124999998
128.50089646428572
128.86921614285714
129.23174514285714
129.5959915
129.9557793214286
130.31649382142857
130.67168710714287
131.0276579642857
131.37725139285715
131.72856114285716
132.07309475
132.41742332142857
132.75767857142858
133.09811860714285
133.43396910714284
133.7706875
134.10200010714286
134.43371850000003
134.75975807142856
135.0879342857143
135.4112454642857
135.7364925357143
136.05966167857144
136.38298667857146
136.70516625
137.02842682142858
126.09437660714286
125.75258775
125.4164825
125.07659967857143
124.73406360714287
124.39365671428573
124.057707
123.72405485714287
123.3966455
123.07272421428571
122.75333407142858
122.43927217857141
122.13093971428572
121.82722417857144
121.52930996428572
121.23805725
120.95267774999999
120.67216121428572
120.39791628571429
120.12834310714285
119.86383260714287
119.60445239285716
119.34928150000002
119.0991145
118.85314189285714
118.61062782142858
118.37479621428571
118.17149471428571
118.00305864285716
117.8606955
117.74146978571429
117.64494967857144
117.57160217857144
117.52030346428573
117.49053057142858
117.48131939285715
117.49727949999999
117.53164967857143
117.58800635714286
117.66398989285715
117.76081185714287
117.87890153571428
118.01690103571428
118.17977025
118.36762892857143
118.5776754642857
118.80570564285715
119.04810967857142
119.30297153571428
119.56810039285713
119.841702
120.12703660714287
120.41750435714286
120.71771860714284
121.02624546428572
121.342699
121.66471210714286
121.99503925
122.3324315357143
122.67349096428572
123.02002314285713
123.37114985714285
123.72608217857143
124.08514089285715
124.44640075000001
124.80965989285714
125.17598560714288
125.54431203571428
125.91323760714288
126.28309057142857
126.65395028571427
127.02381
127.39466296428571
127.76352267857143
128.13418124999998
128.50089646428572
128.86921614285714
129.23174514285714
129.5959915
129.9557793214286
130.31649382142857
130.67168710714287
131.0276579642857
131.37725139285715
131.72856114285716
132.07309475
132.41742332142857
132.75767857142858
133.09811860714285
133.43396910714284
133.7706875
134.10200010714286
134.43371850000003
134.75975807142856
135.0879342857143
135.4112454642857
135.7364925357143
136.05966167857144
136.38298667857146
136.70516625
137.02842682142858
126.08178723214286
125.743812375
125.41089680357143
125.08117030357143
124.74719033928571
124.41293839285714
124.07961698214288
123.75189901785714
123.4263865
123.10439650000001
122.78687107142858
122.47281592857144
122.16395333928573
121.85942575000001
121.56010505357142
121.26550875000001
120.97664183928572
120.69164682142859
120.4118500892857
120.13705119642859
119.86638544642858
119.60078125000001
119.339379625
119.08197514285715
118.82744325000002
118.57570160714288
118.33443453571427
118.128248375
117.952859625
117.80292112500001
117.67466410714286
117.56911714285715
117.486059125
117.42458448214286
117.38391155357144
117.36476544642858
117.37028649999999
117.39348116071429
117.43767439285715
117.50253405357142
117.58884392857144
117.69556471428572
117.82074432142856
117.96726037500001
118.13810210714286
118.33061026785714
118.54665532142857
118.78657942857143
119.03889723214284
119.29895592857143
119.56948062500001
119.85127519642856
120.14026948214286
120.44146348214284
120.74732032142859
121.062376875
121.38297030357143
121.713429875
122.04882287499998
122.3896117142857
122.73480428571428
123.08486083928571
123.44005198214286
123.79777855357142
124.159505125
124.52376714285714
124.89002341071428
125.25748514285713
125.62734485714284
125.997337
126.36952741071427
126.740460875
127.11205287499999
127.48271717857145
127.85437574999997
128.22343660714284
128.59283319642856
128.95936794642859
129.325694375
129.68862926785715
130.05296071428572
130.41122558928572
130.77135875
131.12403094642858
131.47995796428572
131.83043687499998
132.17809546428572
132.52698024999998
132.86616494642857
133.21271119642856
133.54857732142855
133.88904051785715
134.22418800000003
134.56131044642856
134.89159178571427
135.2275188392857
135.55439930357144
135.8898682142857
136.21507367857143
136.544133125
136.87680892857142
126.08178723214286
125.743812375
125.41089680357143
125.08117030357143
124.74719033928571
124.41293839285714
124.07961698214288
123.75189901785714
123.4263865
123.10439650000001
122.78687107142858
122.47281592857144
122.16395333928573
121.85942575000001
121.56010505357142
121.26550875000001
120.97664183928572
120.69164682142859
120.4118500892857
120.13705119642859
119.86638544642858
119.60078125000001
119.339379625
119.08197514285715
118.82744325000002
118.57570160714288
118.33443453571427
118.128248375
117.952859625
117.80292112500001
117.67466410714286
117.56911714285715
117.486059125
117.42458448214286
117.38391155357144
117.36476544642858
117.37028649999999
117.39348116071429
117.43767439285715
117.50253405357142
117.58884392857144
117.69556471428572
117.82074432142856
117.96726037500001
118.13810210714286
118.33061026785714
118.54665532142857
118.78657942857143
119.03889723214284
119.29895592857143
119.56948062500001
119.85127519642856
120.14026948214286
120.44146348214284
120.74732032142859
121.062376875
121.38297030357143
121.713429875
122.04882287499998
122.3896117142857
122.73480428571428
123.08486083928571
123.44005198214286
123.79777855357142
124.159505125
124.52376714285714
124.89002341071428
125.25748514285713
125.62734485714284
125.997337
126.36952741071427
126.740460875
127.11205287499999
127.48271717857145
127.85437574999997
128.22343660714284
128.59283319642856
128.95936794642859
129.325694375
129.68862926785715
130.05296071428572
130.41122558928572
130.77135875
131.12403094642858
131.47995796428572
131.83043687499998
132.17809546428572
132.52698024999998
132.86616494642857
133.21271119642856
133.54857732142855
133.88904051785715
134.22418800000003
134.56131044642856
134.89159178571427
135.2275188392857
135.55439930357144
135.8898682142857
136.21507367857143
136.544133125
136.87680892857142
126.05856642857142
125.736648
125.40426592857145
125.08000535714285
124.75312907142856
124.42304342857143
124.09678714285715
123.77091728571428
123.44919000000002
123.12881378571429
122.81274114285713
122.49901742857142
122.18969171428571
121.88370100000002
121.5829612142857
121.28562300000002
120.99354964285713
120.70486392857143
120.42045699999998
120.13989192857143
119.86368614285716
119.59184835714287
119.3231605
119.05758078571426
118.7953617857143
118.53651007142857
118.29156878571428
118.08000000000001
117.89955985714286
117.74080899999998
117.60528550000001
117.490986
117.39843557142858
117.32665328571429
117.277914
117.24829199999999
117.2426575
117.25531264285715
117.28866135714286
117.34248928571428
117.4177955
117.50974571428571
117.62579385714285
117.759885
117.91485571428571
118.0919447142857
118.29248742857143
118.52064157142857
118.76386249999999
119.02316392857142
119.293306
119.57440628571428
119.86262578571429
120.161367
120.46462685714286
120.7798735
121.10054742857143
121.42892649999999
121.763239
122.10276514285714
122.44850492857142
122.79837785714284
123.15322292857141
123.51134892857144
123.8725415
124.23779992857143
124.6035937857143
124.97267964285713
125.34253935714285
125.71453149999999
126.08633928571429
126.46047849999998
126.83187149999999
127.20615992857144
127.57773799999997
127.95029199999999
128.31990007142858
128.69144157142856
129.05784849999998
129.42579014285712
129.78966521428572
130.15455421428572
130.51436128571427
130.8735699285714
131.2300047142857
131.58653299999997
131.9391557142857
132.291853
132.6383857857143
132.9879792142857
133.33148842857142
133.67670385714285
134.01953699999999
134.35921485714286
134.6982762857143
135.03759271428572
135.37388242857145
135.71306285714286
136.04779214285713
136.3819355
136.72418428571427
126.05856642857142
125.736648
125.40426592857145
125.08000535714285
124.75312907142856
124.42304342857143
124.09678714285715
123.77091728571428
123.44919000000002
123.12881378571429
122.81274114285713
122.49901742857142
122.18969171428571
121.88370100000002
121.5829612142857
121.28562300000002
120.99354964285713
120.70486392857143
120.42045699999998
120.13989192857143
119.86368614285716
119.59184835714287
119.3231605
119.05758078571426
118.7953617857143
118.53651007142857
118.29156878571428
118.08000000000001
117.89955985714286
117.74080899999998
117.60528550000001
117.490986
117.39843557142858
117.32665328571429
117.277914
117.24829199999999
117.2426575
117.25531264285715
117.28866135714286
117.34248928571428
117.4177955
117.50974571428571
117.62579385714285
117.759885
117.91485571428571
118.0919447142857
118.29248742857143
118.52064157142857
118.76386249999999
119.02316392857142
119.293306
119.57440628571428
119.86262578571429
120.161367
120.46462685714286
120.7798735
121.10054742857143
121.42892649999999
121.763239
122.10276514285714
122.44850492857142
122.79837785714284
123.15322292857141
123.51134892857144
123.8725415
124.23779992857143
124.6035937857143
124.97267964285713
125.34253935714285
125.71453149999999
126.08633928571429
126.46047849999998
126.83187149999999
127.20615992857144
127.57773799999997
127.95029199999999
128.31990007142858
128.69144157142856
129.05784849999998
129.42579014285712
129.78966521428572
130.15455421428572
130.51436128571427
130.8735699285714
131.2300047142857
131.58653299999997
131.9391557142857
132.291853
132.6383857857143
132.9879792142857
133.33148842857142
133.67670385714285
134.01953699999999
134.35921485714286
134.6982762857143
135.03759271428572
135.37388242857145
135.71306285714286
136.04779214285713
136.3819355
136.72418428571427
126.03413017857143
125.72087175
125.39663505357143
125.07237448214286
124.75286171428573
124.42972785714286
124.10633751785714
123.78539391071428
123.46526862500002
123.14683403571428
122.83084189285714
122.51811817857143
122.20805732142857
121.90153332142856
121.598716625
121.2989665
121.00315123214286
120.7108192857143
120.42173701785714
120.13669562499999
119.85472223214286
119.57681255357141
119.30148275
119.02879705357142
118.75937355357145
118.49235233928572
118.24406517857142
118.0297805357143
117.84244055357144
117.67628762499999
117.53318323214287
117.4109872857143
117.31007566071429
117.22863483928572
117.16974891071428
117.13128239285714
117.115033625
117.1158355357143
117.14023230357142
117.1837845357143
117.2477775892857
117.33252667857144
117.43620776785713
117.55748799999999
117.70059064285714
117.86380287499999
118.04892355357143
118.25632855357144
118.49558503571429
118.7446362857143
119.011473875
119.29073516071429
119.57682028571428
119.875481
120.1786077142857
120.49540157142857
120.81423701785714
121.14276387500001
121.47453203571429
121.81504014285716
122.16145117857141
122.51249185714286
122.86581685714285
123.22454342857142
123.58657787499999
123.95199514285713
124.31885342857143
124.68933726785714
125.05979612499999
125.433189125
125.80620625
126.18179825
126.5552405
126.93116464285714
127.304650625
127.67937576785712
128.05181944642857
128.42547658928572
128.794855125
129.167112125
129.53338035714285
129.90286276785713
130.2657101607143
130.63023201785714
130.99090396428574
131.3483405
131.70901458928572
132.06051717857144
132.41698655357143
132.76691907142856
133.11693476785715
133.46629526785713
133.812994
134.15984548214286
134.50454973214286
134.85002196428573
135.19514010714286
135.53950560714284
135.88331873214287
136.23025124999998
136.57376773214287
126.03413017857143
125.72087175
125.39663505357143
125.07237448214286
124.75286171428573
124.42972785714286
124.10633751785714
123.78539391071428
123.46526862500002
123.14683403571428
122.83084189285714
122.51811817857143
122.20805732142857
121.90153332142856
121.598716625
121.2989665
121.00315123214286
120.7108192857143
120.42173701785714
120.13669562499999
119.85472223214286
119.57681255357141
119.30148275
119.02879705357142
118.75937355357145
118.49235233928572
118.24406517857142
118.0297805357143
117.84244055357144
117.67628762499999
117.53318323214287
117.4109872857143
117.31007566071429
117.22863483928572
117.16974891071428
117.13128239285714
117.115033625
117.1158355357143
117.14023230357142
117.1837845357143
117.2477775892857
117.33252667857144
117.43620776785713
117.55748799999999
117.70059064285714
117.86380287499999
118.04892355357143
118.25632855357144
118.49558503571429
118.7446362857143
119.011473875
119.29073516071429
119.57682028571428
119.875481
120.1786077142857
120.49540157142857
120.81423701785714
121.14276387500001
121.47453203571429
121.81504014285716
122.16145117857141
122.51249185714286
122.86581685714285
123.22454342857142
123.58657787499999
123.95199514285713
124.31885342857143
124.68933726785714
125.05979612499999
125.433189125
125.80620625
126.18179825
126.5552405
126.93116464285714
127.304650625
127.67937576785712
128.05181944642857
128.42547658928572
128.794855125
129.167112125
129.53338035714285
129.90286276785713
130.2657101607143
130.63023201785714
130.99090396428574
131.3483405
131.70901458928572
132.06051717857144
132.41698655357143
132.76691907142856
133.11693476785715
133.46629526785713
133.812994
134.15984548214286
134.50454973214286
134.85002196428573
135.19514010714286
135.53950560714284
135.88331873214287
136.23025124999998
136.57376773214287
126.00986167857143
125.69664
125.38677457142857
125.06574360714286
124.74688960714286
124.42972999999999
124.11123917857142
123.7926775
123.4750855
123.15856007142857
122.84360039285714
122.53067482142856
122.21981582142857
121.91229182142857
121.60716032142858
121.30530275000001
121.00654228571429
120.71024996428571
120.41705332142855
120.12679296428571
119.84066289285714
119.55630471428572
119.27453875
118.99551007142855
118.71751314285714
118.44518764285714
118.19274328571427
117.97608635714288
117.78106625
117.60957350000001
117.45841403571428
117.32782082142856
117.21815982142856
117.12863103571428
117.06086814285715
117.0131050357143
116.98670675
116.97937839285714
116.99317889285715
117.02790896428571
117.08127421428571
117.15330517857143
117.24727057142856
117.359067
117.48982739285714
117.64175625
117.81188339285714
118.00564307142857
118.22079303571428
118.46648785714285
118.72554749999999
119.00367107142856
119.29036446428572
119.58809174999999
119.88935160714286
120.20518007142857
120.52387132142857
120.85399875000002
121.18712475000001
121.52698639285714
121.87347792857142
122.2231365
122.57836367857142
122.93748967857141
123.30114825000001
123.66610914285714
124.03513517857141
124.40606074999998
124.77922064285713
125.15218225
125.52807442857141
125.90433499999999
126.28116132142856
126.65735532142858
127.0344159642857
127.40971114285713
127.78683835714284
128.1608992142857
128.53526075
128.907622
129.27968457142853
129.64854714285713
130.01757460714285
130.38423746428572
130.75099457142858
131.11315925
131.47712014285716
131.83422182142857
132.19511257142858
132.5508849642857
132.90713960714285
133.26291057142856
133.6120335
133.96949357142856
134.3161619285714
134.67162199999999
135.01778525
135.37341971428572
135.71758082142858
136.06736924999998
136.4245992857143
126.00986167857143
125.69664
125.38677457142857
125.06574360714286
124.74688960714286
124.42972999999999
124.11123917857142
123.7926775
123.4750855
123.15856007142857
122.84360039285714
122.53067482142856
122.21981582142857
121.91229182142857
121.60716032142858
121.30530275000001
121.00654228571429
120.71024996428571
120.41705332142855
120.12679296428571
119.84066289285714
119.55630471428572
119.27453875
118.99551007142855
118.71751314285714
118.44518764285714
118.19274328571427
117.97608635714288
117.78106625
117.60957350000001
117.45841403571428
117.32782082142856
117.21815982142856
117.12863103571428
117.06086814285715
117.0131050357143
116.98670675
116.97937839285714
116.99317889285715
117.02790896428571
117.08127421428571
117.15330517857143
117.24727057142856
117.359067
117.48982739285714
117.64175625
117.81188339285714
118.00564307142857
118.22079303571428
118.46648785714285
118.72554749999999
119.00367107142856
119.29036446428572
119.58809174999999
119.88935160714286
120.20518007142857
120.52387132142857
120.85399875000002
121.18712475000001
121.52698639285714
121.87347792857142
122.2231365
122.57836367857142
122.93748967857141
123.30114825000001
123.66610914285714
124.03513517857141
124.40606074999998
124.77922064285713
125.15218225
125.52807442857141
125.90433499999999
126.28116132142856
126.65735532142858
127.0344159642857
127.40971114285713
127.78683835714284
128.1608992142857
128.53526075
128.907622
129.27968457142853
129.64854714285713
130.01757460714285
130.38423746428572
130.75099457142858
131.11315925
131.47712014285716
131.83422182142857
132.19511257142858
132.5508849642857
132.90713960714285
133.26291057142856
133.6120335
133.96949357142856
134.3161619285714
134.67162199999999
135.01778525
135.37341971428572
135.71758082142858
136.06736924999998
136.4245992857143
125.98274180357141
125.67700237500001
125.36863242857144
125.05882410714287
124.73997010714285
124.42631153571428
124.11107142857144
123.79519080357142
123.479461375
123.1643586964286
122.85051989285714
122.53688294642856
122.22602394642857
121.91723151785715
121.61050566071428
121.305423625
121.00396262499999
120.70448044642859
120.40699969642857
120.11271580357143
119.82043333928571
119.53075216071429
119.243068125
118.95727400000001
118.67283462500002
118.39531178571428
118.14126735714285
117.91939217857141
117.71813705357143
117.53941449999999
117.38155880357142
117.24256710714286
117.12601951785715
117.02856137500001
116.95103424999999
116.89355323214286
116.85948925
116.84258575
116.84794424999998
116.8703250892857
116.91219194642858
116.97703807142858
117.0611947142857
117.163972125
117.28399348214285
117.42488098214284
117.58518882142857
117.76754232142858
117.9710270892857
118.18944278571428
118.44432599999999
118.71174276785713
118.9954248392857
119.2938635
119.59599021428572
119.91249544642858
120.23215473214286
120.562481875
120.89685182142857
121.23704582142855
121.58345901785714
121.93400848214284
122.29093405357145
122.65063685714286
123.01543
123.38193380357143
123.75261400000001
124.12385008928572
124.49973241071429
124.87419198214286
125.25302864285715
125.62982249999999
126.00972573214285
126.38716439285713
126.76793305357143
127.14550628571429
127.52483128571428
127.90184817857144
128.280951125
128.65443616071428
129.0323595892857
129.40435914285715
129.77612566071429
130.1477272142857
130.51378378571428
130.884447625
131.24775385714287
131.61405392857142
131.9748542142857
132.33659982142856
132.69715285714287
133.0561680535714
133.41463075000001
133.77275532142858
134.12857419642856
134.48576748214288
134.84080626785715
135.19899955357144
135.55617246428574
135.91391949999996
136.27198178571427
125.98274180357141
125.67700237500001
125.36863242857144
125.05882410714287
124.73997010714285
124.42631153571428
124.11107142857144
123.79519080357142
123.479461375
123.1643586964286
122.85051989285714
122.53688294642856
122.22602394642857
121.91723151785715
121.61050566071428
121.305423625
121.00396262499999
120.70448044642859
120.40699969642857
120.11271580357143
119.82043333928571
119.53075216071429
119.243068125
118.95727400000001
118.67283462500002
118.39531178571428
118.14126735714285
117.91939217857141
117.71813705357143
117.53941449999999
117.38155880357142
117.24256710714286
117.12601951785715
117.02856137500001
116.95103424999999
116.89355323214286
116.85948925
116.84258575
116.84794424999998
116.8703250892857
116.91219194642858
116.97703807142858
117.0611947142857
117.163972125
117.28399348214285
117.42488098214284
117.58518882142857
117.76754232142858
117.9710270892857
118.18944278571428
118.44432599999999
118.71174276785713
118.9954248392857
119.2938635
119.59599021428572
119.91249544642858
120.23215473214286
120.562481875
120.89685182142857
121.23704582142855
121.58345901785714
121.93400848214284
122.29093405357145
122.65063685714286
123.01543
123.38193380357143
123.75261400000001
124.12385008928572
124.49973241071429
124.87419198214286
125.25302864285715
125.62982249999999
126.00972573214285
126.38716439285713
126.76793305357143
127.14550628571429
127.52483128571428
127.90184817857144
128.280951125
128.65443616071428
129.0323595892857
129.40435914285715
129.77612566071429
130.1477272142857
130.51378378571428
130.884447625
131.24775385714287
131.61405392857142
131.9748542142857
132.33659982142856
132.69715285714287
133.0561680535714
133.41463075000001
133.77275532142858
134.12857419642856
134.48576748214288
134.84080626785715
135.19899955357144
135.55617246428574
135.91391949999996
136.27198178571427
125.95499714285714
125.656542
125.34928342857143
125.04294642857144
124.7325867142857
124.41897142857141
124.10684185714285
123.79322442857143
123.47875
123.16496957142857
122.85084214285715
122.53791657142855
122.22632242857142
121.91647328571429
121.60822757142857
121.3007
120.99578571428572
120.692428
120.39171199999998
120.09246414285714
119.79528428571429
119.49965814285714
119.206287
118.91511842857142
118.62430385714286
118.34226142857142
118.08617371428572
117.85798471428569
117.65276871428571
117.46678999999999
117.30086214285713
117.15622614285715
117.03041728571428
116.92572671428572
116.84075714285714
116.77474571428573
116.73124000000001
116.70651814285716
116.70081057142858
116.71590471428573
116.75102142857142
116.80461614285713
116.87781871428571
116.9684
117.08012285714285
117.21177
117.36194828571429
117.53226042857145
117.72293928571429
117.93308085714285
118.16047999999999
118.42556814285713
118.70131942857142
118.99763785714285
119.30029785714285
119.61672357142857
119.93632757142856
120.26844299999999
120.60263485714287
120.94561714285713
121.29219714285713
121.64432385714284
122.00224942857142
122.36456314285715
122.729289
123.09859
123.46945042857143
123.8437627142857
124.21962314285716
124.59757928571429
124.97690642857143
125.357075
125.73781285714287
126.11883628571428
126.50056357142856
126.88206642857142
127.26305928571428
127.64430714285713
128.024555
128.40359257142856
128.78205214285714
129.159958
129.53541614285714
129.91159742857144
130.2822887142857
130.656215
131.0245097142857
131.39535600000002
131.7621897142857
132.12736385714285
132.49558642857141
132.85401914285714
133.222279
133.58211757142857
133.94646742857142
134.30710285714284
134.67095185714288
135.03157385714283
135.39349585714285
135.757544
136.12678642857142
125.95499714285714
125.656542
125.34928342857143
125.04294642857144
124.7325867142857
124.41897142857141
124.10684185714285
123.79322442857143
123.47875
123.16496957142857
122.85084214285715
122.53791657142855
122.22632242857142
121.91647328571429
121.60822757142857
121.3007
120.99578571428572
120.692428
120.39171199999998
120.09246414285714
119.79528428571429
119.49965814285714
119.206287
118.91511842857142
118.62430385714286
118.34226142857142
118.08617371428572
117.85798471428569
117.65276871428571
117.46678999999999
117.30086214285713
117.15622614285715
117.03041728571428
116.92572671428572
116.84075714285714
116.77474571428573
116.73124000000001
116.70651814285716
116.70081057142858
116.71590471428573
116.75102142857142
116.80461614285713
116.87781871428571
116.9684
117.08012285714285
117.21177
117.36194828571429
117.53226042857145
117.72293928571429
117.93308085714285
118.16047999999999
118.42556814285713
118.70131942857142
118.99763785714285
119.30029785714285
119.61672357142857
119.93632757142856
120.26844299999999
120.60263485714287
120.94561714285713
121.29219714285713
121.64432385714284
122.00224942857142
122.36456314285715
122.729289
123.09859
123.46945042857143
123.8437627142857
124.21962314285716
124.59757928571429
124.97690642857143
125.357075
125.73781285714287
126.11883628571428
126.50056357142856
126.88206642857142
127.26305928571428
127.64430714285713
128.024555
128.40359257142856
128.78205214285714
129.159958
129.53541614285714
129.91159742857144
130.2822887142857
130.656215
131.0245097142857
131.39535600000002
131.7621897142857
132.12736385714285
132.49558642857141
132.85401914285714
133.222279
133.58211757142857
133.94646742857142
134.30710285714284
134.67095185714288
135.03157385714283
135.39349585714285
135.757544
136.12678642857142
125.92527226785714
125.63061250000001
125.32973305357143
125.02514105357145
124.71980630357143
124.40794682142857
124.09848321428572
123.78635364285715
123.47355812500001
123.15996398214286
122.84716846428572
122.53357432142859
122.22124503571428
121.91058741071427
121.60019464285715
121.29093550000002
120.98327739285713
120.67581948214287
120.37142814285714
120.06763523214286
119.765447875
119.46472296428571
119.165399375
118.86727716071428
118.57081996428573
118.28270085714287
118.02572442857144
117.79440466071429
117.58342273214286
117.393968625
117.22224823214285
117.06779246428572
116.93541110714287
116.821821
116.72923398214286
116.65564885714286
116.603526875
116.57073135714286
116.55727723214285
116.56242225000001
116.58709651785715
116.63090060714285
116.69497144642857
116.77924675
116.88172010714285
117.00139341071429
117.14232967857141
117.30373266071429
117.4882640357143
117.68247630357143
117.90333887499999
118.139420125
118.40874892857143
118.69854278571428
118.99927196428573
119.31760005357141
119.63872344642856
119.971583875
120.30830807142857
120.65210026785715
121.00155675
121.35435060714285
121.71247446428572
122.07779757142856
122.443056
122.815247625
123.18717319642857
123.56496396428571
123.94202267857142
124.32361278571427
124.70360564285713
125.08819575
125.46971951785713
125.85557542857144
126.2383690535714
126.62415673214284
127.00715316071428
127.39214078571429
127.77453474999999
128.15905542857143
128.53991776785713
128.91957016071427
129.30096626785712
129.67589255357143
130.055881625
130.428939625
130.8040635
131.1764565
131.54751023214286
131.91884023214286
132.28890132142857
132.65675416071429
133.02681525
133.39234569642855
133.761992375
134.1315905892857
134.49697287499998
134.8661738035714
135.229953375
135.6023395
135.97473250000002
125.92527226785714
125.63061250000001
125.32973305357143
125.02514105357145
124.71980630357143
124.40794682142857
124.09848321428572
123.78635364285715
123.47355812500001
123.15996398214286
122.84716846428572
122.53357432142859
122.22124503571428
121.91058741071427
121.60019464285715
121.29093550000002
120.98327739285713
120.67581948214287
120.37142814285714
120.06763523214286
119.765447875
119.46472296428571
119.165399375
118.86727716071428
118.57081996428573
118.28270085714287
118.02572442857144
117.79440466071429
117.58342273214286
117.393968625
117.22224823214285
117.06779246428572
116.93541110714287
116.821821
116.72923398214286
116.65564885714286
116.603526875
116.57073135714286
116.55727723214285
116.56242225000001
116.58709651785715
116.63090060714285
116.69497144642857
116.77924675
116.88172010714285
117.00139341071429
117.14232967857141
117.30373266071429
117.4882640357143
117.68247630357143
117.90333887499999
118.139420125
118.40874892857143
118.69854278571428
118.99927196428573
119.31760005357141
119.63872344642856
119.971583875
120.30830807142857
120.65210026785715
121.00155675
121.35435060714285
121.71247446428572
122.07779757142856
122.443056
122.815247625
123.18717319642857
123.56496396428571
123.94202267857142
124.32361278571427
124.70360564285713
125.08819575
125.46971951785713
125.85557542857144
126.2383690535714
126.62415673214284
127.00715316071428
127.39214078571429
127.77453474999999
128.15905542857143
128.53991776785713
128.91957016071427
129.30096626785712
129.67589255357143
130.055881625
130.428939625
130.8040635
131.1764565
131.54751023214286
131.91884023214286
132.28890132142857
132.65675416071429
133.02681525
133.39234569642855
133.761992375
134.1315905892857
134.49697287499998
134.8661738035714
135.229953375
135.6023395
135.97473250000002
125.89529239285716
125.60130025000001
125.30764546428571
125.004929
124.70199914285715
124.39468721428571
124.08615964285714
123.77583689285714
123.46364075
123.15099085714286
122.83773896428572
122.52514482142857
122.21220842857144
121.89934585714286
121.58733564285714
121.27539924999999
120.96412060714285
120.65432960714287
120.34577528571427
120.03743732142858
119.73069339285713
119.42482357142858
119.11940524999999
118.81631621428573
118.51390657142858
118.22399610714285
117.96367742857143
117.72784957142856
117.51099985714286
117.314371
117.13630064285715
116.97801760714285
116.83975335714287
116.72118096428572
116.6188965
116.5375794642857
116.47754975000001
116.43577835714285
116.41291792857143
116.4080865
116.42545989285715
116.46281878571428
116.51777682142857
116.590334
116.68377253571428
116.7949729642857
116.92640353571429
117.07857578571429
117.25103535714287
117.44016564285715
117.64645949999999
117.87728592857144
118.11954792857142
118.40379778571427
118.69920017857143
119.01490867857142
119.33683424999998
119.67244575000001
120.01036192857143
120.3568402857143
120.70723185714286
121.063559
121.42484346428571
121.78963660714285
122.15917
122.531563
122.90704789285715
123.28557332142856
123.66550757142858
124.04903371428571
124.43223353571429
124.8179695
125.2034457142857
125.59103842857142
125.97785903571429
126.36525060714285
126.7517969642857
127.14012053571429
127.52639774999999
127.91299046428571
128.29892685714285
128.6820130357143
129.0675347857143
129.4465602142857
129.83021807142856
130.20797925
130.58750764285713
130.9657449285714
131.33900632142857
131.71802592857142
132.08869307142857
132.46569614285713
132.8357815
133.20805085714284
133.58121217857143
133.95107189285716
134.32617399999998
134.6976314285714
135.07389996428572
135.44864174999998
135.82547685714286
125.89529239285716
125.60130025000001
125.30764546428571
125.004929
124.70199914285715
124.39468721428571
124.08615964285714
123.77583689285714
123.46364075
123.15099085714286
122.83773896428572
122.52514482142857
122.21220842857144
121.89934585714286
121.58733564285714
121.27539924999999
120.96412060714285
120.65432960714287
120.34577528571427
120.03743732142858
119.73069339285713
119.42482357142858
119.11940524999999
118.81631621428573
118.51390657142858
118.22399610714285
117.96367742857143
117.72784957142856
117.51099985714286
117.314371
117.13630064285715
116.97801760714285
116.83975335714287
116.72118096428572
116.6188965
116.5375794642857
116.47754975000001
116.43577835714285
116.41291792857143
116.4080865
116.42545989285715
116.46281878571428
116.51777682142857
116.590334
116.68377253571428
116.7949729642857
116.92640353571429
117.07857578571429
117.25103535714287
117.44016564285715
117.64645949999999
117.87728592857144
118.11954792857142
118.40379778571427
118.69920017857143
119.01490867857142
119.33683424999998
119.67244575000001
120.01036192857143
120.3568402857143
120.70723185714286
121.063559
121.42484346428571
121.78963660714285
122.15917
122.531563
122.90704789285715
123.28557332142856
123.66550757142858
124.04903371428571
124.43223353571429
124.8179695
125.2034457142857
125.59103842857142
125.97785903571429
126.36525060714285
126.7517969642857
127.14012053571429
127.52639774999999
127.91299046428571
128.29892685714285
128.6820130357143
129.0675347857143
129.4465602142857
129.83021807142856
130.20797925
130.58750764285713
130.9657449285714
131.33900632142857
131.71802592857142
132.08869307142857
132.46569614285713
132.8357815
133.20805085714284
133.58121217857143
133.95107189285716
134.32617399999998
134.6976314285714
135.07389996428572
135.44864174999998
135.82547685714286
125.86399775000001
125.5725655
125.28099251785716
124.98269412500001
124.682119
124.37842332142857
124.07001201785715
123.76134701785715
123.45063875
123.13879519642857
122.82566776785714
122.51265446428572
122.19852703571429
121.88439960714287
121.57038630357144
121.25515212500001
120.94211385714284
120.62797621428572
120.31556133928571
120.00313030357142
119.6926502857143
119.38074967857143
119.0699185
118.76015389285715
118.45197369642858
118.16139241071429
117.89905410714286
117.65774219642857
117.43677835714286
117.235174
117.05014882142859
116.88705421428573
116.74223112500002
116.61470855357143
116.50715032142858
116.41845442857142
116.35295825
116.29935532142856
116.26935532142856
116.25948539285714
116.266859875
116.29225408928572
116.33858694642856
116.40519775
116.4903696607143
116.59347428571428
116.71443482142857
116.85882403571429
117.0245351607143
117.20082642857143
117.40295599999999
117.6169415
117.85632642857142
118.11379553571427
118.40057703571428
118.71310389285713
119.03234258928572
119.370184
119.71121417857142
120.05900803571427
120.41317135714286
120.77025051785714
121.13492739285714
121.50120698214286
121.87428399999999
122.24667699999999
122.6274394642857
123.00643232142856
123.39139521428571
123.77534051785713
124.163503125
124.55043012499999
124.94137328571429
125.32927317857143
125.72114833928569
126.11023035714285
126.50230523214285
126.89207341071429
127.28334799999999
127.67091646428571
128.05839505357142
128.4472276607143
128.83235223214285
129.2204057142857
129.60393185714287
129.987902125
130.36975589285714
130.75228203571427
131.1323516785714
131.51376369642855
131.8906160357143
132.27049476785714
132.64755325
133.02490985714286
133.40439487499998
133.7774455
134.15996307142856
134.53301798214284
134.91047755357144
135.29489049999998
135.6820267142857
125.86399775000001
125.5725655
125.28099251785716
124.98269412500001
124.682119
124.37842332142857
124.07001201785715
123.76134701785715
123.45063875
123.13879519642857
122.82566776785714
122.51265446428572
122.19852703571429
121.88439960714287
121.57038630357144
121.25515212500001
120.94211385714284
120.62797621428572
120.31556133928571
120.00313030357142
119.6926502857143
119.38074967857143
119.0699185
118.76015389285715
118.45197369642858
118.16139241071429
117.89905410714286
117.65774219642857
117.43677835714286
117.235174
117.05014882142859
116.88705421428573
116.74223112500002
116.61470855357143
116.50715032142858
116.41845442857142
116.35295825
116.29935532142856
116.26935532142856
116.25948539285714
116.266859875
116.29225408928572
116.33858694642856
116.40519775
116.4903696607143
116.59347428571428
116.71443482142857
116.85882403571429
117.0245351607143
117.20082642857143
117.40295599999999
117.6169415
117.85632642857142
118.11379553571427
118.40057703571428
118.71310389285713
119.03234258928572
119.370184
119.71121417857142
120.05900803571427
120.41317135714286
120.77025051785714
121.13492739285714
121.50120698214286
121.87428399999999
122.24667699999999
122.6274394642857
123.00643232142856
123.39139521428571
123.77534051785713
124.163503125
124.55043012499999
124.94137328571429
125.32927317857143
125.72114833928569
126.11023035714285
126.50230523214285
126.89207341071429
127.28334799999999
127.67091646428571
128.05839505357142
128.4472276607143
128.83235223214285
129.2204057142857
129.60393185714287
129.987902125
130.36975589285714
130.75228203571427
131.1323516785714
131.51376369642855
131.8906160357143
132.27049476785714
132.64755325
133.02490985714286
133.40439487499998
133.7774455
134.15996307142856
134.53301798214284
134.91047755357144
135.29489049999998
135.6820267142857
125.82948792857141
125.54434050000002
125.25358314285715
124.95930757142858
124.65880935714284
124.35830471428571
124.05120664285714
123.74418085714285
123.4335495
123.12235335714286
122.80975921428572
122.49533185714287
122.18040628571428
121.86458092857143
121.54792021428571
121.231495
120.914442
120.59822007142857
120.28149421428571
119.9655077857143
119.649089
119.33257071428571
119.0155485
118.69970307142856
118.38754985714286
118.09627135714284
117.83185971428573
117.58577378571428
117.3610565
117.15357899999998
116.96446942857145
116.79372492857144
116.64199978571429
116.5075172857143
116.39410564285714
116.30078849999998
116.22413850000001
116.16342907142857
116.12854
116.11225792857144
116.10870814285714
116.12831585714287
116.16685985714284
116.2237145
116.29796857142857
116.39203442857144
116.50664857142858
116.64113028571428
116.79701785714286
116.96788185714286
117.1571975
117.36926764285714
117.59529985714286
117.84768778571427
118.11122178571428
118.41176357142857
118.73048157142857
119.06494899999998
119.40963692857143
119.75986028571428
120.11744371428571
120.47790257142856
120.8441252142857
121.2145755
121.5884345
121.96564714285714
122.34674378571427
122.73026064285713
123.1166837142857
123.50386699999999
123.893993
124.28460649999998
124.67726578571428
125.07004964285714
125.46424221428569
125.85772328571427
126.25191585714285
126.64574049999999
127.04022799999998
127.43092092857142
127.82426457142859
128.2171872857143
128.60530114285714
128.99796042857142
129.38265407142856
129.772997
130.15929264285714
130.54330199999998
130.93106292857144
131.3117909285714
131.69807228571426
132.07849464285712
132.45997
132.84262785714287
133.2236207142857
133.6063294285714
133.9888555714286
134.37022857142856
134.75565307142855
135.14127299999998
135.52943621428568
125.82948792857141
125.54434050000002
125.25358314285715
124.95930757142858
124.65880935714284
124.35830471428571
124.05120664285714
123.74418085714285
123.4335495
123.12235335714286
122.80975921428572
122.49533185714287
122.18040628571428
121.86458092857143
121.54792021428571
121.231495
120.914442
120.59822007142857
120.28149421428571
119.9655077857143
119.649089
119.33257071428571
119.0155485
118.69970307142856
118.38754985714286
118.09627135714284
117.83185971428573
117.58577378571428
117.3610565
117.15357899999998
116.96446942857145
116.79372492857144
116.64199978571429
116.5075172857143
116.39410564285714
116.30078849999998
116.22413850000001
116.16342907142857
116.12854
116.11225792857144
116.10870814285714
116.12831585714287
116.16685985714284
116.2237145
116.29796857142857
116.39203442857144
116.50664857142858
116.64113028571428
116.79701785714286
116.96788185714286
117.1571975
117.36926764285714
117.59529985714286
117.84768778571427
118.11122178571428
118.41176357142857
118.73048157142857
119.06494899999998
119.40963692857143
119.75986028571428
120.11744371428571
120.47790257142856
120.8441252142857
121.2145755
121.5884345
121.96564714285714
122.34674378571427
122.73026064285713
123.1166837142857
123.50386699999999
123.893993
124.28460649999998
124.67726578571428
125.07004964285714
125.46424221428569
125.85772328571427
126.25191585714285
126.64574049999999
127.04022799999998
127.43092092857142
127.82426457142859
128.2171872857143
128.60530114285714
128.99796042857142
129.38265407142856
129.772997
130.15929264285714
130.54330199999998
130.93106292857144
131.3117909285714
131.69807228571426
132.07849464285712
132.45997
132.84262785714287
133.2236207142857
133.6063294285714
133.9888555714286
134.37022857142856
134.75565307142855
135.14127299999998
135.52943621428568
125.79642080357144
125.516021375
125.22503276785713
124.9337049107143
124.63447474999998
124.33501375
124.03042814285715
123.72290057142857
123.41416899999999
123.10257485714286
122.79031214285715
122.47421158928572
122.15834901785715
121.84071517857143
121.523225875
121.2031125
120.88489162499998
120.56437667857142
120.24376828571428
119.92249775
119.60232919642857
119.2796287857143
118.958050125
118.6363085892857
118.32055017857142
118.02956660714285
117.76161133928572
117.5127430892857
117.28230114285714
117.07003275
116.87617660714287
116.69829125000001
116.54137067857143
116.40168503571428
116.28314821428572
116.180238125
116.097966875
116.03109219642857
115.98981523214286
115.96188946428572
115.95227964285714
115.96397632142858
115.99704574999998
116.04409025
116.10996901785714
116.19902419642857
116.30402542857142
116.42746578571428
116.57732978571428
116.73848889285713
116.9234725
117.12098991071426
117.34275832142858
117.58140816071429
117.84073387499998
118.123515625
118.42933382142857
118.76198099999999
119.1072118392857
119.45913812499998
119.82071607142856
120.18454748214285
120.55300776785715
120.9270785892857
121.301936875
121.68484839285713
122.06637453571429
122.45497864285713
122.8419722142857
123.23537517857143
123.62634187499998
124.023038
124.41724553571429
124.81462091071428
125.21048348214286
125.60911232142857
126.0057214285714
126.40452310714286
126.79998625
127.19746860714284
127.59219732142857
127.98686657142856
128.38146214285715
128.77412142857145
129.1666732142857
129.55933249999998
129.94954146428572
130.33957044642855
130.7293814107143
131.1159565
131.5060825
131.88872276785713
132.27722699999998
132.66357410714284
133.047398375
133.43744803571428
133.81997632142858
134.21161512499998
134.60108966071428
134.9886555
135.37913357142855
125.79642080357144
125.516021375
125.22503276785713
124.9337049107143
124.63447474999998
124.33501375
124.03042814285715
123.72290057142857
123.41416899999999
123.10257485714286
122.79031214285715
122.47421158928572
122.15834901785715
121.84071517857143
121.523225875
121.2031125
120.88489162499998
120.56437667857142
120.24376828571428
119.92249775
119.60232919642857
119.2796287857143
118.958050125
118.6363085892857
118.32055017857142
118.02956660714285
117.76161133928572
117.5127430892857
117.28230114285714
117.07003275
116.87617660714287
116.69829125000001
116.54137067857143
116.40168503571428
116.28314821428572
116.180238125
116.097966875
116.03109219642857
115.98981523214286
115.96188946428572
115.95227964285714
115.96397632142858
115.99704574999998
116.04409025
116.10996901785714
116.19902419642857
116.30402542857142
116.42746578571428
116.57732978571428
116.73848889285713
116.9234725
117.12098991071426
117.34275832142858
117.58140816071429
117.84073387499998
118.123515625
118.42933382142857
118.76198099999999
119.1072118392857
119.45913812499998
119.82071607142856
120.18454748214285
120.55300776785715
120.9270785892857
121.301936875
121.68484839285713
122.06637453571429
122.45497864285713
122.8419722142857
123.23537517857143
123.62634187499998
124.023038
124.41724553571429
124.81462091071428
125.21048348214286
125.60911232142857
126.0057214285714
126.40452310714286
126.79998625
127.19746860714284
127.59219732142857
127.98686657142856
128.38146214285715
128.77412142857145
129.1666732142857
129.55933249999998
129.94954146428572
130.33957044642855
130.7293814107143
131.1159565
131.5060825
131.88872276785713
132.27722699999998
132.66357410714284
133.047398375
133.43744803571428
133.81997632142858
134.21161512499998
134.60108966071428
134.9886555
135.37913357142855
125.76335367857143
125.48369224999999
125.19553614285714
124.90520828571428
124.6090385
124.30906075
124.00702696428571
123.69944935714284
123.39190525000001
123.08057382142857
122.76592964285715
122.45060035714286
122.1332045
121.813977
121.49429974999998
121.17273725
120.85036149999999
120.52684760714286
120.20261867857143
119.87730807142857
119.55148214285715
119.22420603571429
118.89769
118.56908317857143
118.25030289285715
117.9605834642857
117.68981328571428
117.43704025
117.20212067857143
116.98486225
116.78632842857144
116.6036335
116.43999360714287
116.29691864285714
116.16976128571429
116.06168560714286
115.97067650000001
115.89941307142857
115.84876846428571
115.81457475000002
115.79795864285714
115.80404603571428
115.8261665
115.86501925
115.92528439285715
116.00806842857142
116.10470207142855
116.219267
116.35811503571428
116.51536264285714
116.68645899999999
116.88560510714285
117.09123303571428
117.32879467857141
117.57542232142856
117.84764782142858
118.1426734642857
118.45833075
118.80577092857142
119.15979657142856
119.52265557142856
119.89038
120.26157185714285
120.63806492857142
121.01800675
121.40153289285715
121.788207
122.17881624999998
122.57069078571426
122.96588335714286
123.36229189285713
123.76021674999998
124.15956157142857
124.55928528571428
124.95869239285715
125.36035382142856
125.76102864285713
126.16330432142857
126.56233424999999
126.96543942857143
127.36226964285714
127.76209128571428
128.16113989285714
128.55654628571432
128.9565254642857
129.34818475
129.74579085714282
130.13783875
130.53005767857144
130.92315774999997
131.31328374999998
131.70547675
132.09520475
132.4853477142857
132.87586957142855
133.26653100000001
133.65677189285717
134.05043117857142
134.44149275
134.83607874999998
135.23469057142856
125.76335367857143
125.48369224999999
125.19553614285714
124.90520828571428
124.6090385
124.30906075
124.00702696428571
123.69944935714284
123.39190525000001
123.08057382142857
122.76592964285715
122.45060035714286
122.1332045
121.813977
121.49429974999998
121.17273725
120.85036149999999
120.52684760714286
120.20261867857143
119.87730807142857
119.55148214285715
119.22420603571429
118.89769
118.56908317857143
118.25030289285715
117.9605834642857
117.68981328571428
117.43704025
117.20212067857143
116.98486225
116.78632842857144
116.6036335
116.43999360714287
116.29691864285714
116.16976128571429
116.06168560714286
115.97067650000001
115.89941307142857
115.84876846428571
115.81457475000002
115.79795864285714
115.80404603571428
115.8261665
115.86501925
115.92528439285715
116.00806842857142
116.10470207142855
116.219267
116.35811503571428
116.51536264285714
116.68645899999999
116.88560510714285
117.09123303571428
117.32879467857141
117.57542232142856
117.84764782142858
118.1426734642857
118.45833075
118.80577092857142
119.15979657142856
119.52265557142856
119.89038
120.26157185714285
120.63806492857142
121.01800675
121.40153289285715
121.788207
122.17881624999998
122.57069078571426
122.96588335714286
123.36229189285713
123.76021674999998
124.15956157142857
124.55928528571428
124.95869239285715
125.36035382142856
125.76102864285713
126.16330432142857
126.56233424999999
126.96543942857143
127.36226964285714
127.76209128571428
128.16113989285714
128.55654628571432
128.9565254642857
129.34818475
129.74579085714282
130.13783875
130.53005767857144
130.92315774999997
131.31328374999998
131.70547675
132.09520475
132.4853477142857
132.87586957142855
133.26653100000001
133.65677189285717
134.05043117857142
134.44149275
134.83607874999998
135.23469057142856
125.73028655357145
125.450625125
125.16601264285714
124.87568073214285
124.58242112500001
124.282080875
123.98114482142857
123.67402144642858
123.365891875
123.05456044642857
122.74043301785713
122.42390187500001
122.104707875
121.78412469642856
121.4623370357143
121.13860975
120.81302514285713
120.48617091071428
120.15738182142857
119.82899430357143
119.49854498214286
119.16650342857143
118.833461875
118.50160144642858
118.18155082142857
117.88944912500001
117.61526989285716
117.35941994642857
117.12059573214286
116.90040387500001
116.69475507142856
116.50737303571428
116.34012842857143
116.18927848214287
116.05784655357142
115.94119489285715
115.84554037500001
115.76884192857142
115.71126851785715
115.66748776785714
115.64482682142858
115.64271798214286
115.65902573214285
115.690561875
115.74631966071428
115.81826691071427
115.90527930357143
116.01597671428571
116.14646058928571
116.29396305357142
116.459687
116.64675
116.85224341071428
117.07571203571428
117.32149508928572
117.57981746428572
117.86712474999999
118.172923375
118.50256280357142
118.85981360714284
119.22580717857142
119.59531949999999
119.96897116071429
120.34902439285715
120.733475625
121.11725089285713
121.51143989285714
121.90269283928572
122.30120444642856
122.69745191071429
123.09956957142857
123.50008474999998
123.90406783928572
124.3066572142857
124.71169924999998
125.11568257142856
125.52152417857143
125.92538198214285
126.33048987499998
126.73354667857143
127.13657775
127.53878080357143
127.94116069642858
128.34213901785716
128.74379973214286
129.14224
129.54249914285714
129.938013125
130.33599407142856
130.73312364285712
131.1256872857143
131.52441314285716
131.915126125
132.31110635714285
132.70496344642856
133.0978017142857
133.4959942857143
133.8901828035714
134.28487673214286
134.685135875
135.08539501785714
125.73028655357145
125.450625125
125.16601264285714
124.87568073214285
124.58242112500001
124.282080875
123.98114482142857
123.67402144642858
123.365891875
123.05456044642857
122.74043301785713
122.42390187500001
122.104707875
121.78412469642856
121.4623370357143
121.13860975
120.81302514285713
120.48617091071428
120.15738182142857
119.82899430357143
119.49854498214286
119.16650342857143
118.833461875
118.50160144642858
118.18155082142857
117.88944912500001
117.61526989285716
117.35941994642857
117.12059573214286
116.90040387500001
116.69475507142856
116.50737303571428
116.34012842857143
116.18927848214287
116.05784655357142
115.94119489285715
115.84554037500001
115.76884192857142
115.71126851785715
115.66748776785714
115.64482682142858
115.64271798214286
115.65902573214285
115.690561875
115.74631966071428
115.81826691071427
115.90527930357143
116.01597671428571
116.14646058928571
116.29396305357142
116.459687
116.64675
116.85224341071428
117.07571203571428
117.32149508928572
117.57981746428572
117.86712474999999
118.172923375
118.50256280357142
118.85981360714284
119.22580717857142
119.59531949999999
119.96897116071429
120.34902439285715
120.733475625
121.11725089285713
121.51143989285714
121.90269283928572
122.30120444642856
122.69745191071429
123.09956957142857
123.50008474999998
123.90406783928572
124.3066572142857
124.71169924999998
125.11568257142856
125.52152417857143
125.92538198214285
126.33048987499998
126.73354667857143
127.13657775
127.53878080357143
127.94116069642858
128.34213901785716
128.74379973214286
129.14224
129.54249914285714
129.938013125
130.33599407142856
130.73312364285712
131.1256872857143
131.52441314285716
131.915126125
132.31110635714285
132.70496344642856
133.0978017142857
133.4959942857143
133.8901828035714
134.28487673214286
134.685135875
135.08539501785714
125.69721942857143
125.417558
125.13529371428572
124.84516128571428
124.55236457142857
124.253497
123.95210457142856
123.64636885714286
123.337912
123.02611185714287
122.71118057142859
122.39431800000001
122.07378485714287
121.75178914285715
121.42792457142856
121.10072500000001
120.77298657142856
120.44252214285714
120.11012285714287
119.77659328571428
119.44252342857143
119.105783
118.76764800000001
118.431325
118.11147000000001
117.81634828571427
117.53996114285715
117.281698
117.03918171428572
116.81277499999999
116.60345428571429
116.41211257142858
116.23858657142857
116.08391357142857
115.94452
115.82258342857145
115.72097400000001
115.63971414285716
115.57237600000002
115.5223672857143
115.49502542857144
115.48755200000001
115.49368114285714
115.51960700000001
115.56613
115.63164471428573
115.71316971428571
115.81589371428572
115.93707685714286
116.07887085714285
116.23584799999999
116.41943257142856
116.61349485714285
116.83159957142857
117.06826857142858
117.32197099999999
117.60016428571429
117.89451299999999
118.21943657142857
118.56187328571428
118.92632514285714
119.299655
119.67685371428571
120.05805114285714
120.44665
120.83744999999999
121.23264114285715
121.62977742857142
122.03003657142858
122.43197657142858
122.83663657142856
123.24163899999999
123.6487657142857
124.055565
124.46402799999998
124.87288342857141
125.28181942857141
125.690021
126.09995199999999
126.50601628571428
126.91622057142857
127.3186212857143
127.726752
128.13201814285713
128.53428200000002
128.94035399999999
129.34061314285714
129.74375142857144
130.14328257142856
130.5428127142857
130.94215028571426
131.34127214285712
131.73920799999996
132.13807114285714
132.5354697142857
132.9350032857143
133.33467114285713
133.72925657142855
134.13279657142857
134.53506199999998
134.93492514285714
125.69721942857143
125.417558
125.13529371428572
124.84516128571428
124.55236457142857
124.253497
123.95210457142856
123.64636885714286
123.337912
123.02611185714287
122.71118057142859
122.39431800000001
122.07378485714287
121.75178914285715
121.42792457142856
121.10072500000001
120.77298657142856
120.44252214285714
120.11012285714287
119.77659328571428
119.44252342857143
119.105783
118.76764800000001
118.431325
118.11147000000001
117.81634828571427
117.53996114285715
117.281698
117.03918171428572
116.81277499999999
116.60345428571429
116.41211257142858
116.23858657142857
116.08391357142857
115.94452
115.82258342857145
115.72097400000001
115.63971414285716
115.57237600000002
115.5223672857143
115.49502542857144
115.48755200000001
115.49368114285714
115.51960700000001
115.56613
115.63164471428573
115.71316971428571
115.81589371428572
115.93707685714286
116.07887085714285
116.23584799999999
116.41943257142856
116.61349485714285
116.83159957142857
117.06826857142858
117.32197099999999
117.60016428571429
117.89451299999999
118.21943657142857
118.56187328571428
118.92632514285714
119.299655
119.67685371428571
120.05805114285714
120.44665
120.83744999999999
121.23264114285715
121.62977742857142
122.03003657142858
122.43197657142858
122.83663657142856
123.24163899999999
123.6487657142857
124.055565
124.46402799999998
124.87288342857141
125.28181942857141
125.690021
126.09995199999999
126.50601628571428
126.91622057142857
127.3186212857143
127.726752
128.13201814285713
128.53428200000002
128.94035399999999
129.34061314285714
129.74375142857144
130.14328257142856
130.5428127142857
130.94215028571426
131.34127214285712
131.73920799999996
132.13807114285714
132.5354697142857
132.9350032857143
133.33467114285713
133.72925657142855
134.13279657142857
134.53506199999998
134.93492514285714
125.66334039285715
125.3847695
125.10322030357142
124.81449016071427
124.52137221428572
124.223825875
123.92244164285714
123.6159827857143
123.30818249999999
122.99545307142857
122.68017801785714
122.36149925
122.0399825892857
121.71615833928571
121.38936448214285
121.061088
120.72974494642858
120.39633532142857
120.06049873214285
119.72302110714286
119.38326414285714
119.04182769642856
118.69798175000001
118.36145905357142
118.04173098214285
117.74387841071429
117.46295485714288
117.20271519642857
116.95535103571429
116.72514612500001
116.51260835714287
116.31660244642859
116.13883671428572
115.97683294642857
115.83213307142856
115.70332616071428
115.597486
115.50925069642857
115.437563875
115.38014048214285
115.34828441071429
115.33074164285713
115.33022057142855
115.35034137499999
115.39207139285715
115.44833982142856
115.52149537499999
115.61909082142857
115.73428982142856
115.86643089285712
116.018451875
116.1903151607143
116.38595841071428
116.59060678571429
116.82318132142858
117.06847014285714
117.33776319642857
117.62916924999999
117.93434942857142
118.27865923214284
118.62851024999998
119.00276939285715
119.38358864285713
119.76815823214285
120.16076399999999
120.55650076785713
120.95330982142858
121.35759364285714
121.76016394642855
122.16810042857142
122.57530891071428
122.9858735
123.396283125
123.80808646428571
124.22029637499998
124.63359467857141
125.04561792857143
125.45895526785714
125.86984537499998
126.28168053571429
126.69307139285714
127.10243983928572
127.51336541071427
127.92219251785714
128.330396
128.73859
129.142556875
129.55141587499998
129.95277555357143
130.357872
130.76155291071427
131.1621681607143
131.56759512499997
131.96617335714285
132.36988342857146
132.7722112857143
133.17194142857142
133.57445107142857
133.97903144642856
134.38197149999996
134.7890520357143
125.66334039285715
125.3847695
125.10322030357142
124.81449016071427
124.52137221428572
124.223825875
123.92244164285714
123.6159827857143
123.30818249999999
122.99545307142857
122.68017801785714
122.36149925
122.0399825892857
121.71615833928571
121.38936448214285
121.061088
120.72974494642858
120.39633532142857
120.06049873214285
119.72302110714286
119.38326414285714
119.04182769642856
118.69798175000001
118.36145905357142
118.04173098214285
117.74387841071429
117.46295485714288
117.20271519642857
116.95535103571429
116.72514612500001
116.51260835714287
116.31660244642859
116.13883671428572
115.97683294642857
115.83213307142856
115.70332616071428
115.597486
115.50925069642857
115.437563875
115.38014048214285
115.34828441071429
115.33074164285713
115.33022057142855
115.35034137499999
115.39207139285715
115.44833982142856
115.52149537499999
115.61909082142857
115.73428982142856
115.86643089285712
116.018451875
116.1903151607143
116.38595841071428
116.59060678571429
116.82318132142858
117.06847014285714
117.33776319642857
117.62916924999999
117.93434942857142
118.27865923214284
118.62851024999998
119.00276939285715
119.38358864285713
119.76815823214285
120.16076399999999
120.55650076785713
120.95330982142858
121.35759364285714
121.76016394642855
122.16810042857142
122.57530891071428
122.9858735
123.396283125
123.80808646428571
124.22029637499998
124.63359467857141
125.04561792857143
125.45895526785714
125.86984537499998
126.28168053571429
126.69307139285714
127.10243983928572
127.51336541071427
127.92219251785714
128.330396
128.73859
129.142556875
129.55141587499998
129.95277555357143
130.357872
130.76155291071427
131.1621681607143
131.56759512499997
131.96617335714285
132.36988342857146
132.7722112857143
133.17194142857142
133.57445107142857
133.97903144642856
134.38197149999996
134.7890520357143
125.62772964285715
125.3516015
125.06886421428572
124.78129417857143
124.48937985714286
124.19145428571429
123.89045357142858
123.58469932142856
123.27596774999999
122.96310303571428
122.64675107142855
122.32717603571429
122.00422421428571
121.6787355357143
121.34971714285714
121.01836375000002
120.68425253571428
120.34736442857142
120.00814774999999
119.66574257142857
119.32221428571428
118.97477164285714
118.62677375
118.28820153571428
117.96836185714287
117.66909982142857
117.38844553571428
117.12139396428572
116.87102360714286
116.636423
116.421035
116.22092949999998
116.03738210714285
115.87016182142857
115.72003510714286
115.58786232142859
115.47563275
115.38221707142857
115.30104071428573
115.24055275
115.2005675
115.17723246428571
115.17018496428571
115.18567074999999
115.21749082142856
115.26828535714284
115.33594389285713
115.42725264285714
115.53350457142857
115.659836
115.80293499999999
115.97128264285713
116.15449571428572
116.35828382142857
116.58203664285715
116.82323321428571
117.08413682142857
117.3649545
117.66643817857144
117.98673878571428
118.33677196428572
118.70317903571429
119.08852814285714
119.47856635714285
119.87358474999999
120.27484964285713
120.678089
121.08457339285714
121.49329567857141
121.90356342857142
122.31571785714284
122.730312
123.14600257142857
123.56119371428571
123.97732403571426
124.39482607142857
124.81143024999999
125.22897407142857
125.64346274999998
126.06232464285713
126.47432107142856
126.8923189642857
127.30287064285713
127.71803914285714
128.1282885
128.53816874999998
128.9497715
129.35793925
129.76687199999998
130.17473099999998
130.58066374999999
130.98752274999998
131.39376425
131.79800575
132.20655599999998
132.60942142857144
133.01487889285713
133.42076914285713
133.8251592857143
134.2321295
134.64252178571428
125.62772964285715
125.3516015
125.06886421428572
124.78129417857143
124.48937985714286
124.19145428571429
123.89045357142858
123.58469932142856
123.27596774999999
122.96310303571428
122.64675107142855
122.32717603571429
122.00422421428571
121.6787355357143
121.34971714285714
121.01836375000002
120.68425253571428
120.34736442857142
120.00814774999999
119.66574257142857
119.32221428571428
118.97477164285714
118.62677375
118.28820153571428
117.96836185714287
117.66909982142857
117.38844553571428
117.12139396428572
116.87102360714286
116.636423
116.421035
116.22092949999998
116.03738210714285
115.87016182142857
115.72003510714286
115.58786232142859
115.47563275
115.38221707142857
115.30104071428573
115.24055275
115.2005675
115.17723246428571
115.17018496428571
115.18567074999999
115.21749082142856
115.26828535714284
115.33594389285713
115.42725264285714
115.53350457142857
115.659836
115.80293499999999
115.97128264285713
116.15449571428572
116.35828382142857
116.58203664285715
116.82323321428571
117.08413682142857
117.3649545
117.66643817857144
117.98673878571428
118.33677196428572
118.70317903571429
119.08852814285714
119.47856635714285
119.87358474999999
120.27484964285713
120.678089
121.08457339285714
121.49329567857141
121.90356342857142
122.31571785714284
122.730312
123.14600257142857
123.56119371428571
123.97732403571426
124.39482607142857
124.81143024999999
125.22897407142857
125.64346274999998
126.06232464285713
126.47432107142856
126.8923189642857
127.30287064285713
127.71803914285714
128.1282885
128.53816874999998
128.9497715
129.35793925
129.76687199999998
130.17473099999998
130.58066374999999
130.98752274999998
131.39376425
131.79800575
132.20655599999998
132.60942142857144
133.01487889285713
133.42076914285713
133.8251592857143
134.2321295
134.64252178571428
125.59245460714286
125.317225625
125.03465575
124.74829148214286
124.45555919642858
124.15992649999998
123.85715976785715
123.55263219642856
123.24266575
122.92893632142857
122.61147174999999
122.29063916071428
121.96664344642859
121.63834628571429
121.30798255357143
120.973317375
120.63708392857141
120.29645391071429
119.95292705357141
119.60699255357143
119.25769610714286
118.90509821428572
118.5541
118.21445892857142
117.89604005357143
117.59414660714286
117.3100629107143
117.0425722857143
116.78681626785713
116.54772025
116.32856105357143
116.12440417857144
115.936310125
115.76448182142857
115.61002439285716
115.47315932142857
115.35546487500001
115.25383396428572
115.16904082142857
115.10297032142859
115.05783985714287
115.0255755357143
115.01227033928572
115.021335125
115.05023249999999
115.09103421428574
115.15246505357142
115.23778951785714
115.33845523214285
115.45634903571428
115.595975125
115.75393407142857
115.93355873214287
116.12775416071428
116.34513948214286
116.58226994642857
116.83375110714286
117.11311037499999
117.40138896428573
117.71984925
118.05013408928572
118.40828989285714
118.79163219642857
119.18635823214285
119.58685224999999
119.99357899999998
120.40220776785715
120.81166894642855
121.22719669642856
121.64152616071429
122.05978619642856
122.47838337499999
122.8975088392857
123.31824058928572
123.739364625
124.16019507142856
124.58211867857143
125.00111885714284
125.42174762499998
125.84180776785713
126.26026966071427
126.68079366071429
127.09519344642857
127.51495071428573
127.92901746428572
128.3448745
128.76054325
129.17010026785712
129.58623073214287
129.99405975
130.40638278571427
130.81561766071428
131.22337224999998
131.634139875
132.042529125
132.44833191071427
132.85924891071429
133.26698119642856
133.67380467857143
134.08559924999997
134.49599153571427
125.59245460714286
125.317225625
125.03465575
124.74829148214286
124.45555919642858
124.15992649999998
123.85715976785715
123.55263219642856
123.24266575
122.92893632142857
122.61147174999999
122.29063916071428
121.96664344642859
121.63834628571429
121.30798255357143
120.973317375
120.63708392857141
120.29645391071429
119.95292705357141
119.60699255357143
119.25769610714286
118.90509821428572
118.5541
118.21445892857142
117.89604005357143
117.59414660714286
117.3100629107143
117.0425722857143
116.78681626785713
116.54772025
116.32856105357143
116.12440417857144
115.936310125
115.76448182142857
115.61002439285716
115.47315932142857
115.35546487500001
115.25383396428572
115.16904082142857
115.10297032142859
115.05783985714287
115.0255755357143
115.01227033928572
115.021335125
115.05023249999999
115.09103421428574
115.15246505357142
115.23778951785714
115.33845523214285
115.45634903571428
115.595975125
115.75393407142857
115.93355873214287
116.12775416071428
116.34513948214286
116.58226994642857
116.83375110714286
117.11311037499999
117.40138896428573
117.71984925
118.05013408928572
118.40828989285714
118.79163219642857
119.18635823214285
119.58685224999999
119.99357899999998
120.40220776785715
120.81166894642855
121.22719669642856
121.64152616071429
122.05978619642856
122.47838337499999
122.8975088392857
123.31824058928572
123.739364625
124.16019507142856
124.58211867857143
125.00111885714284
125.42174762499998
125.84180776785713
126.26026966071427
126.68079366071429
127.09519344642857
127.51495071428573
127.92901746428572
128.3448745
128.76054325
129.17010026785712
129.58623073214287
129.99405975
130.40638278571427
130.81561766071428
131.22337224999998
131.634139875
132.042529125
132.44833191071427
132.85924891071429
133.26698119642856
133.67380467857143
134.08559924999997
134.49599153571427
125.55640107142857
125.28237999999999
124.999045
124.71515992857142
124.42149207142856
124.126846
123.82309264285715
123.51849635714285
123.208055
122.89319028571428
122.574861
122.25248478571429
121.92597542857143
121.59660135714286
121.26316071428573
120.927097
120.58721142857141
120.24363621428571
119.89679757142855
119.54624414285713
119.19233464285713
118.83480728571428
118.4790395
118.14225635714286
117.82214035714286
117.5179485
117.23213735714286
116.95970742857143
116.70209814285715
116.4598565
116.23711385714287
116.02710035714286
115.8348
115.65784714285715
115.49923285714286
115.35892892857143
115.234068
115.1284985
115.03747764285714
114.96812535714287
114.91384107142858
114.8756655
114.85910921428571
114.86348849999999
114.88080121428573
114.91706771428572
114.97557585714284
115.0529312142857
115.14603799999999
115.25939121428571
115.39072
115.54498149999999
115.71459885714286
115.90525907142856
116.11394228571429
116.34601964285713
116.59214828571429
116.8596495
117.149395
117.45140649999999
117.77786178571428
118.12644492857143
118.49502807142858
118.89477407142856
119.29991949999999
119.71124999999999
120.12650964285714
120.54218978571429
120.96089457142857
121.380841
121.80365857142857
122.2259625
122.6515557142857
123.07479071428571
123.50180749999998
123.926735
124.3531924285714
124.77707728571428
125.20377849999998
125.62530871428571
126.05192299999999
126.47122978571429
126.8940907142857
127.31301771428572
127.73434535714287
128.15233750000002
128.57032964285713
128.98687878571428
129.40338457142857
129.81736114285715
130.23241628571427
130.64441628571427
131.058448
131.472113
131.88043657142856
132.29394285714284
132.70355664285717
133.112663
133.5262744285714
133.93884749999998
134.34923978571427
125.55640107142857
125.28237999999999
124.999045
124.71515992857142
124.42149207142856
124.126846
123.82309264285715
123.51849635714285
123.208055
122.89319028571428
122.574861
122.25248478571429
121.92597542857143
121.59660135714286
121.26316071428573
120.927097
120.58721142857141
120.24363621428571
119.89679757142855
119.54624414285713
119.19233464285713
118.83480728571428
118.4790395
118.14225635714286
117.82214035714286
117.5179485
117.23213735714286
116.95970742857143
116.70209814285715
116.4598565
116.23711385714287
116.02710035714286
115.8348
115.65784714285715
115.49923285714286
115.35892892857143
115.234068
115.1284985
115.03747764285714
114.96812535714287
114.91384107142858
114.8756655
114.85910921428571
114.86348849999999
114.88080121428573
114.91706771428572
114.97557585714284
115.0529312142857
115.14603799999999
115.25939121428571
115.39072
115.54498149999999
115.71459885714286
115.90525907142856
116.11394228571429
116.34601964285713
116.59214828571429
116.8596495
117.149395
117.45140649999999
117.77786178571428
118.12644492857143
118.49502807142858
118.89477407142856
119.29991949999999
119.71124999999999
120.12650964285714
120.54218978571429
120.96089457142857
121.380841
121.80365857142857
122.2259625
122.6515557142857
123.07479071428571
123.50180749999998
123.926735
124.3531924285714
124.77707728571428
125.20377849999998
125.62530871428571
126.05192299999999
126.47122978571429
126.8940907142857
127.31301771428572
127.73434535714287
128.15233750000002
128.57032964285713
128.98687878571428
129.40338457142857
129.81736114285715
130.23241628571427
130.64441628571427
131.058448
131.472113
131.88043657142856
132.29394285714284
132.70355664285717
133.112663
133.5262744285714
133.93884749999998
134.34923978571427
125.52089094642858
125.246709125
124.96475637500001
124.67883510714287
124.38678069642856
124.09023525
123.78791669642857
123.48303839285714
123.171520125
122.856122125
122.53593742857143
122.21212855357142
121.88422016071428
121.55235973214286
121.217251625
120.87798962500001
120.53547064285715
120.18889796428573
119.83864598214285
119.48408475000001
119.12477764285715
118.76405107142857
118.405274375
118.06849123214286
117.74691853571429
117.44120698214286
117.15260710714286
116.87825487500001
116.61740158928572
116.37154975000001
116.14466423214286
115.93286535714284
115.73357541071428
115.55253458928573
115.39102274999999
115.24446508928571
115.115508
115.00298114285714
114.90767260714287
114.83236764285715
114.77329744642856
114.72915714285715
114.70865748214284
114.70429525
114.71850926785714
114.74874403571428
114.79948848214286
114.87161157142856
114.95882201785713
115.06556503571429
115.19287424999999
115.33808255357144
115.50299019642857
115.68593078571428
115.889837
116.11330944642856
116.35549053571428
116.61789712500001
116.89743257142858
117.19705819642856
117.51541467857143
117.85183844642857
118.21177189285714
118.60322357142857
119.013134125
119.42912769642858
119.85097310714286
120.27298460714286
120.69635757142858
121.12297823214284
121.55029607142856
121.978583875
122.40809999999999
122.83772066071428
123.26777364285714
123.69845944642856
124.127045
124.5566799642857
124.98512737499999
125.41321903571428
125.84202219642856
126.26743598214286
126.69568796428572
127.11677819642857
127.54396862499999
127.96388775
128.386441125
128.80742896428572
129.22494724999999
129.6456351785714
130.06077191071427
130.47924869642856
130.894656
131.30918357142858
131.72300466071425
132.13999894642856
132.54986437500003
132.96514073214286
133.37866401785712
133.79153874999997
134.20656814285715
125.52089094642858
125.246709125
124.96475637500001
124.67883510714287
124.38678069642856
124.09023525
123.78791669642857
123.48303839285714
123.171520125
122.856122125
122.53593742857143
122.21212855357142
121.88422016071428
121.55235973214286
121.217251625
120.87798962500001
120.53547064285715
120.18889796428573
119.83864598214285
119.48408475000001
119.12477764285715
118.76405107142857
118.405274375
118.06849123214286
117.74691853571429
117.44120698214286
117.15260710714286
116.87825487500001
116.61740158928572
116.37154975000001
116.14466423214286
115.93286535714284
115.73357541071428
115.55253458928573
115.39102274999999
115.24446508928571
115.115508
115.00298114285714
114.90767260714287
114.83236764285715
114.77329744642856
114.72915714285715
114.70865748214284
114.70429525
114.71850926785714
114.74874403571428
114.79948848214286
114.87161157142856
114.95882201785713
115.06556503571429
115.19287424999999
115.33808255357144
115.50299019642857
115.68593078571428
115.889837
116.11330944642856
116.35549053571428
116.61789712500001
116.89743257142858
117.19705819642856
117.51541467857143
117.85183844642857
118.21177189285714
118.60322357142857
119.013134125
119.42912769642858
119.85097310714286
120.27298460714286
120.69635757142858
121.12297823214284
121.55029607142856
121.978583875
122.40809999999999
122.83772066071428
123.26777364285714
123.69845944642856
124.127045
124.5566799642857
124.98512737499999
125.41321903571428
125.84202219642856
126.26743598214286
126.69568796428572
127.11677819642857
127.54396862499999
127.96388775
128.386441125
128.80742896428572
129.22494724999999
129.6456351785714
130.06077191071427
130.47924869642856
130.894656
131.30918357142858
131.72300466071425
132.13999894642856
132.54986437500003
132.96514073214286
133.37866401785712
133.79153874999997
134.20656814285715
125.48629378571428
125.20955475
124.92922578571428
124.6422887857143
124.35096092857142
124.05375875000001
123.75176232142857
123.44563060714285
123.13336575
122.81696774999999
122.49657085714287
122.17104082142856
121.84171367857144
121.50798392857143
121.16998678571429
120.82846
120.48286410714285
120.13286775
119.77927685714285
119.41948235714285
119.0581505357143
118.69342910714286
118.333375
117.99499057142857
117.6724755357143
117.36388464285714
117.07323146428571
116.79631232142859
116.5321950357143
116.28320074999999
116.054413
115.83622732142857
115.6352397857143
115.45017757142857
115.28272307142856
115.13286699999999
114.99754349999998
114.87902139285715
114.78129021428572
114.70109914285715
114.63477239285714
114.58611285714287
114.55958360714287
114.55105499999999
114.55579125000001
114.58286407142857
114.63033189285714
114.69373314285716
114.77347025
114.87653649999999
114.99533724999999
115.13746864285716
115.29446657142857
115.47293232142857
115.67106157142857
115.888459
116.12385421428571
116.3773855
116.65830925
116.94670635714286
117.2585650357143
117.59162278571429
117.94254707142858
118.31794314285715
118.72979174999999
119.14951396428572
119.57730417857142
120.00602599999999
120.43501457142857
120.86593785714287
121.29859357142857
121.73178275
122.16517067857143
122.60089796428572
123.03482132142857
123.4704089642857
123.90320599999998
124.33999010714287
124.76998724999999
125.20630385714286
125.63463282142857
126.06735535714284
126.49561092857144
126.9244705
127.3523284642857
127.77852025
128.203978
128.62797260714285
129.05036014285716
129.47441885714284
129.8929405714286
130.31686399999998
130.732864
131.150511
131.56837896428573
131.98496992857145
132.39955932142857
132.81828835714288
133.23207967857144
133.648002
134.06512514285714
125.48629378571428
125.20955475
124.92922578571428
124.6422887857143
124.35096092857142
124.05375875000001
123.75176232142857
123.44563060714285
123.13336575
122.81696774999999
122.49657085714287
122.17104082142856
121.84171367857144
121.50798392857143
121.16998678571429
120.82846
120.48286410714285
120.13286775
119.77927685714285
119.41948235714285
119.0581505357143
118.69342910714286
118.333375
117.99499057142857
117.6724755357143
117.36388464285714
117.07323146428571
116.79631232142859
116.5321950357143
116.28320074999999
116.054413
115.83622732142857
115.6352397857143
115.45017757142857
115.28272307142856
115.13286699999999
114.99754349999998
114.87902139285715
114.78129021428572
114.70109914285715
114.63477239285714
114.58611285714287
114.55958360714287
114.55105499999999
114.55579125000001
114.58286407142857
114.63033189285714
114.69373314285716
114.77347025
114.87653649999999
114.99533724999999
115.13746864285716
115.29446657142857
115.47293232142857
115.67106157142857
115.888459
116.12385421428571
116.3773855
116.65830925
116.94670635714286
117.2585650357143
117.59162278571429
117.94254707142858
118.31794314285715
118.72979174999999
119.14951396428572
119.57730417857142
120.00602599999999
120.43501457142857
120.86593785714287
121.29859357142857
121.73178275
122.16517067857143
122.60089796428572
123.03482132142857
123.4704089642857
123.90320599999998
124.33999010714287
124.76998724999999
125.20630385714286
125.63463282142857
126.06735535714284
126.49561092857144
126.9244705
127.3523284642857
127.77852025
128.203978
128.62797260714285
129.05036014285716
129.47441885714284
129.8929405714286
130.31686399999998
130.732864
131.150511
131.56837896428573
131.98496992857145
132.39955932142857
132.81828835714288
133.23207967857144
133.648002
134.06512514285714
125.44942098214285
125.17367875000001
124.89361503571429
124.60620423214286
124.31535017857142
124.01660437499999
123.71514337499998
123.40747623214284
123.09421137499999
122.77740399999999
122.45487285714287
122.12859733928572
121.79732753571429
121.46139339285715
121.12138278571429
120.7772525
120.42730203571428
120.07437217857142
119.71736014285713
119.35600244642856
118.98973830357144
118.62307335714287
118.2610855
117.92235969642857
117.59757583928572
117.28757589285715
116.99397680357143
116.71390676785714
116.44771919642858
116.19498125
115.96150821428571
115.74284469642858
115.53537946428573
115.3465642857143
115.1770791607143
115.02135616071428
114.88066137499999
114.75834275
114.65731719642858
114.56897230357143
114.49888375
114.4464864642857
114.41367980357143
114.39817049999999
114.40002955357143
114.42095446428571
114.45999405357142
114.51935726785712
114.59421346428573
114.69047903571429
114.80670624999999
114.93969416071428
115.09177685714286
115.26344966071429
115.45726392857142
115.66918241071428
115.89733733928571
116.14813262499999
116.41850573214288
116.70686817857143
117.01189776785715
117.3390704464286
117.68281119642856
118.05042003571428
118.44967749999998
118.87207544642857
119.30379207142857
119.73893367857144
120.17349460714284
120.61170778571429
121.04871553571428
121.48853
121.92707812499998
122.36742516071428
122.80716448214284
123.24610357142855
123.68606249999998
124.12299944642855
124.560076625
124.99892567857142
125.43341223214284
125.87089383928571
126.3025665892857
126.737651625
127.16577048214285
127.59905875
128.02565575
128.4542612142857
128.88021239285715
129.30408985714286
129.73029874999997
130.15320728571427
130.573675375
130.996484125
131.4160365892857
131.83330776785715
132.25318242857142
132.6708869642857
133.08729557142857
133.507099375
133.92442723214288
125.44942098214285
125.17367875000001
124.89361503571429
124.60620423214286
124.31535017857142
124.01660437499999
123.71514337499998
123.40747623214284
123.09421137499999
122.77740399999999
122.45487285714287
122.12859733928572
121.79732753571429
121.46139339285715
121.12138278571429
120.7772525
120.42730203571428
120.07437217857142
119.71736014285713
119.35600244642856
118.98973830357144
118.62307335714287
118.2610855
117.92235969642857
117.59757583928572
117.28757589285715
116.99397680357143
116.71390676785714
116.44771919642858
116.19498125
115.96150821428571
115.74284469642858
115.53537946428573
115.3465642857143
115.1770791607143
115.02135616071428
114.88066137499999
114.75834275
114.65731719642858
114.56897230357143
114.49888375
114.4464864642857
114.41367980357143
114.39817049999999
114.40002955357143
114.42095446428571
114.45999405357142
114.51935726785712
114.59421346428573
114.69047903571429
114.80670624999999
114.93969416071428
115.09177685714286
115.26344966071429
115.45726392857142
115.66918241071428
115.89733733928571
116.14813262499999
116.41850573214288
116.70686817857143
117.01189776785715
117.3390704464286
117.68281119642856
118.05042003571428
118.44967749999998
118.87207544642857
119.30379207142857
119.73893367857144
120.17349460714284
120.61170778571429
121.04871553571428
121.48853
121.92707812499998
122.36742516071428
122.80716448214284
123.24610357142855
123.68606249999998
124.12299944642855
124.560076625
124.99892567857142
125.43341223214284
125.87089383928571
126.3025665892857
126.737651625
127.16577048214285
127.59905875
128.02565575
128.4542612142857
128.88021239285715
129.30408985714286
129.73029874999997
130.15320728571427
130.573675375
130.996484125
131.4160365892857
131.83330776785715
132.25318242857142
132.6708869642857
133.08729557142857
133.507099375
133.92442723214288
125.41372942857143
125.136115
124.85779742857143
124.56900285714286
124.27837985714285
123.97845214285714
123.67691814285715
123.36918442857143
123.05505699999999
122.736706
122.4125532857143
122.08455757142858
121.75180714285716
121.41365514285712
121.07090685714286
120.72409199999998
120.37229528571427
120.01610485714286
119.65542528571427
119.28980942857143
118.92201200000001
118.55185185714285
118.188979
117.84894628571428
117.52367614285716
117.21059928571427
116.91417142857144
116.6331387142857
116.36251185714286
116.107545
115.87155642857144
115.64708085714287
115.43836785714285
115.244951
115.07072142857143
114.91202585714285
114.76736800000002
114.64114057142856
114.53328014285714
114.44220042857143
114.36509828571428
114.30782385714286
114.2711407142857
114.249878
114.244726
114.261296
114.29774457142857
114.34845871428571
114.41726542857143
114.51055842857143
114.61943099999999
114.74838899999999
114.89304014285715
115.06250328571429
115.24987885714286
115.4545937142857
115.67816757142857
115.92297
116.18994185714286
116.47182685714286
116.77093114285714
117.09333128571427
117.43412657142858
117.79289657142857
118.178819
118.59990685714284
119.03360242857144
119.47516842857142
119.91724314285713
120.35803728571427
120.80234628571428
121.244898
121.69147399999999
122.13397057142856
122.57982885714284
123.02326099999999
123.46931042857142
123.91023028571428
124.35677099999998
124.79420742857141
125.23732485714284
125.6735832857143
126.1117947142857
126.54936071428571
126.98399185714285
127.41971699999999
127.85010285714284
128.28324771428572
128.71233314285712
129.14149042857142
129.57126257142858
129.9933682857143
130.419239
130.843276
131.26442728571428
131.68732114285714
132.10927057142857
132.52629757142856
132.94716085714285
133.365378
133.78419214285714
125.41372942857143
125.136115
124.85779742857143
124.56900285714286
124.27837985714285
123.97845214285714
123.67691814285715
123.36918442857143
123.05505699999999
122.736706
122.4125532857143
122.08455757142858
121.75180714285716
121.41365514285712
121.07090685714286
120.72409199999998
120.37229528571427
120.01610485714286
119.65542528571427
119.28980942857143
118.92201200000001
118.55185185714285
118.188979
117.84894628571428
117.52367614285716
117.21059928571427
116.91417142857144
116.6331387142857
116.36251185714286
116.107545
115.87155642857144
115.64708085714287
115.43836785714285
115.244951
115.07072142857143
114.91202585714285
114.76736800000002
114.64114057142856
114.53328014285714
114.44220042857143
114.36509828571428
114.30782385714286
114.2711407142857
114.249878
114.244726
114.261296
114.29774457142857
114.34845871428571
114.41726542857143
114.51055842857143
114.61943099999999
114.74838899999999
114.89304014285715
115.06250328571429
115.24987885714286
115.4545937142857
115.67816757142857
115.92297
116.18994185714286
116.47182685714286
116.77093114285714
117.09333128571427
117.43412657142858
117.79289657142857
118.178819
118.59990685714284
119.03360242857144
119.47516842857142
119.91724314285713
120.35803728571427
120.80234628571428
121.244898
121.69147399999999
122.13397057142856
122.57982885714284
123.02326099999999
123.46931042857142
123.91023028571428
124.35677099999998
124.79420742857141
125.23732485714284
125.6735832857143
126.1117947142857
126.54936071428571
126.98399185714285
127.41971699999999
127.85010285714284
128.28324771428572
128.71233314285712
129.14149042857142
129.57126257142858
129.9933682857143
130.419239
130.843276
131.26442728571428
131.68732114285714
132.10927057142857
132.52629757142856
132.94716085714285
133.365378
133.78419214285714
125.37629348214287
125.10132625
124.81969005357143
124.53239210714287
124.24019771428571
123.94129776785714
123.63826714285713
123.32860214285714
123.014804
122.69487271428572
122.36948360714287
122.03961746428571
121.70479012500002
121.36382964285716
121.01923264285713
120.6708375
120.31514933928571
119.95575133928571
119.59283466071429
119.22324226785715
118.84988307142856
118.47813373214285
118.11671049999998
117.77613025
117.44827982142857
117.13429053571429
116.83586976785713
116.55108980357143
116.27953342857143
116.02141275
115.77986098214285
115.55464953571429
115.34135801785715
115.14414014285714
114.96688917857142
114.80359551785716
114.65341787499999
114.52392553571428
114.412434625
114.31411423214286
114.23416264285716
114.17406901785714
114.13040687499999
114.10312775
114.09429826785716
114.10687035714285
114.13521210714285
114.18212308928571
114.24749189285714
114.33259441071428
114.438739625
114.56004042857143
114.70101369642857
114.8647438392857
115.046522
115.24641980357143
115.46405664285714
115.705887875
115.96451653571428
116.24115869642858
116.53808426785714
116.8571767857143
117.19234119642857
117.5454679107143
117.926193375
118.33471944642858
118.764551
119.209379375
119.65899167857144
120.1070354642857
120.55832062500001
121.007434875
121.4584605
121.90860323214285
122.35739248214284
122.80657616071427
123.2540955535714
123.70244371428569
124.14973737499999
124.59461882142857
125.04250701785713
125.48335323214286
125.92744757142856
126.36696125
126.80638773214287
127.24260949999999
127.68062623214286
128.11381808928573
128.54849982142858
128.98090028571426
129.41206119642854
129.8392039285714
130.27006649999998
130.6927204642857
131.1187724285714
131.54233451785714
131.96582757142858
132.38694182142856
132.80980510714284
133.22779724999998
133.64878264285716
125.37629348214287
125.10132625
124.81969005357143
124.53239210714287
124.24019771428571
123.94129776785714
123.63826714285713
123.32860214285714
123.014804
122.69487271428572
122.36948360714287
122.03961746428571
121.70479012500002
121.36382964285716
121.01923264285713
120.6708375
120.31514933928571
119.95575133928571
119.59283466071429
119.22324226785715
118.84988307142856
118.47813373214285
118.11671049999998
117.77613025
117.44827982142857
117.13429053571429
116.83586976785713
116.55108980357143
116.27953342857143
116.02141275
115.77986098214285
115.55464953571429
115.34135801785715
115.14414014285714
114.96688917857142
114.80359551785716
114.65341787499999
114.52392553571428
114.412434625
114.31411423214286
114.23416264285716
114.17406901785714
114.13040687499999
114.10312775
114.09429826785716
114.10687035714285
114.13521210714285
114.18212308928571
114.24749189285714
114.33259441071428
114.438739625
114.56004042857143
114.70101369642857
114.8647438392857
115.046522
115.24641980357143
115.46405664285714
115.705887875
115.96451653571428
116.24115869642858
116.53808426785714
116.8571767857143
117.19234119642857
117.5454679107143
117.926193375
118.33471944642858
118.764551
119.209379375
119.65899167857144
120.1070354642857
120.55832062500001
121.007434875
121.4584605
121.90860323214285
122.35739248214284
122.80657616071427
123.2540955535714
123.70244371428569
124.14973737499999
124.59461882142857
125.04250701785713
125.48335323214286
125.92744757142856
126.36696125
126.80638773214287
127.24260949999999
127.68062623214286
128.11381808928573
128.54849982142858
128.98090028571426
129.41206119642854
129.8392039285714
130.27006649999998
130.6927204642857
131.1187724285714
131.54233451785714
131.96582757142858
132.38694182142856
132.80980510714284
133.22779724999998
133.64878264285716
125.33817935714285
125.06458450000001
124.78197821428572
124.49571692857143
124.20153996428573
123.90314339285715
123.59907396428572
123.28883542857142
122.97346375000001
122.65186389285715
122.3254014642857
121.9944285
121.65672610714286
121.31472896428573
120.96751817857144
120.61558975
120.25781792857143
119.89576589285713
119.52843946428573
119.15370860714286
118.77861989285715
118.40490332142858
118.04444875000002
117.7022604642857
117.37383650000001
117.05764607142856
116.7562587857143
116.47119042857142
116.19513742857143
115.934811
115.69149982142858
115.46124496428571
115.24576253571428
115.04469882142858
114.86420257142858
114.69626521428572
114.54389925
114.40973014285716
114.29228367857142
114.19151685714286
114.10567917857144
114.04013696428572
113.9937805357143
113.96114399999999
113.94598453571429
113.95425285714285
113.97968075
114.01870778571427
114.07975971428573
114.1621715357143
114.260263
114.37744664285715
114.51402971428571
114.67297196428571
114.84879357142857
115.04288075
115.25831460714285
115.49337475
115.74680503571427
116.01865153571428
116.31344253571427
116.62532428571427
116.95389807142857
117.30598453571427
117.6810485
118.07882046428571
118.50089907142858
118.94774878571427
119.40058217857143
119.85984071428571
120.31433625
120.77191799999997
121.22610842857142
121.68226085714286
122.1358557142857
122.59236446428571
123.0429746785714
123.50019010714286
123.94789249999998
124.40133682142857
124.84772982142856
125.29574910714285
125.741502
126.18746567857144
126.63182639285714
127.0710535
127.51364692857142
127.94898585714286
128.39032478571428
128.8232290357143
129.25504289285715
129.68766692857142
130.11988725
130.5461332857143
130.97729882142858
131.40139028571429
131.82567014285715
132.24862632142856
132.67204707142858
133.092784
133.51617842857144
125.33817935714285
125.06458450000001
124.78197821428572
124.49571692857143
124.20153996428573
123.90314339285715
123.59907396428572
123.28883542857142
122.97346375000001
122.65186389285715
122.3254014642857
121.9944285
121.65672610714286
121.31472896428573
120.96751817857144
120.61558975
120.25781792857143
119.89576589285713
119.52843946428573
119.15370860714286
118.77861989285715
118.40490332142858
118.04444875000002
117.7022604642857
117.37383650000001
117.05764607142856
116.7562587857143
116.47119042857142
116.19513742857143
115.934811
115.69149982142858
115.46124496428571
115.24576253571428
115.04469882142858
114.86420257142858
114.69626521428572
114.54389925
114.40973014285716
114.29228367857142
114.19151685714286
114.10567917857144
114.04013696428572
113.9937805357143
113.96114399999999
113.94598453571429
113.95425285714285
113.97968075
114.01870778571427
114.07975971428573
114.1621715357143
114.260263
114.37744664285715
114.51402971428571
114.67297196428571
114.84879357142857
115.04288075
115.25831460714285
115.49337475
115.74680503571427
116.01865153571428
116.31344253571427
116.62532428571427
116.95389807142857
117.30598453571427
117.6810485
118.07882046428571
118.50089907142858
118.94774878571427
119.40058217857143
119.85984071428571
120.31433625
120.77191799999997
121.22610842857142
121.68226085714286
122.1358557142857
122.59236446428571
123.0429746785714
123.50019010714286
123.94789249999998
124.40133682142857
124.84772982142856
125.29574910714285
125.741502
126.18746567857144
126.63182639285714
127.0710535
127.51364692857142
127.94898585714286
128.39032478571428
128.8232290357143
129.25504289285715
129.68766692857142
130.11988725
130.5461332857143
130.97729882142858
131.40139028571429
131.82567014285715
132.24862632142856
132.67204707142858
133.092784
133.51617842857144
125.30256860714286
125.02852087500001
124.745185875
124.45952230357145
124.16280171428572
123.86598258928572
123.55945501785713
123.24813742857143
122.931222125
122.60862226785713
122.28032351785714
121.94744139285714
121.60898110714287
121.2645477857143
120.91530033928572
120.560503625
120.20040601785712
119.83435757142857
119.46391398214286
119.08648208928571
118.70601966071429
118.33113819642858
117.9713355
117.62909662499999
117.29969550000001
116.98200517857143
116.678963875
116.389643875
116.11288983928571
115.849229125
115.60230641071429
115.37063421428572
115.15151107142857
114.94673105357143
114.76299014285716
114.59201612500001
114.43408912500001
114.29674335714284
114.17669991071429
114.06873901785715
113.97970726785714
113.91201123214286
113.85774923214285
113.81970100000001
113.80450128571428
113.80671983928572
113.82423664285714
113.860786625
113.91868473214285
113.99356685714285
114.0882965
114.19947808928572
114.33333944642857
114.48515214285715
114.65606194642858
114.84568948214284
115.05681762500001
115.28734112499998
115.53508225000002
115.80309251785715
116.09373103571428
116.4004852857143
116.72715912499999
117.07703124999999
117.44518349999998
117.83141973214285
118.2482897142857
118.69146678571428
119.150408125
119.61320126785715
120.07652533928571
120.53790449999998
121.00004341071428
121.45915628571429
121.92094421428571
122.37865623214284
122.83851644642856
123.29545728571428
123.7513175
124.20925833928573
124.66012283928569
125.11509971428572
125.56337319642856
126.01261992857144
126.45936155357143
126.90400699999998
127.34633199999999
127.79009317857142
128.23214974999996
128.66806791071429
129.1072199464286
129.5411366785714
129.97217512499998
130.40413673214286
130.83528014285713
131.26111289285714
131.6913489107143
132.11539807142856
132.53781996428572
132.961099375
133.38357421428572
125.30256860714286
125.02852087500001
124.745185875
124.45952230357145
124.16280171428572
123.86598258928572
123.55945501785713
123.24813742857143
122.931222125
122.60862226785713
122.28032351785714
121.94744139285714
121.60898110714287
121.2645477857143
120.91530033928572
120.560503625
120.20040601785712
119.83435757142857
119.46391398214286
119.08648208928571
118.70601966071429
118.33113819642858
117.9713355
117.62909662499999
117.29969550000001
116.98200517857143
116.678963875
116.389643875
116.11288983928571
115.849229125
115.60230641071429
115.37063421428572
115.15151107142857
114.94673105357143
114.76299014285716
114.59201612500001
114.43408912500001
114.29674335714284
114.17669991071429
114.06873901785715
113.97970726785714
113.91201123214286
113.85774923214285
113.81970100000001
113.80450128571428
113.80671983928572
113.82423664285714
113.860786625
113.91868473214285
113.99356685714285
114.0882965
114.19947808928572
114.33333944642857
114.48515214285715
114.65606194642858
114.84568948214284
115.05681762500001
115.28734112499998
115.53508225000002
115.80309251785715
116.09373103571428
116.4004852857143
116.72715912499999
117.07703124999999
117.44518349999998
117.83141973214285
118.2482897142857
118.69146678571428
119.150408125
119.61320126785715
120.07652533928571
120.53790449999998
121.00004341071428
121.45915628571429
121.92094421428571
122.37865623214284
122.83851644642856
123.29545728571428
123.7513175
124.20925833928573
124.66012283928569
125.11509971428572
125.56337319642856
126.01261992857144
126.45936155357143
126.90400699999998
127.34633199999999
127.79009317857142
128.23214974999996
128.66806791071429
129.1072199464286
129.5411366785714
129.97217512499998
130.40413673214286
130.83528014285713
131.26111289285714
131.6913489107143
132.11539807142856
132.53781996428572
132.961099375
133.38357421428572
125.26695785714287
124.9916285
124.70803149999999
124.42056121428573
124.12423121428571
123.82570285714284
123.51976521428573
123.2073707142857
122.8889805
122.56438064285715
122.23458107142858
121.90040114285715
121.55994085714286
121.21340685714287
120.86308249999999
120.50562500000001
120.14216185714287
119.77437992857142
119.39951878571428
119.01759107142857
118.63621428571429
118.25950057142857
117.89911400000001
117.55685771428571
117.22521192857143
116.90636071428571
116.60111150000002
116.31005707142859
116.0306697857143
115.7644885
115.515905
115.28058357142856
115.05794057142859
114.85155528571428
114.6639052142857
114.48785357142857
114.328139
114.18681678571429
114.06049178571428
113.95018864285714
113.85732321428571
113.78334092857142
113.72689685714285
113.68483950000001
113.66384021428571
113.66160571428573
113.67613478571428
113.70687978571428
113.75869135714285
113.83090235714286
113.91884
114.02739442857143
114.15579171428571
114.30426614285713
114.46941192857142
114.65346928571428
114.8622857142857
115.086957
115.32835492857144
115.59635414285714
115.88136178571428
116.18356421428571
116.50641685714285
116.85168228571428
117.21368000000001
117.59380035714285
118.00495164285715
118.44168435714285
118.90427564285713
119.37364671428573
119.8410957142857
120.3086665
120.77478828571428
121.24115514285714
121.70727971428569
122.16991428571427
122.63690428571427
123.09627471428571
123.56005299999998
124.01718892857141
124.47681642857142
124.9326817857143
125.38786307142857
125.84125185714286
126.29228935714285
126.741215
127.18851735714284
127.63664342857143
128.07617028571428
128.51773685714284
128.9584775
129.3956064285714
129.83223950000001
130.26750228571427
130.69634714285715
131.12626500000002
131.5566642857143
131.98312957142858
132.40963871428573
132.8334985
133.25415142857145
125.26695785714287
124.9916285
124.70803149999999
124.42056121428573
124.12423121428571
123.82570285714284
123.51976521428573
123.2073707142857
122.8889805
122.56438064285715
122.23458107142858
121.90040114285715
121.55994085714286
121.21340685714287
120.86308249999999
120.50562500000001
120.14216185714287
119.77437992857142
119.39951878571428
119.01759107142857
118.63621428571429
118.25950057142857
117.89911400000001
117.55685771428571
117.22521192857143
116.90636071428571
116.60111150000002
116.31005707142859
116.0306697857143
115.7644885
115.515905
115.28058357142856
115.05794057142859
114.85155528571428
114.6639052142857
114.48785357142857
114.328139
114.18681678571429
114.06049178571428
113.95018864285714
113.85732321428571
113.78334092857142
113.72689685714285
113.68483950000001
113.66384021428571
113.66160571428573
113.67613478571428
113.70687978571428
113.75869135714285
113.83090235714286
113.91884
114.02739442857143
114.15579171428571
114.30426614285713
114.46941192857142
114.65346928571428
114.8622857142857
115.086957
115.32835492857144
115.59635414285714
115.88136178571428
116.18356421428571
116.50641685714285
116.85168228571428
117.21368000000001
117.59380035714285
118.00495164285715
118.44168435714285
118.90427564285713
119.37364671428573
119.8410957142857
120.3086665
120.77478828571428
121.24115514285714
121.70727971428569
122.16991428571427
122.63690428571427
123.09627471428571
123.56005299999998
124.01718892857141
124.47681642857142
124.9326817857143
125.38786307142857
125.84125185714286
126.29228935714285
126.741215
127.18851735714284
127.63664342857143
128.07617028571428
128.51773685714284
128.9584775
129.3956064285714
129.83223950000001
130.26750228571427
130.69634714285715
131.12626500000002
131.5566642857143
131.98312957142858
132.40963871428573
132.8334985
133.25415142857145
125.23134710714285
124.95514525
124.67154825
124.38173571428572
124.08687457142857
123.78600485714284
123.47840428571429
123.164932875
122.84613687500001
122.52027430357143
122.18966832142857
121.85366903571429
121.51000433928571
121.16259480357141
120.80886466071429
120.44933024999999
120.08399157142856
119.71205885714284
119.33586301785715
118.95172191071427
118.56566391071429
118.18827907142857
117.82849562500002
117.48463621428571
117.15231223214285
116.83072635714285
116.52472910714286
116.23114139285714
115.9501462857143
115.681747875
115.42975858928571
115.19156162500002
114.96656835714285
114.75663451785715
114.56523641071429
114.38710785714287
114.223047
114.07811203571428
113.94891476785713
113.83271280357144
113.7367728392857
113.66050287499999
113.5977694642857
113.5521645
113.52755667857143
113.52042169642858
113.52854758928571
113.557005625
113.606005625
113.67172055357143
113.756048
113.858446
113.98449633928571
114.12728366071428
114.28641180357143
114.4709947142857
114.67311275
114.891567625
115.13335678571428
115.39393612499998
115.6732542857143
115.9706353392857
116.29275235714286
116.63293053571428
116.99190899999999
117.37317467857144
117.77621757142856
118.20424249999999
118.66497162499999
119.1352170892857
119.60842416071428
120.082482875
120.55315951785715
121.02788180357143
121.4959574642857
121.96909541071426
122.43489110714285
122.90370017857141
123.36948249999998
123.83329157142856
124.29776125000001
124.75669335714285
125.21669519642856
125.67296200000001
126.12729598214284
126.58043249999999
127.03255451785714
127.4837575
127.92689044642856
128.37529385714282
128.81375414285714
129.25389066071426
129.69334012499996
130.13100910714286
130.56414348214287
130.99907732142856
131.42620689285712
131.85554557142856
132.2817863392857
132.70732074999998
133.130386
125.23134710714285
124.95514525
124.67154825
124.38173571428572
124.08687457142857
123.78600485714284
123.47840428571429
123.164932875
122.84613687500001
122.52027430357143
122.18966832142857
121.85366903571429
121.51000433928571
121.16259480357141
120.80886466071429
120.44933024999999
120.08399157142856
119.71205885714284
119.33586301785715
118.95172191071427
118.56566391071429
118.18827907142857
117.82849562500002
117.48463621428571
117.15231223214285
116.83072635714285
116.52472910714286
116.23114139285714
115.9501462857143
115.681747875
115.42975858928571
115.19156162500002
114.96656835714285
114.75663451785715
114.56523641071429
114.38710785714287
114.223047
114.07811203571428
113.94891476785713
113.83271280357144
113.7367728392857
113.66050287499999
113.5977694642857
113.5521645
113.52755667857143
113.52042169642858
113.52854758928571
113.557005625
113.606005625
113.67172055357143
113.756048
113.858446
113.98449633928571
114.12728366071428
114.28641180357143
114.4709947142857
114.67311275
114.891567625
115.13335678571428
115.39393612499998
115.6732542857143
115.9706353392857
116.29275235714286
116.63293053571428
116.99190899999999
117.37317467857144
117.77621757142856
118.20424249999999
118.66497162499999
119.1352170892857
119.60842416071428
120.082482875
120.55315951785715
121.02788180357143
121.4959574642857
121.96909541071426
122.43489110714285
122.90370017857141
123.36948249999998
123.83329157142856
124.29776125000001
124.75669335714285
125.21669519642856
125.67296200000001
126.12729598214284
126.58043249999999
127.03255451785714
127.4837575
127.92689044642856
128.37529385714282
128.81375414285714
129.25389066071426
129.69334012499996
130.13100910714286
130.56414348214287
130.99907732142856
131.42620689285712
131.85554557142856
132.2817863392857
132.70732074999998
133.130386
125.19473635714286
124.9185345
124.6349375
124.34325246428571
124.04860607142857
123.74630471428571
123.43749153571429
123.122906
122.802712
122.47568264285714
122.1432145
121.80626532142855
121.46120517857143
121.11012499999998
120.75563035714286
120.3930355
120.02442274999999
119.65139553571429
119.27146782142857
118.88347353571427
118.49698460714286
118.11848707142858
117.75860300000001
117.41402817857143
117.07976185714287
116.75795796428571
116.44843396428571
116.15361789285714
115.87042960714287
115.599222
115.34548467857142
115.10488192857143
114.87542735714287
114.66452039285714
114.46999710714286
114.28657760714286
114.12023400000001
113.97235996428572
113.83793832142857
113.71933057142857
113.62065053571428
113.53830907142857
113.47232192857143
113.42352450000001
113.39345935714285
113.38240350000001
113.38738989285714
113.41097542857142
113.4551465
113.51743496428571
113.59568549999999
113.69712071428572
113.81743639285713
113.9544177857143
114.11205128571427
114.29137985714286
114.4879432142857
114.704042
114.94088667857142
115.198634
115.47197903571428
115.76945435714285
116.08716160714286
116.42238710714285
116.77727974999999
117.15606789285714
117.55423757142857
117.97230275
118.43431564285713
118.90161917857142
119.38215821428571
119.85889625
120.33857774999998
120.81383760714286
121.29143464285714
121.7671454642857
122.24051414285712
122.71487064285714
123.18382199999998
123.65411478571428
124.12013128571428
124.58515635714286
125.04811199999999
125.50917000000001
125.96739407142856
126.42759525
126.87962460714283
127.33119371428572
127.78190382142856
128.23282867857142
128.67394967857143
129.12167267857143
129.55928899999998
129.99758967857142
130.43463335714287
130.87167703571427
131.30051742857142
131.73445157142856
132.15932275
132.58508225
133.0077215
125.19473635714286
124.9185345
124.6349375
124.34325246428571
124.04860607142857
123.74630471428571
123.43749153571429
123.122906
122.802712
122.47568264285714
122.1432145
121.80626532142855
121.46120517857143
121.11012499999998
120.75563035714286
120.3930355
120.02442274999999
119.65139553571429
119.27146782142857
118.88347353571427
118.49698460714286
118.11848707142858
117.75860300000001
117.41402817857143
117.07976185714287
116.75795796428571
116.44843396428571
116.15361789285714
115.87042960714287
115.599222
115.34548467857142
115.10488192857143
114.87542735714287
114.66452039285714
114.46999710714286
114.28657760714286
114.12023400000001
113.97235996428572
113.83793832142857
113.71933057142857
113.62065053571428
113.53830907142857
113.47232192857143
113.42352450000001
113.39345935714285
113.38240350000001
113.38738989285714
113.41097542857142
113.4551465
113.51743496428571
113.59568549999999
113.69712071428572
113.81743639285713
113.9544177857143
114.11205128571427
114.29137985714286
114.4879432142857
114.704042
114.94088667857142
115.198634
115.47197903571428
115.76945435714285
116.08716160714286
116.42238710714285
116.77727974999999
117.15606789285714
117.55423757142857
117.97230275
118.43431564285713
118.90161917857142
119.38215821428571
119.85889625
120.33857774999998
120.81383760714286
121.29143464285714
121.7671454642857
122.24051414285712
122.71487064285714
123.18382199999998
123.65411478571428
124.12013128571428
124.58515635714286
125.04811199999999
125.50917000000001
125.96739407142856
126.42759525
126.87962460714283
127.33119371428572
127.78190382142856
128.23282867857142
128.67394967857143
129.12167267857143
129.55928899999998
129.99758967857142
130.43463335714287
130.87167703571427
131.30051742857142
131.73445157142856
132.15932275
132.58508225
133.0077215
125.15878989285716
124.88192375000001
124.59756837500001
124.30609808928571
124.009830375
123.70660457142856
123.39600828571429
123.081208
122.759051625
122.43076210714285
122.09742925
121.75793644642857
121.41087630357144
121.05925250000001
120.70062726785716
120.33674075
119.96602928571428
119.58892008928572
119.20711882142857
118.81818825
118.42906367857142
118.05059444642858
117.689139875
117.34359192857144
117.00916416071429
116.68452498214286
116.37386998214285
116.0768134107143
115.79130951785714
115.51802500000001
115.26230342857143
115.01853110714285
114.78738401785715
114.57374725
114.37465717857143
114.18913389285714
114.01964537499998
113.86807133928572
113.73172025
113.60866010714287
113.50518741071427
113.42090146428572
113.35021466071429
113.296792
113.26451973214286
113.24823092857142
113.24751517857143
113.26913228571428
113.31050776785713
113.36684062500001
113.44149749999998
113.54007055357143
113.65468408928572
113.78789748214285
113.94309362499999
114.11741335714285
114.30793137499998
114.521977125
114.75666948214285
115.007076875
115.28016024999998
115.5732189642857
115.88613141071428
116.2163137142857
116.57057
116.94670467857142
117.34063821428572
117.75887725
118.208307
118.67429200000001
119.15541442857142
119.6403055
120.12440469642857
120.6063197142857
121.09107237499998
121.56913492857142
122.05071539285714
122.52630980357142
123.00319774999998
123.47543892857142
123.94792316071428
124.41727710714287
124.88558057142856
125.34929632142857
125.81485453571429
126.27386249999999
126.72950739285714
127.188677
127.64116908928573
128.08980228571426
128.5385587857143
128.98772526785714
129.42833324999998
129.8727459107143
130.3100397142857
130.74422942857143
131.1779545714286
131.61248642857143
132.0391284642857
132.46912275
132.89114455357145
125.15878989285716
124.88192375000001
124.59756837500001
124.30609808928571
124.009830375
123.70660457142856
123.39600828571429
123.081208
122.759051625
122.43076210714285
122.09742925
121.75793644642857
121.41087630357144
121.05925250000001
120.70062726785716
120.33674075
119.96602928571428
119.58892008928572
119.20711882142857
118.81818825
118.42906367857142
118.05059444642858
117.689139875
117.34359192857144
117.00916416071429
116.68452498214286
116.37386998214285
116.0768134107143
115.79130951785714
115.51802500000001
115.26230342857143
115.01853110714285
114.78738401785715
114.57374725
114.37465717857143
114.18913389285714
114.01964537499998
113.86807133928572
113.73172025
113.60866010714287
113.50518741071427
113.42090146428572
113.35021466071429
113.296792
113.26451973214286
113.24823092857142
113.24751517857143
113.26913228571428
113.31050776785713
113.36684062500001
113.44149749999998
113.54007055357143
113.65468408928572
113.78789748214285
113.94309362499999
114.11741335714285
114.30793137499998
114.521977125
114.75666948214285
115.007076875
115.28016024999998
115.5732189642857
115.88613141071428
116.2163137142857
116.57057
116.94670467857142
117.34063821428572
117.75887725
118.208307
118.67429200000001
119.15541442857142
119.6403055
120.12440469642857
120.6063197142857
121.09107237499998
121.56913492857142
122.05071539285714
122.52630980357142
123.00319774999998
123.47543892857142
123.94792316071428
124.41727710714287
124.88558057142856
125.34929632142857
125.81485453571429
126.27386249999999
126.72950739285714
127.188677
127.64116908928573
128.08980228571426
128.5385587857143
128.98772526785714
129.42833324999998
129.8727459107143
130.3100397142857
130.74422942857143
131.1779545714286
131.61248642857143
132.0391284642857
132.46912275
132.89114455357145
125.12351485714287
124.845142
124.56041400000001
124.26894371428573
123.97120714285715
123.66620857142858
123.35500828571429
123.0381392857143
122.71581
122.38627885714284
122.04997542857143
121.70960757142856
121.36154742857144
121.00611157142858
120.64721114285715
120.280446
119.90641600000001
119.52811471428569
119.14311485714288
118.75158585714287
118.36292799999998
117.98298585714286
117.62152999999999
117.27507114285714
116.93804971428574
116.61306185714287
116.30000457142856
116.00174628571428
115.71375914285716
115.437631
115.18090742857143
114.93534985714287
114.70115942857144
114.48502785714287
114.28313599999998
114.09307871428572
113.92144400000001
113.76731942857143
113.62589142857142
113.50056014285715
113.39535914285715
113.30460028571429
113.23062857142857
113.17516399999998
113.13790057142857
113.11662885714284
113.11416285714284
113.13209700000002
113.1682582857143
113.221156
113.29478599999999
113.38781542857143
113.49567114285715
113.62677057142857
113.77922885714285
113.94801928571428
114.13534714285713
114.347036
114.57615714285714
114.82391385714286
115.09290257142857
115.38385685714286
115.69247685714286
116.02030085714286
116.372754
116.74333542857144
117.134282
117.55077228571429
117.98747342857142
118.45339485714285
118.93347857142857
119.42553799999999
119.91286914285715
120.40486614285714
120.89002628571427
121.37809128571428
121.86325085714284
122.34571242857143
122.82614399999999
123.30517028571427
123.78010571428571
124.25526514285716
124.72562942857144
125.19548971428571
125.66428571428571
126.12484899999998
126.5892797142857
127.04680442857142
127.50183657142857
127.95726371428567
128.40923142857145
128.85508971428573
129.301854
129.7481082857143
130.18824771428572
130.62773299999998
131.0627042857143
131.4927292857143
131.92302142857145
132.353378
132.77698342857144
125.12351485714287
124.845142
124.56041400000001
124.26894371428573
123.97120714285715
123.66620857142858
123.35500828571429
123.0381392857143
122.71581
122.38627885714284
122.04997542857143
121.70960757142856
121.36154742857144
121.00611157142858
120.64721114285715
120.280446
119.90641600000001
119.52811471428569
119.14311485714288
118.75158585714287
118.36292799999998
117.98298585714286
117.62152999999999
117.27507114285714
116.93804971428574
116.61306185714287
116.30000457142856
116.00174628571428
115.71375914285716
115.437631
115.18090742857143
114.93534985714287
114.70115942857144
114.48502785714287
114.28313599999998
114.09307871428572
113.92144400000001
113.76731942857143
113.62589142857142
113.50056014285715
113.39535914285715
113.30460028571429
113.23062857142857
113.17516399999998
113.13790057142857
113.11662885714284
113.11416285714284
113.13209700000002
113.1682582857143
113.221156
113.29478599999999
113.38781542857143
113.49567114285715
113.62677057142857
113.77922885714285
113.94801928571428
114.13534714285713
114.347036
114.57615714285714
114.82391385714286
115.09290257142857
115.38385685714286
115.69247685714286
116.02030085714286
116.372754
116.74333542857144
117.134282
117.55077228571429
117.98747342857142
118.45339485714285
118.93347857142857
119.42553799999999
119.91286914285715
120.40486614285714
120.89002628571427
121.37809128571428
121.86325085714284
122.34571242857143
122.82614399999999
123.30517028571427
123.78010571428571
124.25526514285716
124.72562942857144
125.19548971428571
125.66428571428571
126.12484899999998
126.5892797142857
127.04680442857142
127.50183657142857
127.95726371428567
128.40923142857145
128.85508971428573
129.301854
129.7481082857143
130.18824771428572
130.62773299999998
131.0627042857143
131.4927292857143
131.92302142857145
132.353378
132.77698342857144
125.08838705357144
124.80883324999999
124.52285733928572
124.22985376785715
123.93214485714284
123.62620857142856
123.31354142857143
122.99589766071426
122.67212075
122.34105632142855
122.00419017857142
121.66107683928573
121.31148341071429
120.95597064285715
120.59234596428571
120.22415124999999
119.84819871428572
119.46526457142856
119.07889137499998
118.68582908928572
118.29679375
117.91754960714286
117.55462975000002
117.20579198214287
116.86867383928572
116.54132687500001
116.22773630357143
115.92754873214284
115.63718267857142
115.36127762499999
115.10102276785715
114.8515426607143
114.61741808928572
114.39784660714285
114.1925655
114.00066330357141
113.82671149999999
113.66805076785714
113.52454585714287
113.39601757142857
113.28561812500001
113.19337878571429
113.11513658928573
113.05526900000001
113.01500628571428
112.99123008928571
112.98285189285713
112.99922864285713
113.0311379642857
113.07891630357142
113.150645
113.23928517857141
113.34428232142857
113.47240973214286
113.61982610714286
113.78519642857142
113.97036703571428
114.178339375
114.40348589285713
114.64571948214285
114.9151132142857
115.20116548214287
115.50408748214285
115.83143514285712
116.17966374999999
116.54577973214285
116.9367485
117.34725962499998
117.77609382142856
118.2385992142857
118.71609053571427
119.20967824999998
119.707878
120.20356210714286
120.69815412499997
121.19086303571427
121.68071919642856
122.1684075892857
122.65477437499999
123.13643866071428
123.61729982142856
124.09624662499999
124.57144421428569
125.04826146428572
125.51516651785714
125.98366999999999
126.45102767857142
126.90948225
127.37212817857142
127.82674069642856
128.2810501785714
128.73203948214282
129.18275125000002
129.62607624999998
130.06878230357142
130.51072839285712
130.94924116071428
131.3827198392857
131.815745375
132.24149174999997
132.66593651785712
125.08838705357144
124.80883324999999
124.52285733928572
124.22985376785715
123.93214485714284
123.62620857142856
123.31354142857143
122.99589766071426
122.67212075
122.34105632142855
122.00419017857142
121.66107683928573
121.31148341071429
120.95597064285715
120.59234596428571
120.22415124999999
119.84819871428572
119.46526457142856
119.07889137499998
118.68582908928572
118.29679375
117.91754960714286
117.55462975000002
117.20579198214287
116.86867383928572
116.54132687500001
116.22773630357143
115.92754873214284
115.63718267857142
115.36127762499999
115.10102276785715
114.8515426607143
114.61741808928572
114.39784660714285
114.1925655
114.00066330357141
113.82671149999999
113.66805076785714
113.52454585714287
113.39601757142857
113.28561812500001
113.19337878571429
113.11513658928573
113.05526900000001
113.01500628571428
112.99123008928571
112.98285189285713
112.99922864285713
113.0311379642857
113.07891630357142
113.150645
113.23928517857141
113.34428232142857
113.47240973214286
113.61982610714286
113.78519642857142
113.97036703571428
114.178339375
114.40348589285713
114.64571948214285
114.9151132142857
115.20116548214287
115.50408748214285
115.83143514285712
116.17966374999999
116.54577973214285
116.9367485
117.34725962499998
117.77609382142856
118.2385992142857
118.71609053571427
119.20967824999998
119.707878
120.20356210714286
120.69815412499997
121.19086303571427
121.68071919642856
122.1684075892857
122.65477437499999
123.13643866071428
123.61729982142856
124.09624662499999
124.57144421428569
125.04826146428572
125.51516651785714
125.98366999999999
126.45102767857142
126.90948225
127.37212817857142
127.82674069642856
128.2810501785714
128.73203948214282
129.18275125000002
129.62607624999998
130.06878230357142
130.51072839285712
130.94924116071428
131.3827198392857
131.815745375
132.24149174999997
132.66593651785712
125.05195764285713
124.77283325
124.48630067857142
124.19215307142858
123.892978
123.58589982142857
123.27376810714284
122.95397657142856
122.62872474999999
122.29613578571428
121.95706778571427
121.61354610714285
121.26203014285713
120.90270889285713
120.5387754642857
120.16752149999999
119.78854685714285
119.40500839285716
119.01397664285713
118.61784921428571
118.22927167857144
117.85180460714287
117.48749550000002
117.13890207142856
116.79986139285715
116.47167239285713
116.1565485357143
115.85478360714285
115.56326317857143
115.28540275
115.02255964285715
114.77138153571428
114.53406600000001
114.31242921428571
114.10530607142857
113.90971621428571
113.73375174999998
113.57349332142857
113.4243680357143
113.2931387142857
113.18135360714285
113.08383692857143
113.00193974999999
112.94034274999999
112.89627974999999
112.86770453571428
112.85884857142857
112.86993835714286
112.8959499642857
112.94370403571429
113.01098049999999
113.09484521428573
113.19787503571428
113.32400532142856
113.46728910714285
113.62662928571427
113.81203460714286
114.01504924999999
114.23426217857141
114.47845760714284
114.74159235714286
115.02273585714285
115.32528164285715
115.65061610714285
115.99429075
116.35726039285714
116.74482225
117.15009174999999
117.57607299999998
118.02935928571429
118.50006803571426
119.00046975000001
119.5070449642857
120.00818610714286
120.50936189285713
121.00718464285714
121.50228957142856
121.99526135714285
122.48704949999998
122.97310303571427
123.46159078571426
123.94124489285713
124.42444885714283
124.90092807142857
125.37474278571429
125.84772974999998
126.31363282142857
126.77975739285714
127.24435225
127.70077985714283
128.1604202142857
128.61240289285712
129.06375325
129.51103110714286
129.9587084285714
130.39828078571426
130.83739732142857
131.27379764285712
131.7086652142857
132.1367
132.5660906785714
125.05195764285713
124.77283325
124.48630067857142
124.19215307142858
123.892978
123.58589982142857
123.27376810714284
122.95397657142856
122.62872474999999
122.29613578571428
121.95706778571427
121.61354610714285
121.26203014285713
120.90270889285713
120.5387754642857
120.16752149999999
119.78854685714285
119.40500839285716
119.01397664285713
118.61784921428571
118.22927167857144
117.85180460714287
117.48749550000002
117.13890207142856
116.79986139285715
116.47167239285713
116.1565485357143
115.85478360714285
115.56326317857143
115.28540275
115.02255964285715
114.77138153571428
114.53406600000001
114.31242921428571
114.10530607142857
113.90971621428571
113.73375174999998
113.57349332142857
113.4243680357143
113.2931387142857
113.18135360714285
113.08383692857143
113.00193974999999
112.94034274999999
112.89627974999999
112.86770453571428
112.85884857142857
112.86993835714286
112.8959499642857
112.94370403571429
113.01098049999999
113.09484521428573
113.19787503571428
113.32400532142856
113.46728910714285
113.62662928571427
113.81203460714286
114.01504924999999
114.23426217857141
114.47845760714284
114.74159235714286
115.02273585714285
115.32528164285715
115.65061610714285
115.99429075
116.35726039285714
116.74482225
117.15009174999999
117.57607299999998
118.02935928571429
118.50006803571426
119.00046975000001
119.5070449642857
120.00818610714286
120.50936189285713
121.00718464285714
121.50228957142856
121.99526135714285
122.48704949999998
122.97310303571427
123.46159078571426
123.94124489285713
124.42444885714283
124.90092807142857
125.37474278571429
125.84772974999998
126.31363282142857
126.77975739285714
127.24435225
127.70077985714283
128.1604202142857
128.61240289285712
129.06375325
129.51103110714286
129.9587084285714
130.39828078571426
130.83739732142857
131.27379764285712
131.7086652142857
132.1367
132.5660906785714
125.01634689285716
124.73661175
124.44814630357142
124.15454501785715
123.85328
123.54674330357143
123.23160999999999
122.91227857142857
122.585279125
122.25135053571428
121.91128253571429
121.565015375
121.21215764285716
120.85175591071429
120.4838230357143
120.11156174999999
119.73043273214284
119.340836125
118.94890753571428
118.55124682142858
118.16352810714287
117.78667926785714
117.42136125
117.07276782142856
116.73304894642858
116.40239378571428
116.0869377857143
115.78321692857142
115.48943092857141
115.210836625
114.94651519642858
114.69172689285715
114.45326914285715
114.22987757142856
114.01935539285714
113.82223153571428
113.64396937499998
113.47837919642858
113.32805276785714
113.19499175
113.07839783928573
112.97873712500001
112.89407410714284
112.8282785
112.78181662499999
112.74882058928571
112.73682058928571
112.74509012499999
112.76762396428572
112.81129039285713
112.875557625
112.95595617857143
113.05655389285714
113.17875185714286
113.31728125000001
113.47754467857143
113.65853951785714
113.856399625
114.07559291071428
114.31518816071429
114.57524457142857
114.85323726785715
115.15429455357143
115.47575023214284
115.81526962499998
116.17759660714286
116.55997928571429
116.95970069642857
117.38701982142857
117.82873503571429
118.30172146428569
118.79717
119.30922085714285
119.8180815357143
120.32400694642854
120.82912732142856
121.32845764285712
121.82984271428572
122.32303687499999
122.81776051785714
123.30575178571428
123.79394269642859
124.28194071428571
124.7596572857143
125.23825532142857
125.71224762499997
126.18656683928572
126.65416669642856
127.11828769642857
127.58134974999997
128.04340775
128.49700689285714
128.95245924999998
129.40165682142856
129.84911551785714
130.29138141071428
130.73510385714286
131.1697022857143
131.60349185714284
132.03408599999997
132.46494928571428
125.01634689285716
124.73661175
124.44814630357142
124.15454501785715
123.85328
123.54674330357143
123.23160999999999
122.91227857142857
122.585279125
122.25135053571428
121.91128253571429
121.565015375
121.21215764285716
120.85175591071429
120.4838230357143
120.11156174999999
119.73043273214284
119.340836125
118.94890753571428
118.55124682142858
118.16352810714287
117.78667926785714
117.42136125
117.07276782142856
116.73304894642858
116.40239378571428
116.0869377857143
115.78321692857142
115.48943092857141
115.210836625
114.94651519642858
114.69172689285715
114.45326914285715
114.22987757142856
114.01935539285714
113.82223153571428
113.64396937499998
113.47837919642858
113.32805276785714
113.19499175
113.07839783928573
112.97873712500001
112.89407410714284
112.8282785
112.78181662499999
112.74882058928571
112.73682058928571
112.74509012499999
112.76762396428572
112.81129039285713
112.875557625
112.95595617857143
113.05655389285714
113.17875185714286
113.31728125000001
113.47754467857143
113.65853951785714
113.856399625
114.07559291071428
114.31518816071429
114.57524457142857
114.85323726785715
115.15429455357143
115.47575023214284
115.81526962499998
116.17759660714286
116.55997928571429
116.95970069642857
117.38701982142857
117.82873503571429
118.30172146428569
118.79717
119.30922085714285
119.8180815357143
120.32400694642854
120.82912732142856
121.32845764285712
121.82984271428572
122.32303687499999
122.81776051785714
123.30575178571428
123.79394269642859
124.28194071428571
124.7596572857143
125.23825532142857
125.71224762499997
126.18656683928572
126.65416669642856
127.11828769642857
127.58134974999997
128.04340775
128.49700689285714
128.95245924999998
129.40165682142856
129.84911551785714
130.29138141071428
130.73510385714286
131.1697022857143
131.60349185714284
132.03408599999997
132.46494928571428
124.98240042857142
124.700132
124.41194492857143
124.11599600000001
123.81458964285713
123.50559107142857
123.19191200000002
122.87044314285714
122.5422415
122.20677121428571
121.86402078571427
121.51736485714287
121.16281485714285
120.79933978571427
120.43133978571429
120.05507349999999
119.67145285714285
119.28091885714286
118.88338007142858
118.48458071428571
118.0973952857143
117.72208864285714
117.35763550000001
117.00711007142857
116.66598214285715
116.3356487857143
116.0191927857143
115.71320635714287
115.41868592857143
115.138548
114.87141578571428
114.61555057142859
114.37502442857144
114.14941571428572
113.93682514285715
113.73622407142857
113.555885
113.388607
113.2346905
113.09867664285713
112.9805387142857
112.87620107142857
112.7885172142857
112.722312
112.67070592857142
112.63303185714285
112.62109007142857
112.62448185714285
112.64105235714285
112.68651907142858
112.74517499999999
112.82042028571428
112.92147492857143
113.0398617142857
113.17452385714284
113.33149092857141
113.51054128571428
113.7064585
113.92152985714284
114.15996842857143
114.4150727142857
114.68834307142856
114.98891192857143
115.30814578571427
115.6449375
116.004446
116.38267007142856
116.78174335714284
117.20309842857144
117.6388262142857
118.11103549999999
118.59635049999999
119.11684564285713
119.63232978571428
120.14761185714282
120.65469442857142
121.16293164285713
121.66492592857142
122.16553749999999
122.66459478571429
123.15803457142857
123.65337721428571
124.13823478571427
124.6246437857143
125.10685257142858
125.58614299999999
126.06040571428571
126.53062978571427
127.00182092857142
127.46781949999998
127.92754607142857
128.38777085714284
128.844627
129.2963697857143
129.7455747857143
130.19052014285714
130.63288235714285
131.0704512142857
131.50829757142856
131.93898499999997
132.36611028571429
124.98240042857142
124.700132
124.41194492857143
124.11599600000001
123.81458964285713
123.50559107142857
123.19191200000002
122.87044314285714
122.5422415
122.20677121428571
121.86402078571427
121.51736485714287
121.16281485714285
120.79933978571427
120.43133978571429
120.05507349999999
119.67145285714285
119.28091885714286
118.88338007142858
118.48458071428571
118.0973952857143
117.72208864285714
117.35763550000001
117.00711007142857
116.66598214285715
116.3356487857143
116.0191927857143
115.71320635714287
115.41868592857143
115.138548
114.87141578571428
114.61555057142859
114.37502442857144
114.14941571428572
113.93682514285715
113.73622407142857
113.555885
113.388607
113.2346905
113.09867664285713
112.9805387142857
112.87620107142857
112.7885172142857
112.722312
112.67070592857142
112.63303185714285
112.62109007142857
112.62448185714285
112.64105235714285
112.68651907142858
112.74517499999999
112.82042028571428
112.92147492857143
113.0398617142857
113.17452385714284
113.33149092857141
113.51054128571428
113.7064585
113.92152985714284
114.15996842857143
114.4150727142857
114.68834307142856
114.98891192857143
115.30814578571427
115.6449375
116.004446
116.38267007142856
116.78174335714284
117.20309842857144
117.6388262142857
118.11103549999999
118.59635049999999
119.11684564285713
119.63232978571428
120.14761185714282
120.65469442857142
121.16293164285713
121.66492592857142
122.16553749999999
122.66459478571429
123.15803457142857
123.65337721428571
124.13823478571427
124.6246437857143
125.10685257142858
125.58614299999999
126.06040571428571
126.53062978571427
127.00182092857142
127.46781949999998
127.92754607142857
128.38777085714284
128.844627
129.2963697857143
129.7455747857143
130.19052014285714
130.63288235714285
131.0704512142857
131.50829757142856
131.93898499999997
132.36611028571429
124.94745396428571
124.66539025
124.37443526785717
124.07930069642858
123.77543526785715
123.46741228571429
123.15067857142857
122.82872501785712
122.49937775000001
122.16164475000001
121.81906358928572
121.46917589285714
121.11294235714286
120.74894378571429
120.37714207142858
120.000657375
119.61470953571428
119.21985173214284
118.82178944642857
118.41955042857143
118.03428116071427
117.65849801785717
117.29399700000002
116.94351944642857
116.60173344642857
116.26967544642858
115.95253503571428
115.64554860714286
115.34849275000002
115.0675255
114.79900507142858
114.54054692857143
114.29931482142857
114.07219167857143
113.85551441071428
113.65330314285713
113.470908
113.30009687500001
113.14504292857144
113.00704721428572
112.88425407142859
112.77722025000001
112.68853512500002
112.618253
112.56139042857143
112.52517201785713
112.5078003392857
112.505895375
112.52462837499999
112.56398826785714
112.618034
112.69454573214284
112.79063028571429
112.90418632142857
113.03792194642858
113.19360492857143
113.36769210714284
113.557800125
113.77601973214286
114.01057148214286
114.26078132142857
114.53610846428572
114.83252278571429
115.1453145
115.48168237499999
115.83858687499999
116.21059294642858
116.61229487499999
117.02532774999999
117.46695905357141
117.927371
118.41599324999999
118.93142198214284
119.45478794642857
119.97063860714285
120.48615712499998
121.00039399999997
121.50693407142856
122.01623275
122.51593014285713
123.01665480357143
123.5120734107143
124.00574162499998
124.49469517857142
124.97921155357142
125.463049
125.94039221428571
126.41816666071428
126.88713319642858
127.35523501785713
127.82148916071428
128.28482344642856
128.73985512500002
129.19406448214284
129.64637341071426
130.09486239285712
130.53677676785713
130.97837733928571
131.4137203214286
131.84656562499998
132.27624432142858
124.94745396428571
124.66539025
124.37443526785717
124.07930069642858
123.77543526785715
123.46741228571429
123.15067857142857
122.82872501785712
122.49937775000001
122.16164475000001
121.81906358928572
121.46917589285714
121.11294235714286
120.74894378571429
120.37714207142858
120.000657375
119.61470953571428
119.21985173214284
118.82178944642857
118.41955042857143
118.03428116071427
117.65849801785717
117.29399700000002
116.94351944642857
116.60173344642857
116.26967544642858
115.95253503571428
115.64554860714286
115.34849275000002
115.0675255
114.79900507142858
114.54054692857143
114.29931482142857
114.07219167857143
113.85551441071428
113.65330314285713
113.470908
113.30009687500001
113.14504292857144
113.00704721428572
112.88425407142859
112.77722025000001
112.68853512500002
112.618253
112.56139042857143
112.52517201785713
112.5078003392857
112.505895375
112.52462837499999
112.56398826785714
112.618034
112.69454573214284
112.79063028571429
112.90418632142857
113.03792194642858
113.19360492857143
113.36769210714284
113.557800125
113.77601973214286
114.01057148214286
114.26078132142857
114.53610846428572
114.83252278571429
115.1453145
115.48168237499999
115.83858687499999
116.21059294642858
116.61229487499999
117.02532774999999
117.46695905357141
117.927371
118.41599324999999
118.93142198214284
119.45478794642857
119.97063860714285
120.48615712499998
121.00039399999997
121.50693407142856
122.01623275
122.51593014285713
123.01665480357143
123.5120734107143
124.00574162499998
124.49469517857142
124.97921155357142
125.463049
125.94039221428571
126.41816666071428
126.88713319642858
127.35523501785713
127.82148916071428
128.28482344642856
128.73985512500002
129.19406448214284
129.64637341071426
130.09486239285712
130.53677676785713
130.97837733928571
131.4137203214286
131.84656562499998
132.27624432142858
124.91240696428571
124.6297795
124.33784464285715
124.04121075
123.73728089285714
123.42671428571428
123.11054432142859
122.78648339285715
122.45555425
122.11815267857142
121.77358964285715
121.4231887857143
121.06406985714287
120.69780285714285
120.32626957142857
119.946135
119.5577497857143
119.1611492142857
118.76039146428572
118.35803528571427
117.97169196428571
117.59603489285715
117.23295
116.88132753571428
116.53784114285716
116.20608482142859
115.88776339285712
115.57841435714286
115.28209078571429
114.99886774999999
114.72778357142859
114.46932542857142
114.22573271428573
113.99544667857144
113.77812946428571
113.57403392857144
113.38754175000001
113.21608996428571
113.05736196428572
112.91604046428571
112.79258017857143
112.68192582142858
112.59089750000001
112.51733875000001
112.45944428571428
112.41888267857144
112.39898821428571
112.39432321428572
112.41023182142858
112.44693507142856
112.49806749999999
112.57140528571428
112.66566942857142
112.77640521428572
112.90683225000001
113.06033642857142
113.23053607142856
113.42082925
113.63445807142857
113.86478799999999
114.11671285714284
114.38783957142857
114.68163335714286
114.99009364285715
115.32698724999999
115.67481928571428
116.05402953571429
116.44695924999999
116.86050521428571
117.29866367857143
117.75227821428571
118.24503375
118.75214896428571
119.28160567857142
119.80288685714285
120.32724089285713
120.84129324999998
121.35700782142857
121.86663449999999
122.37605089285712
122.88127607142857
123.38018392857143
123.8760139642857
124.36759889285716
124.86079289285713
125.34341749999999
125.82643303571427
126.30802574999998
126.77775732142857
127.2538302142857
127.71866517857143
128.1831211785714
128.64257725
129.103199
129.55239871428572
130.0030169642857
130.4472810357143
130.89184978571427
131.32716914285714
131.76253175
132.18943249999998
124.91240696428571
124.6297795
124.33784464285715
124.04121075
123.73728089285714
123.42671428571428
123.11054432142859
122.78648339285715
122.45555425
122.11815267857142
121.77358964285715
121.4231887857143
121.06406985714287
120.69780285714285
120.32626957142857
119.946135
119.5577497857143
119.1611492142857
118.76039146428572
118.35803528571427
117.97169196428571
117.59603489285715
117.23295
116.88132753571428
116.53784114285716
116.20608482142859
115.88776339285712
115.57841435714286
115.28209078571429
114.99886774999999
114.72778357142859
114.46932542857142
114.22573271428573
113.99544667857144
113.77812946428571
113.57403392857144
113.38754175000001
113.21608996428571
113.05736196428572
112.91604046428571
112.79258017857143
112.68192582142858
112.59089750000001
112.51733875000001
112.45944428571428
112.41888267857144
112.39898821428571
112.39432321428572
112.41023182142858
112.44693507142856
112.49806749999999
112.57140528571428
112.66566942857142
112.77640521428572
112.90683225000001
113.06033642857142
113.23053607142856
113.42082925
113.63445807142857
113.86478799999999
114.11671285714284
114.38783957142857
114.68163335714286
114.99009364285715
115.32698724999999
115.67481928571428
116.05402953571429
116.44695924999999
116.86050521428571
117.29866367857143
117.75227821428571
118.24503375
118.75214896428571
119.28160567857142
119.80288685714285
120.32724089285713
120.84129324999998
121.35700782142857
121.86663449999999
122.37605089285712
122.88127607142857
123.38018392857143
123.8760139642857
124.36759889285716
124.86079289285713
125.34341749999999
125.82643303571427
126.30802574999998
126.77775732142857
127.2538302142857
127.71866517857143
128.1831211785714
128.64257725
129.103199
129.55239871428572
130.0030169642857
130.4472810357143
130.89184978571427
131.32716914285714
131.76253175
132.18943249999998
124.87789675000002
124.59416875000001
124.30132194642857
124.00499194642856
123.69865766071428
123.38812151785714
123.06974714285714
122.74441785714285
122.413312625
122.07391105357141
121.72891176785714
121.37640353571429
121.01572707142857
120.64876930357143
120.27359535714285
119.893155125
119.5021608392857
119.10308208928572
118.70188808928572
118.29784226785715
117.91231608928572
117.53695885714285
117.172942375
116.82055294642856
116.47676694642857
116.14326585714286
115.82448128571428
115.51465305357142
115.21652848214286
114.93229724999999
114.65944253571428
114.3985835357143
114.15351121428571
113.9227474107143
113.70202441071427
113.49772375
113.309689375
113.13336508928572
112.97282176785714
112.83120185714286
112.70366067857142
112.59041083928572
112.4984545
112.421085125
112.35851317857144
112.31824974999999
112.2944780892857
112.28718316071428
112.30206505357144
112.33442439285714
112.38116812499999
112.45527407142858
112.54565703571429
112.651346375
112.78390257142856
112.93305719642856
113.09951748214286
113.28933925
113.49995701785713
113.72817535714285
113.97470221428571
114.24747746428571
114.53510310714285
114.84775094642856
115.17814824999999
115.52588842857142
115.90119053571428
116.28674605357142
116.70512258928571
117.13441969642857
117.593610125
118.077422625
118.58488937499999
119.11073980357142
119.64170617857141
120.16720369642856
120.69015791071428
121.21081862499997
121.72730112499998
122.24100835714285
122.74756028571429
123.25357819642858
123.75244148214284
124.25107644642857
124.74195978571429
125.23150024999998
125.72076796428571
126.19918675000001
126.67671289285715
127.15286323214283
127.6205711785714
128.09007873214284
128.55098925
129.01055978571426
129.46407948214284
129.91896567857142
130.36298285714287
130.80598932142857
131.24418332142858
131.68281037499997
132.109271375
124.87789675000002
124.59416875000001
124.30132194642857
124.00499194642856
123.69865766071428
123.38812151785714
123.06974714285714
122.74441785714285
122.413312625
122.07391105357141
121.72891176785714
121.37640353571429
121.01572707142857
120.64876930357143
120.27359535714285
119.893155125
119.5021608392857
119.10308208928572
118.70188808928572
118.29784226785715
117.91231608928572
117.53695885714285
117.172942375
116.82055294642856
116.47676694642857
116.14326585714286
115.82448128571428
115.51465305357142
115.21652848214286
114.93229724999999
114.65944253571428
114.3985835357143
114.15351121428571
113.9227474107143
113.70202441071427
113.49772375
113.309689375
113.13336508928572
112.97282176785714
112.83120185714286
112.70366067857142
112.59041083928572
112.4984545
112.421085125
112.35851317857144
112.31824974999999
112.2944780892857
112.28718316071428
112.30206505357144
112.33442439285714
112.38116812499999
112.45527407142858
112.54565703571429
112.651346375
112.78390257142856
112.93305719642856
113.09951748214286
113.28933925
113.49995701785713
113.72817535714285
113.97470221428571
114.24747746428571
114.53510310714285
114.84775094642856
115.17814824999999
115.52588842857142
115.90119053571428
116.28674605357142
116.70512258928571
117.13441969642857
117.593610125
118.077422625
118.58488937499999
119.11073980357142
119.64170617857141
120.16720369642856
120.69015791071428
121.21081862499997
121.72730112499998
122.24100835714285
122.74756028571429
123.25357819642858
123.75244148214284
124.25107644642857
124.74195978571429
125.23150024999998
125.72076796428571
126.19918675000001
126.67671289285715
127.15286323214283
127.6205711785714
128.09007873214284
128.55098925
129.01055978571426
129.46407948214284
129.91896567857142
130.36298285714287
130.80598932142857
131.24418332142858
131.68281037499997
132.109271375
124.842937
124.558558
124.26481857142858
123.96748857142858
123.65968542857144
123.34896714285715
123.03012
122.70365114285713
122.37046900000001
122.03118514285714
121.68435057142858
121.33016914285713
120.96842142857145
120.598521
120.22337385714286
119.840404
119.44796199999999
119.04807757142858
118.6440357142857
118.2418942857143
117.85481271428571
117.47867914285715
117.11502200000001
116.76144828571428
116.41626357142859
116.08353771428571
115.76323314285713
115.45171342857142
115.15367014285714
114.868013
114.59330828571429
114.33171414285715
114.08519085714285
113.85128428571427
113.62944285714286
113.42371628571429
113.23260499999999
113.05551271428573
112.89238242857142
112.74893971428573
112.61749557142858
112.50375000000003
112.40880128571428
112.32697100000001
112.26400814285714
112.22225842857141
112.19427671428572
112.18486185714285
112.197843
112.22605885714286
112.27296000000001
112.34317028571428
112.42943442857144
112.53609871428571
112.66362842857144
112.81040342857142
112.97553085714286
113.16311099999999
113.37065257142858
113.59485714285714
113.84475185714285
114.11177271428572
114.39738142857144
114.70880457142857
115.03450299999999
115.38444542857142
115.75402742857142
116.14236428571428
116.55560085714285
116.98342814285714
117.44108528571428
117.91808899999998
118.42409514285714
118.94828814285712
119.486049
120.0156562857143
120.54695685714285
121.07087799999998
121.59227599999998
122.10948471428571
122.62480957142857
123.13071071428571
123.63525428571428
124.13844328571429
124.63160571428571
125.12729099999999
125.61433228571428
126.10045528571428
126.58144128571428
127.0558167142857
127.5295117142857
127.99953614285714
128.463904
128.92559328571429
129.38216371428572
129.83413342857142
130.28248228571428
130.7304604285714
131.16898114285715
131.604435
132.03538528571428
124.842937
124.558558
124.26481857142858
123.96748857142858
123.65968542857144
123.34896714285715
123.03012
122.70365114285713
122.37046900000001
122.03118514285714
121.68435057142858
121.33016914285713
120.96842142857145
120.598521
120.22337385714286
119.840404
119.44796199999999
119.04807757142858
118.6440357142857
118.2418942857143
117.85481271428571
117.47867914285715
117.11502200000001
116.76144828571428
116.41626357142859
116.08353771428571
115.76323314285713
115.45171342857142
115.15367014285714
114.868013
114.59330828571429
114.33171414285715
114.08519085714285
113.85128428571427
113.62944285714286
113.42371628571429
113.23260499999999
113.05551271428573
112.89238242857142
112.74893971428573
112.61749557142858
112.50375000000003
112.40880128571428
112.32697100000001
112.26400814285714
112.22225842857141
112.19427671428572
112.18486185714285
112.197843
112.22605885714286
112.27296000000001
112.34317028571428
112.42943442857144
112.53609871428571
112.66362842857144
112.81040342857142
112.97553085714286
113.16311099999999
113.37065257142858
113.59485714285714
113.84475185714285
114.11177271428572
114.39738142857144
114.70880457142857
115.03450299999999
115.38444542857142
115.75402742857142
116.14236428571428
116.55560085714285
116.98342814285714
117.44108528571428
117.91808899999998
118.42409514285714
118.94828814285712
119.486049
120.0156562857143
120.54695685714285
121.07087799999998
121.59227599999998
122.10948471428571
122.62480957142857
123.13071071428571
123.63525428571428
124.13844328571429
124.63160571428571
125.12729099999999
125.61433228571428
126.10045528571428
126.58144128571428
127.0558167142857
127.5295117142857
127.99953614285714
128.463904
128.92559328571429
129.38216371428572
129.83413342857142
130.28248228571428
130.7304604285714
131.16898114285715
131.604435
132.03538528571428
124.80967525
124.52301462499999
124.22901319642857
123.92987782142856
123.62241119642857
123.30981062500001
122.99008119642858
122.66195314285716
122.32882
121.98802194642857
121.63975994642857
121.28403489285714
120.92044155357144
120.55057469642857
120.17304864285715
119.7881825
119.3943285892857
118.99346682142857
118.58833573214287
118.18647816071429
117.79950396428572
117.42218467857143
117.05799425000001
116.70414748214284
116.35876019642859
116.02456110714286
115.70358191071428
115.392126625
115.09220105357143
114.80561700000001
114.53036866071429
114.26610157142859
114.01905660714286
113.78380103571429
113.56014317857144
113.35249335714286
113.16056850000001
112.97998230357143
112.81572467857143
112.66979910714286
112.5356109107143
112.42095314285714
112.3221636607143
112.23770775000001
112.17498126785715
112.12918455357143
112.09805864285714
112.08859844642858
112.09794362499998
112.12266644642858
112.170215
112.23629103571429
112.31974980357143
112.42401975
112.5516262142857
112.695226875
112.85641141071429
113.044293625
113.24855857142856
113.47120910714285
113.71861085714285
113.98279985714287
114.26781378571428
114.57779074999999
114.900984125
115.24916803571428
115.61616830357141
116.00221612499999
116.41274173214285
116.83847062499999
117.294066375
117.76292787499999
118.26977964285712
118.79003976785714
119.33066066071427
119.87037776785712
120.40567955357142
120.9380082142857
121.46339674999997
121.98662544642858
122.50175725
123.0144035
123.52772403571429
124.02770385714285
124.52822562499999
125.026365375
125.51785749999999
126.00499207142856
126.48817589285713
126.96802989285713
127.44589166071428
127.91374414285713
128.38198649999998
128.84539191071428
129.3048549642857
129.75916264285712
130.21088974999998
130.65514898214286
131.09755198214287
131.53640812499998
131.968734375
124.80967525
124.52301462499999
124.22901319642857
123.92987782142856
123.62241119642857
123.30981062500001
122.99008119642858
122.66195314285716
122.32882
121.98802194642857
121.63975994642857
121.28403489285714
120.92044155357144
120.55057469642857
120.17304864285715
119.7881825
119.3943285892857
118.99346682142857
118.58833573214287
118.18647816071429
117.79950396428572
117.42218467857143
117.05799425000001
116.70414748214284
116.35876019642859
116.02456110714286
115.70358191071428
115.392126625
115.09220105357143
114.80561700000001
114.53036866071429
114.26610157142859
114.01905660714286
113.78380103571429
113.56014317857144
113.35249335714286
113.16056850000001
112.97998230357143
112.81572467857143
112.66979910714286
112.5356109107143
112.42095314285714
112.3221636607143
112.23770775000001
112.17498126785715
112.12918455357143
112.09805864285714
112.08859844642858
112.09794362499998
112.12266644642858
112.170215
112.23629103571429
112.31974980357143
112.42401975
112.5516262142857
112.695226875
112.85641141071429
113.044293625
113.24855857142856
113.47120910714285
113.71861085714285
113.98279985714287
114.26781378571428
114.57779074999999
114.900984125
115.24916803571428
115.61616830357141
116.00221612499999
116.41274173214285
116.83847062499999
117.294066375
117.76292787499999
118.26977964285712
118.79003976785714
119.33066066071427
119.87037776785712
120.40567955357142
120.9380082142857
121.46339674999997
121.98662544642858
122.50175725
123.0144035
123.52772403571429
124.02770385714285
124.52822562499999
125.026365375
125.51785749999999
126.00499207142856
126.48817589285713
126.96802989285713
127.44589166071428
127.91374414285713
128.38198649999998
128.84539191071428
129.3048549642857
129.75916264285712
130.21088974999998
130.65514898214286
131.09755198214287
131.53640812499998
131.968734375
124.77472878571427
124.48733675
124.19219478571428
123.89326707142857
123.58399507142857
123.27165624999999
122.95018857142858
122.62192467857142
122.28678175
121.94565385714286
121.59651832142856
121.23924964285715
120.8741157857143
120.50224582142857
120.12331096428571
119.735975
119.34104417857141
118.93924532142856
118.5331162142857
118.13326842857143
117.74428246428572
117.36696317857142
117.0030345
116.64878107142856
116.30199507142856
115.96860135714286
115.6464145
115.33288882142857
115.03369767857143
114.74550725
114.46818199999998
114.20431632142858
113.95539885714287
113.71779849999999
113.49354149999999
113.28474764285716
113.09027899999998
112.90714989285713
112.74263067857143
112.59422860714284
112.45849535714285
112.34183321428571
112.24043424999998
112.1549
112.08883032142856
112.04049125
112.00762582142858
111.99622257142856
112.00215217857142
112.0274805
112.0709465
112.13446857142856
112.21465635714286
112.32026385714285
112.44365971428572
112.58283557142857
112.74743639285714
112.93049199999999
113.13095014285715
113.35420235714284
113.59965907142858
113.86097357142859
114.14597478571427
114.45289153571429
114.77240574999999
115.12198678571428
115.4834967142857
115.87355710714284
116.27892960714286
116.7058652142857
117.15536703571428
117.62015424999998
118.12038285714284
118.63386132142857
119.18507060714282
119.73047482142857
120.27528182142854
120.8078175
121.33976049999998
121.8692852142857
122.38722699999998
122.90764339285715
123.41848042857143
123.92723064285714
124.43250074999999
124.93023450000001
125.42554874999999
125.91589139285713
126.40470196428572
126.88416510714286
127.36235314285713
127.83655407142855
128.309163
128.770823
129.23242835714288
129.68868153571427
130.14354839285716
130.5888831785714
131.0344248214286
131.47007599999998
131.90499582142857
124.77472878571427
124.48733675
124.19219478571428
123.89326707142857
123.58399507142857
123.27165624999999
122.95018857142858
122.62192467857142
122.28678175
121.94565385714286
121.59651832142856
121.23924964285715
120.8741157857143
120.50224582142857
120.12331096428571
119.735975
119.34104417857141
118.93924532142856
118.5331162142857
118.13326842857143
117.74428246428572
117.36696317857142
117.0030345
116.64878107142856
116.30199507142856
115.96860135714286
115.6464145
115.33288882142857
115.03369767857143
114.74550725
114.46818199999998
114.20431632142858
113.95539885714287
113.71779849999999
113.49354149999999
113.28474764285716
113.09027899999998
112.90714989285713
112.74263067857143
112.59422860714284
112.45849535714285
112.34183321428571
112.24043424999998
112.1549
112.08883032142856
112.04049125
112.00762582142858
111.99622257142856
112.00215217857142
112.0274805
112.0709465
112.13446857142856
112.21465635714286
112.32026385714285
112.44365971428572
112.58283557142857
112.74743639285714
112.93049199999999
113.13095014285715
113.35420235714284
113.59965907142858
113.86097357142859
114.14597478571427
114.45289153571429
114.77240574999999
115.12198678571428
115.4834967142857
115.87355710714284
116.27892960714286
116.7058652142857
117.15536703571428
117.62015424999998
118.12038285714284
118.63386132142857
119.18507060714282
119.73047482142857
120.27528182142854
120.8078175
121.33976049999998
121.8692852142857
122.38722699999998
122.90764339285715
123.41848042857143
123.92723064285714
124.43250074999999
124.93023450000001
125.42554874999999
125.91589139285713
126.40470196428572
126.88416510714286
127.36235314285713
127.83655407142855
128.309163
128.770823
129.23242835714288
129.68868153571427
130.14354839285716
130.5888831785714
131.0344248214286
131.47007599999998
131.90499582142857
124.74078232142855
124.45198775
124.15658403571429
123.85550330357144
123.54710244642857
123.23250187499998
122.91023701785716
122.58148842857142
122.245501875
121.90353869642857
121.55294526785715
121.19454441071429
120.82859539285715
120.45566196428572
120.07498208928571
119.68576750000001
119.28832351785712
118.88474417857144
118.47722160714287
118.07911405357143
117.69114964285714
117.31501233928573
116.9496385
116.59470448214284
116.24745176785714
115.91392348214286
115.59093776785716
115.27793289285714
114.97649033928572
114.68808675000001
114.41041687500001
114.14457132142857
113.895232875
113.65616214285714
113.42931801785714
113.21989526785715
113.02315525
112.83757955357143
112.67367092857143
112.52261150000001
112.38403080357142
112.26680633928571
112.1631300357143
112.07481562500001
112.00905501785715
111.95669455357145
111.91999273214286
111.90989783928572
111.91295024999998
111.93308339285716
111.9788525
112.03956919642857
112.11587939285715
112.22108260714285
112.34089912499999
112.48065973214285
112.64178858928571
112.822884125
113.02234369642856
113.24540455357142
113.48749794642856
113.74407157142858
114.0318136607143
114.33355575
114.656963625
115.00136999999998
115.3628855
115.74995973214286
116.15040787499998
116.57885042857143
117.0227319642857
117.48852225
117.9822642142857
118.49719108928572
119.04401033928568
119.6003169642857
120.14597339285712
120.68692235714286
121.22696762499999
121.75337692857141
122.28142928571428
122.80569200000002
123.31999005357142
123.83182008928571
124.33906364285713
124.84341624999999
125.34016555357144
125.83275048214284
126.32336228571427
126.80527091071428
127.28969223214284
127.76422623214283
128.235417375
128.70230969642859
129.16925157142856
129.62485142857142
130.07887332142857
130.52707374999997
130.974553125
131.41259275
131.85090151785712
124.74078232142855
124.45198775
124.15658403571429
123.85550330357144
123.54710244642857
123.23250187499998
122.91023701785716
122.58148842857142
122.245501875
121.90353869642857
121.55294526785715
121.19454441071429
120.82859539285715
120.45566196428572
120.07498208928571
119.68576750000001
119.28832351785712
118.88474417857144
118.47722160714287
118.07911405357143
117.69114964285714
117.31501233928573
116.9496385
116.59470448214284
116.24745176785714
115.91392348214286
115.59093776785716
115.27793289285714
114.97649033928572
114.68808675000001
114.41041687500001
114.14457132142857
113.895232875
113.65616214285714
113.42931801785714
113.21989526785715
113.02315525
112.83757955357143
112.67367092857143
112.52261150000001
112.38403080357142
112.26680633928571
112.1631300357143
112.07481562500001
112.00905501785715
111.95669455357145
111.91999273214286
111.90989783928572
111.91295024999998
111.93308339285716
111.9788525
112.03956919642857
112.11587939285715
112.22108260714285
112.34089912499999
112.48065973214285
112.64178858928571
112.822884125
113.02234369642856
113.24540455357142
113.48749794642856
113.74407157142858
114.0318136607143
114.33355575
114.656963625
115.00136999999998
115.3628855
115.74995973214286
116.15040787499998
116.57885042857143
117.0227319642857
117.48852225
117.9822642142857
118.49719108928572
119.04401033928568
119.6003169642857
120.14597339285712
120.68692235714286
121.22696762499999
121.75337692857141
122.28142928571428
122.80569200000002
123.31999005357142
123.83182008928571
124.33906364285713
124.84341624999999
125.34016555357144
125.83275048214284
126.32336228571427
126.80527091071428
127.28969223214284
127.76422623214283
128.235417375
128.70230969642859
129.16925157142856
129.62485142857142
130.07887332142857
130.52707374999997
130.974553125
131.41259275
131.85090151785712
124.70666135714285
124.415508
124.1207455
123.8182845
123.50847921428571
123.19434749999999
122.87125714285713
122.54154721428571
122.20552199999999
121.86198728571428
121.50986057142856
121.1513027857143
120.78390050000002
120.40914514285714
120.026677
119.635895
119.23647535714287
118.83043542857143
118.42208735714286
118.0256342142857
117.63945164285714
117.26288699999998
116.89876600000001
116.54251257142856
116.19472657142859
115.8620007142857
115.538146
115.22306421428571
114.9230742142857
114.63295249999999
114.35356450000002
114.08861157142856
113.83695585714285
113.59594064285714
113.36958685714285
113.15813014285713
112.95931249999998
112.77385435714287
112.60710042857144
112.45334935714286
112.31401864285714
112.19486671428572
112.08838049999999
112.001157
111.93202814285715
111.87507307142857
111.84283271428569
111.82738357142856
111.82560014285714
111.84925114285713
111.89075849999999
111.94652164285714
112.02750407142857
112.1266505
112.24429721428571
112.38245907142857
112.54383735714285
112.7222465
112.91964092857143
113.142741
113.37961328571427
113.64205885714287
113.92326328571428
114.22312014285714
114.54568549999999
114.88657657142856
115.2480102142857
115.63401757142857
116.03506435714284
116.46063021428573
116.90217228571429
117.366041
117.85521642857141
118.36546150000001
118.91407128571427
119.47496121428568
120.0279377142857
120.57460414285714
121.1150195
121.65144607142855
122.1815112142857
122.70562299999999
123.22770142857142
123.74319478571428
124.25479514285715
124.75823999999999
125.25949557142857
125.7594485
126.24791928571427
126.73535864285714
127.21918885714285
127.69654835714283
128.17241
128.64143878571429
129.10520457142857
129.56545542857143
130.02397585714286
130.473765
130.9192854285714
131.35984749999997
131.7982502142857
124.70666135714285
124.415508
124.1207455
123.8182845
123.50847921428571
123.19434749999999
122.87125714285713
122.54154721428571
122.20552199999999
121.86198728571428
121.50986057142856
121.1513027857143
120.78390050000002
120.40914514285714
120.026677
119.635895
119.23647535714287
118.83043542857143
118.42208735714286
118.0256342142857
117.63945164285714
117.26288699999998
116.89876600000001
116.54251257142856
116.19472657142859
115.8620007142857
115.538146
115.22306421428571
114.9230742142857
114.63295249999999
114.35356450000002
114.08861157142856
113.83695585714285
113.59594064285714
113.36958685714285
113.15813014285713
112.95931249999998
112.77385435714287
112.60710042857144
112.45334935714286
112.31401864285714
112.19486671428572
112.08838049999999
112.001157
111.93202814285715
111.87507307142857
111.84283271428569
111.82738357142856
111.82560014285714
111.84925114285713
111.89075849999999
111.94652164285714
112.02750407142857
112.1266505
112.24429721428571
112.38245907142857
112.54383735714285
112.7222465
112.91964092857143
113.142741
113.37961328571427
113.64205885714287
113.92326328571428
114.22312014285714
114.54568549999999
114.88657657142856
115.2480102142857
115.63401757142857
116.03506435714284
116.46063021428573
116.90217228571429
117.366041
117.85521642857141
118.36546150000001
118.91407128571427
119.47496121428568
120.0279377142857
120.57460414285714
121.1150195
121.65144607142855
122.1815112142857
122.70562299999999
123.22770142857142
123.74319478571428
124.25479514285715
124.75823999999999
125.25949557142857
125.7594485
126.24791928571427
126.73535864285714
127.21918885714285
127.69654835714283
128.17241
128.64143878571429
129.10520457142857
129.56545542857143
130.02397585714286
130.473765
130.9192854285714
131.35984749999997
131.7982502142857
124.67156082142857
124.38052812499998
124.08496025000001
123.78219455357141
123.47222510714286
123.15619312500002
122.83276196428571
122.50302371428572
122.16559112500002
121.82079369642858
121.46912487500002
121.10822842857142
120.74039401785714
120.36319216071429
119.979522625
119.58675575000001
119.18392919642858
118.77719380357142
118.36967123214285
117.97358721428571
117.58877376785715
117.2135492142857
116.849262625
116.49297960714284
116.146088625
115.81182948214287
115.48747464285714
115.1722827857143
114.87075949999999
114.580337375
114.30014837500002
114.03452250000001
113.78236523214287
113.53993810714286
113.31164723214286
113.09982139285715
112.898994125
112.71223653571428
112.54470442857144
112.389275875
112.248150125
112.12758389285713
112.01988619642856
111.92942162499999
111.85882676785715
111.80169648214286
111.76639535714287
111.74852610714287
111.74692625
111.76775755357144
111.80655712500001
111.863750875
111.94088258928572
112.03921258928573
112.15427033928572
112.29217442857143
112.45146148214286
112.625589625
112.82664523214285
113.04490294642855
113.28303205357143
113.54218596428572
113.82207551785714
114.11736257142857
114.443650125
114.78140032142858
115.14419610714286
115.52620544642858
115.92393130357141
116.35001271428571
116.787627625
117.25534062499999
117.73801282142857
118.25230419642857
118.7973059285714
119.35793730357142
119.91615278571427
120.46635728571428
121.01758637500001
121.55351766071428
122.08715117857142
122.61913975
123.14023830357141
123.659776375
124.17505771428571
124.681698625
125.18926674999999
125.68605249999997
126.18041901785715
126.67278814285712
127.15477528571427
127.63631907142857
128.11273212499998
128.58493541071428
129.05156321428572
129.51560091071428
129.96996146428572
130.42282403571429
130.87274889285715
131.317125875
131.75235114285715
124.67156082142857
124.38052812499998
124.08496025000001
123.78219455357141
123.47222510714286
123.15619312500002
122.83276196428571
122.50302371428572
122.16559112500002
121.82079369642858
121.46912487500002
121.10822842857142
120.74039401785714
120.36319216071429
119.979522625
119.58675575000001
119.18392919642858
118.77719380357142
118.36967123214285
117.97358721428571
117.58877376785715
117.2135492142857
116.849262625
116.49297960714284
116.146088625
115.81182948214287
115.48747464285714
115.1722827857143
114.87075949999999
114.580337375
114.30014837500002
114.03452250000001
113.78236523214287
113.53993810714286
113.31164723214286
113.09982139285715
112.898994125
112.71223653571428
112.54470442857144
112.389275875
112.248150125
112.12758389285713
112.01988619642856
111.92942162499999
111.85882676785715
111.80169648214286
111.76639535714287
111.74852610714287
111.74692625
111.76775755357144
111.80655712500001
111.863750875
111.94088258928572
112.03921258928573
112.15427033928572
112.29217442857143
112.45146148214286
112.625589625
112.82664523214285
113.04490294642855
113.28303205357143
113.54218596428572
113.82207551785714
114.11736257142857
114.443650125
114.78140032142858
115.14419610714286
115.52620544642858
115.92393130357141
116.35001271428571
116.787627625
117.25534062499999
117.73801282142857
118.25230419642857
118.7973059285714
119.35793730357142
119.91615278571427
120.46635728571428
121.01758637500001
121.55351766071428
122.08715117857142
122.61913975
123.14023830357141
123.659776375
124.17505771428571
124.681698625
125.18926674999999
125.68605249999997
126.18041901785715
126.67278814285712
127.15477528571427
127.63631907142857
128.11273212499998
128.58493541071428
129.05156321428572
129.51560091071428
129.96996146428572
130.42282403571429
130.87274889285715
131.317125875
131.75235114285715
124.63595007142858
124.34437375
124.04894721428572
123.74404017857144
123.43470160714286
123.11804089285714
122.7947902857143
122.46416975
122.126126
121.7815040357143
121.42770875
121.06653042857143
120.69733000000001
120.31995053571427
119.93330478571427
119.53939274999999
119.13568757142858
118.72620160714288
118.31716785714286
117.92409560714286
117.54044489285714
117.16458946428571
116.80184650000001
116.44619435714284
116.09775975000001
115.76483632142858
115.43942764285714
115.12258860714286
114.82206746428572
114.53094575
114.24931071428573
113.98443032142859
113.72954825
113.48495696428571
113.25914385714286
113.04477367857143
112.8414035
112.6562095
112.48536903571429
112.32742350000001
112.18831389285715
112.0648742857143
111.95356639285714
111.86510324999999
111.79126135714287
111.73143871428572
111.69695346428573
111.67655546428571
111.67159682142858
111.69257685714285
111.72953025000002
111.78297032142858
111.86188092857144
111.95749860714285
112.06893582142857
112.20911199999999
112.36357228571428
112.5392765
112.73762289285713
112.95432664285713
113.19084967857142
113.45173103571429
113.72756196428571
114.02602678571428
114.347721
114.68013325000001
115.04653835714285
115.42191682142855
115.82817835714286
116.24818046428571
116.68806253571427
117.15221774999999
117.63275625
118.14366274999999
118.68789689285713
119.25298082142857
119.81343324999997
120.37074924999999
120.9214915
121.46391567857141
122.00357924999999
122.53412464285714
123.06116721428572
123.58560967857142
124.09939996428571
124.61218124999999
125.12141803571427
125.62167671428571
126.12003692857144
126.61013557142857
127.0984665357143
127.58499267857141
128.059171
128.53463367857142
129.0016907142857
129.4691805
129.92615125
130.38364817857143
130.82959371428575
131.27497175
131.71423017857143
124.63595007142858
124.34437375
124.04894721428572
123.74404017857144
123.43470160714286
123.11804089285714
122.7947902857143
122.46416975
122.126126
121.7815040357143
121.42770875
121.06653042857143
120.69733000000001
120.31995053571427
119.93330478571427
119.53939274999999
119.13568757142858
118.72620160714288
118.31716785714286
117.92409560714286
117.54044489285714
117.16458946428571
116.80184650000001
116.44619435714284
116.09775975000001
115.76483632142858
115.43942764285714
115.12258860714286
114.82206746428572
114.53094575
114.24931071428573
113.98443032142859
113.72954825
113.48495696428571
113.25914385714286
113.04477367857143
112.8414035
112.6562095
112.48536903571429
112.32742350000001
112.18831389285715
112.0648742857143
111.95356639285714
111.86510324999999
111.79126135714287
111.73143871428572
111.69695346428573
111.67655546428571
111.67159682142858
111.69257685714285
111.72953025000002
111.78297032142858
111.86188092857144
111.95749860714285
112.06893582142857
112.20911199999999
112.36357228571428
112.5392765
112.73762289285713
112.95432664285713
113.19084967857142
113.45173103571429
113.72756196428571
114.02602678571428
114.347721
114.68013325000001
115.04653835714285
115.42191682142855
115.82817835714286
116.24818046428571
116.68806253571427
117.15221774999999
117.63275625
118.14366274999999
118.68789689285713
119.25298082142857
119.81343324999997
120.37074924999999
120.9214915
121.46391567857141
122.00357924999999
122.53412464285714
123.06116721428572
123.58560967857142
124.09939996428571
124.61218124999999
125.12141803571427
125.62167671428571
126.12003692857144
126.61013557142857
127.0984665357143
127.58499267857141
128.059171
128.53463367857142
129.0016907142857
129.4691805
129.92615125
130.38364817857143
130.82959371428575
131.27497175
131.71423017857143
124.60067503571429
124.30880675000002
124.01273874999998
123.70840660714286
123.39854723214286
123.08088437500001
122.75700503571429
122.426015375
122.08788437499999
121.74189328571428
121.38809800000001
121.02508694642857
120.655632
120.27644048214286
119.88997591071428
119.49330662499999
119.08640316071428
118.67727430357142
118.27014296428571
117.87676673214287
117.49357382142855
117.11970805357143
116.755517625
116.39986548214284
116.053343625
115.7187523392857
115.39264239285714
115.07771610714286
114.77492725
114.48307324999999
114.20301667857144
113.93523387500001
113.68044573214286
113.43565116071429
113.20826030357144
112.99181464285714
112.7892885
112.60196064285714
112.42997955357143
112.27059760714286
112.12972326785714
112.00494046428572
111.89395366071429
111.80315837500001
111.72684014285714
111.66916551785714
111.63077785714286
111.60727773214286
111.60465719642858
111.62326810714285
111.655765125
111.71139982142856
111.78794130357143
111.87955898214285
111.9957455
112.13041798214286
112.28408903571429
112.45888575000001
112.65668780357143
112.87010148214284
113.10880666071428
113.36620714285714
113.63924303571429
113.9398653392857
114.257538875
114.5958439107143
114.95716248214285
115.33234505357143
115.73574696428571
116.15439339285714
116.59486116071427
117.05618149999998
117.53844526785713
118.04974707142858
118.58946041071427
119.152426875
119.71997012499997
120.27909149999998
120.83682437499998
121.38188880357143
121.92300303571427
122.46096344642858
122.99016244642857
123.51472485714287
124.03459205357143
124.549590625
125.05846983928572
125.56281089285713
126.06360689285714
126.56036116071427
127.04741953571425
127.53248930357142
128.01200724999998
128.492254625
128.96017914285713
129.42821432142856
129.88720398214286
130.34529514285714
130.79472121428574
131.24444849999998
131.68169339285714
124.60067503571429
124.30880675000002
124.01273874999998
123.70840660714286
123.39854723214286
123.08088437500001
122.75700503571429
122.426015375
122.08788437499999
121.74189328571428
121.38809800000001
121.02508694642857
120.655632
120.27644048214286
119.88997591071428
119.49330662499999
119.08640316071428
118.67727430357142
118.27014296428571
117.87676673214287
117.49357382142855
117.11970805357143
116.755517625
116.39986548214284
116.053343625
115.7187523392857
115.39264239285714
115.07771610714286
114.77492725
114.48307324999999
114.20301667857144
113.93523387500001
113.68044573214286
113.43565116071429
113.20826030357144
112.99181464285714
112.7892885
112.60196064285714
112.42997955357143
112.27059760714286
112.12972326785714
112.00494046428572
111.89395366071429
111.80315837500001
111.72684014285714
111.66916551785714
111.63077785714286
111.60727773214286
111.60465719642858
111.62326810714285
111.655765125
111.71139982142856
111.78794130357143
111.87955898214285
111.9957455
112.13041798214286
112.28408903571429
112.45888575000001
112.65668780357143
112.87010148214284
113.10880666071428
113.36620714285714
113.63924303571429
113.9398653392857
114.257538875
114.5958439107143
114.95716248214285
115.33234505357143
115.73574696428571
116.15439339285714
116.59486116071427
117.05618149999998
117.53844526785713
118.04974707142858
118.58946041071427
119.152426875
119.71997012499997
120.27909149999998
120.83682437499998
121.38188880357143
121.92300303571427
122.46096344642858
122.99016244642857
123.51472485714287
124.03459205357143
124.549590625
125.05846983928572
125.56281089285713
126.06360689285714
126.56036116071427
127.04741953571425
127.53248930357142
128.01200724999998
128.492254625
128.96017914285713
129.42821432142856
129.88720398214286
130.34529514285714
130.79472121428574
131.24444849999998
131.68169339285714
124.5644
124.272327
123.97653028571429
123.67086028571428
123.361924
123.04273
122.71992971428571
122.38886099999999
122.04973000000001
121.70406
121.3494
120.98593257142855
120.61419885714287
120.23519885714285
119.84693257142857
119.44906499999999
119.04220600000001
118.63154385714286
118.2233577142857
117.83290600000001
117.45078714285714
117.07546642857142
116.71327600000001
116.35762385714284
116.009102
115.67617857142855
115.350656
115.03319642857143
114.73240971428571
114.439288
114.15689714285713
113.89077257142856
113.63411685714286
113.38738814285715
113.16086628571429
112.94394142857143
112.738348
112.55215542857144
112.37896285714287
112.21650400000001
112.0779742857143
111.94998071428572
111.83498285714285
111.74618899999999
111.66879314285714
111.60832785714285
111.56959771428572
111.54519971428573
111.54206657142858
111.55766714285713
111.589
111.64626557142856
111.71833
111.81099428571427
111.92425771428572
112.05865285714285
112.20938085714286
112.38750900000001
112.58183542857142
112.79276314285714
113.03195428571428
113.28654342857143
113.56333657142856
113.85999299999997
114.17797799999998
114.51390499999998
114.87382057142857
115.24914199999999
115.65266028571428
116.06804257142858
116.51183142857143
116.97321299999999
117.44986657142856
117.95917657142856
118.49714514285711
119.06673214285713
119.63299057142855
120.19931842857142
120.757972
121.30543228571426
121.85469285714285
122.39075371428572
122.92367999999999
123.45507157142858
123.97400142857144
124.49132999999998
125.0060537142857
125.51011957142856
126.01464714285714
126.51023414285712
127.00163428571427
127.49175457142854
127.97382400000001
128.4500817142857
128.92241028571428
129.39360142857143
129.85560571428573
130.312726
130.7651977142857
131.213318
131.65525714285712
124.5644
124.272327
123.97653028571429
123.67086028571428
123.361924
123.04273
122.71992971428571
122.38886099999999
122.04973000000001
121.70406
121.3494
120.98593257142855
120.61419885714287
120.23519885714285
119.84693257142857
119.44906499999999
119.04220600000001
118.63154385714286
118.2233577142857
117.83290600000001
117.45078714285714
117.07546642857142
116.71327600000001
116.35762385714284
116.009102
115.67617857142855
115.350656
115.03319642857143
114.73240971428571
114.439288
114.15689714285713
113.89077257142856
113.63411685714286
113.38738814285715
113.16086628571429
112.94394142857143
112.738348
112.55215542857144
112.37896285714287
112.21650400000001
112.0779742857143
111.94998071428572
111.83498285714285
111.74618899999999
111.66879314285714
111.60832785714285
111.56959771428572
111.54519971428573
111.54206657142858
111.55766714285713
111.589
111.64626557142856
111.71833
111.81099428571427
111.92425771428572
112.05865285714285
112.20938085714286
112.38750900000001
112.58183542857142
112.79276314285714
113.03195428571428
113.28654342857143
113.56333657142856
113.85999299999997
114.17797799999998
114.51390499999998
114.87382057142857
115.24914199999999
115.65266028571428
116.06804257142858
116.51183142857143
116.97321299999999
117.44986657142856
117.95917657142856
118.49714514285711
119.06673214285713
119.63299057142855
120.19931842857142
120.757972
121.30543228571426
121.85469285714285
122.39075371428572
122.92367999999999
123.45507157142858
123.97400142857144
124.49132999999998
125.0060537142857
125.51011957142856
126.01464714285714
126.51023414285712
127.00163428571427
127.49175457142854
127.97382400000001
128.4500817142857
128.92241028571428
129.39360142857143
129.85560571428573
130.312726
130.7651977142857
131.213318
131.65525714285712
124.52845353571429
124.23658525
123.94051725
123.63518510714286
123.32531325
123.00711925
122.68323991071429
122.35170662499999
122.01257562500001
121.66604091071429
121.31124562499998
120.94777819642856
120.57504448214286
120.19477605357142
119.80623457142858
119.407367
118.99996437499999
118.58884585714284
118.18159457142858
117.790664375
117.40909057142856
117.03531205357143
116.67157800000001
116.31646948214285
115.96953857142857
115.63481271428572
115.30915914285714
114.99377648214285
114.6912553392857
114.39659
114.11653057142857
113.848207
113.58981971428572
113.34662428571428
113.11615723214285
112.89724414285715
112.69403837499999
112.50530289285713
112.32977817857143
112.17045103571428
112.02797826785715
111.89839589285715
111.78693132142857
111.6937825
111.61377644642857
111.55533255357143
111.51431473214285
111.48723996428572
111.48419407142858
111.49917410714286
111.527496625
111.58391601785713
111.65637025
111.7456040892857
111.861477
111.99218503571427
112.14447805357142
112.320185375
112.51104366071428
112.72662889285714
112.96160926785714
113.21653483928571
113.492058125
113.78965689285712
114.10281487499999
114.44422498214286
114.799522875
115.17881017857142
115.57829601785713
115.9926434642857
116.43573487500001
116.89484587499999
117.37591278571426
117.88341144642857
118.41692364285711
118.98409124999998
119.5575525892857
120.12655330357141
120.68678899999999
121.24137637499999
121.79010080357142
122.33093316071428
122.86813358928569
123.39811182142859
123.92206769642857
124.44454474999998
124.95572483928572
125.46561628571428
125.97267037499999
126.46902710714284
126.9641107857143
127.45273548214284
127.93921324999998
128.41896441071427
128.89604489285713
129.3627130892857
129.82824423214288
130.288833375
130.7453923392857
131.19151262499997
131.63708264285714
124.52845353571429
124.23658525
123.94051725
123.63518510714286
123.32531325
123.00711925
122.68323991071429
122.35170662499999
122.01257562500001
121.66604091071429
121.31124562499998
120.94777819642856
120.57504448214286
120.19477605357142
119.80623457142858
119.407367
118.99996437499999
118.58884585714284
118.18159457142858
117.790664375
117.40909057142856
117.03531205357143
116.67157800000001
116.31646948214285
115.96953857142857
115.63481271428572
115.30915914285714
114.99377648214285
114.6912553392857
114.39659
114.11653057142857
113.848207
113.58981971428572
113.34662428571428
113.11615723214285
112.89724414285715
112.69403837499999
112.50530289285713
112.32977817857143
112.17045103571428
112.02797826785715
111.89839589285715
111.78693132142857
111.6937825
111.61377644642857
111.55533255357143
111.51431473214285
111.48723996428572
111.48419407142858
111.49917410714286
111.527496625
111.58391601785713
111.65637025
111.7456040892857
111.861477
111.99218503571427
112.14447805357142
112.320185375
112.51104366071428
112.72662889285714
112.96160926785714
113.21653483928571
113.492058125
113.78965689285712
114.10281487499999
114.44422498214286
114.799522875
115.17881017857142
115.57829601785713
115.9926434642857
116.43573487500001
116.89484587499999
117.37591278571426
117.88341144642857
118.41692364285711
118.98409124999998
119.5575525892857
120.12655330357141
120.68678899999999
121.24137637499999
121.79010080357142
122.33093316071428
122.86813358928569
123.39811182142859
123.92206769642857
124.44454474999998
124.95572483928572
125.46561628571428
125.97267037499999
126.46902710714284
126.9641107857143
127.45273548214284
127.93921324999998
128.41896441071427
128.89604489285713
129.3627130892857
129.82824423214288
130.288833375
130.7453923392857
131.19151262499997
131.63708264285714
124.49250707142856
124.19997450000002
123.90450421428571
123.59942267857144
123.28917135714286
122.9715085
122.64670821428571
122.31555225
121.97590650000001
121.6298385
121.27417849999999
120.90971107142857
120.53789010714286
120.15697735714285
119.76690935714286
119.368334
118.95989725
118.54863667857143
118.14091867857142
117.75159725
117.37047839285714
116.99615767857144
116.63403525
116.27880107142856
115.9308805
115.59728921428571
115.27163564285713
114.95497492857143
114.65336867857144
114.35997925000001
114.07767278571428
113.80941864285714
113.55080810714286
113.30516664285715
113.0755575357143
112.85654614285714
112.65099049999998
112.46284667857142
112.28708017857143
112.12457257142857
111.98324542857142
111.85269789285715
111.73941235714285
111.64570575
111.56610875
111.50500367857141
111.46202721428571
111.43634153571429
111.43234225
111.44438885714285
111.4744295
111.53049989285714
111.59947707142857
111.69144971428572
111.80442546428571
111.93157500000001
112.08646278571429
112.25832249999999
112.45091592857143
112.66421857142856
112.89961324999999
113.14891589285713
113.429642
113.72352264285712
114.03908799999999
114.37880885714286
114.73181382142857
115.11187182142856
115.50767732142856
115.92824435714286
116.3689844642857
116.82840525
117.30466296428571
117.81399532142856
118.34599053571428
118.91730242857142
119.4895401785714
120.06116828571427
120.62667399999998
121.1814949642857
121.73611521428572
122.27760428571428
122.8161095
123.35238360714285
123.87673714285712
124.39835124999999
124.91733982142857
125.42827396428572
125.93374682142857
126.43598528571428
126.9329187142857
127.42101735714284
127.91243674999998
128.391315
128.87062503571428
129.34099067857144
129.81158839285715
130.2700736428571
130.72572910714288
131.17688174999998
131.62572649999998
124.49250707142856
124.19997450000002
123.90450421428571
123.59942267857144
123.28917135714286
122.9715085
122.64670821428571
122.31555225
121.97590650000001
121.6298385
121.27417849999999
120.90971107142857
120.53789010714286
120.15697735714285
119.76690935714286
119.368334
118.95989725
118.54863667857143
118.14091867857142
117.75159725
117.37047839285714
116.99615767857144
116.63403525
116.27880107142856
115.9308805
115.59728921428571
115.27163564285713
114.95497492857143
114.65336867857144
114.35997925000001
114.07767278571428
113.80941864285714
113.55080810714286
113.30516664285715
113.0755575357143
112.85654614285714
112.65099049999998
112.46284667857142
112.28708017857143
112.12457257142857
111.98324542857142
111.85269789285715
111.73941235714285
111.64570575
111.56610875
111.50500367857141
111.46202721428571
111.43634153571429
111.43234225
111.44438885714285
111.4744295
111.53049989285714
111.59947707142857
111.69144971428572
111.80442546428571
111.93157500000001
112.08646278571429
112.25832249999999
112.45091592857143
112.66421857142856
112.89961324999999
113.14891589285713
113.429642
113.72352264285712
114.03908799999999
114.37880885714286
114.73181382142857
115.11187182142856
115.50767732142856
115.92824435714286
116.3689844642857
116.82840525
117.30466296428571
117.81399532142856
118.34599053571428
118.91730242857142
119.4895401785714
120.06116828571427
120.62667399999998
121.1814949642857
121.73611521428572
122.27760428571428
122.8161095
123.35238360714285
123.87673714285712
124.39835124999999
124.91733982142857
125.42827396428572
125.93374682142857
126.43598528571428
126.9329187142857
127.42101735714284
127.91243674999998
128.391315
128.87062503571428
129.34099067857144
129.81158839285715
130.2700736428571
130.72572910714288
131.17688174999998
131.62572649999998
124.4558963214286
124.16436375
123.86729575000001
123.56389917857143
123.25356060714287
122.93652648214285
122.61109746428572
122.27902875
121.94069375000001
121.59422775
121.23853005357142
120.87410032142857
120.50136660714286
120.12036660714286
119.73046944642857
119.330528625
118.92174287499998
118.51048230357144
118.10439517857142
117.71454189285714
117.33395489285712
116.96026505357145
116.59744375000001
116.24279160714286
115.89603519642858
115.56201060714287
115.23602489285716
114.92072948214286
114.61794062500002
114.32345575000001
114.04269291071428
113.77394032142857
113.51388375000002
113.27049003571429
113.03856660714287
112.81747973214286
112.61444775
112.42462501785715
112.24610030357144
112.08686860714286
111.94251116071428
111.8086566964286
111.6989871607143
111.603458875
111.52000480357144
111.46119830357144
111.41737057142856
111.39044310714286
111.38520855357143
111.39624482142857
111.42764425
111.48018135714285
111.54680483928573
111.64020808928572
111.7508036607143
111.88036964285715
112.03376478571428
112.2056245
112.39515278571429
112.6117447857143
112.842109875
113.09735994642857
113.37308819642857
113.66524092857144
113.98153562499999
114.32065162500001
114.67558244642858
115.05395948214286
115.45164192857143
115.86776292857144
116.31032130357141
116.76827099999998
117.25098135714283
117.75539705357141
118.28413107142853
118.85492328571428
119.43130389285712
120.00886748214285
120.57121849999997
121.13154182142857
121.6886990892857
122.23215626785715
122.77491289285715
123.31014198214288
123.83819519642856
124.36575449999998
124.88187978571428
125.39573710714285
125.90676694642855
126.40729451785712
126.90621244642857
127.39894141071427
127.89057299999999
128.370596875
128.85274507142856
129.32444919642856
129.79537644642858
130.25720249999998
130.71948908928573
131.16942512499998
131.61594769642858
124.4558963214286
124.16436375
123.86729575000001
123.56389917857143
123.25356060714287
122.93652648214285
122.61109746428572
122.27902875
121.94069375000001
121.59422775
121.23853005357142
120.87410032142857
120.50136660714286
120.12036660714286
119.73046944642857
119.330528625
118.92174287499998
118.51048230357144
118.10439517857142
117.71454189285714
117.33395489285712
116.96026505357145
116.59744375000001
116.24279160714286
115.89603519642858
115.56201060714287
115.23602489285716
114.92072948214286
114.61794062500002
114.32345575000001
114.04269291071428
113.77394032142857
113.51388375000002
113.27049003571429
113.03856660714287
112.81747973214286
112.61444775
112.42462501785715
112.24610030357144
112.08686860714286
111.94251116071428
111.8086566964286
111.6989871607143
111.603458875
111.52000480357144
111.46119830357144
111.41737057142856
111.39044310714286
111.38520855357143
111.39624482142857
111.42764425
111.48018135714285
111.54680483928573
111.64020808928572
111.7508036607143
111.88036964285715
112.03376478571428
112.2056245
112.39515278571429
112.6117447857143
112.842109875
113.09735994642857
113.37308819642857
113.66524092857144
113.98153562499999
114.32065162500001
114.67558244642858
115.05395948214286
115.45164192857143
115.86776292857144
116.31032130357141
116.76827099999998
117.25098135714283
117.75539705357141
118.28413107142853
118.85492328571428
119.43130389285712
120.00886748214285
120.57121849999997
121.13154182142857
121.6886990892857
122.23215626785715
122.77491289285715
123.31014198214288
123.83819519642856
124.36575449999998
124.88187978571428
125.39573710714285
125.90676694642855
126.40729451785712
126.90621244642857
127.39894141071427
127.89057299999999
128.370596875
128.85274507142856
129.32444919642856
129.79537644642858
130.25720249999998
130.71948908928573
131.16942512499998
131.61594769642858
124.41877535714286
124.1274475
123.830685
123.528224
123.21741871428571
122.90228271428572
122.57666121428572
122.24448671428571
121.9052575
121.55948171428572
121.2041315
120.8394622142857
120.46693035714287
120.08593035714287
119.69566407142858
119.295287
118.8859375
118.47467692857143
118.06895892857145
117.68028014285716
117.29969457142857
116.92673264285715
116.56425
116.21052985714286
115.86296807142858
115.52941671428572
115.20376314285714
114.88692792857144
114.58531571428573
114.291393
114.00880028571429
113.74054614285714
113.48162200000002
113.23722828571428
113.00423971428572
112.78367364285715
112.58001150000001
112.3890215
112.21226828571429
112.05043235714287
111.90537292857144
111.77271221428573
111.66127357142858
111.56392050000001
111.48212235714286
111.42221842857143
111.3758057142857
111.34913021428572
111.34531592857142
111.35263407142855
111.384557
111.43707342857142
111.50360457142858
111.59635157142856
111.70586514285714
111.83252942857143
111.98781521428572
112.1569265
112.35097828571429
112.5644217142857
112.79466821428571
113.04951392857143
113.32319271428572
113.61605385714284
113.9336815
114.2707597142857
114.62447507142858
115.00321828571428
115.39911842857143
115.82097457142856
116.2608502142857
116.71881899999998
117.19872557142855
117.70512664285714
118.23466085714284
118.8050942142857
119.38248578571427
119.95809321428571
120.52890799999999
121.09081478571429
121.64659028571428
122.19443814285714
122.73930214285713
123.27672028571429
123.80765157142856
124.3347355
124.85527635714286
125.37164985714287
125.88109892857142
126.38660892857142
126.88925014285712
127.38088207142857
127.874067
128.35817757142857
128.84203514285713
129.31408007142855
129.78685485714286
130.25166157142857
130.7123817142857
131.1664925
131.61808164285713
124.41877535714286
124.1274475
123.830685
123.528224
123.21741871428571
122.90228271428572
122.57666121428572
122.24448671428571
121.9052575
121.55948171428572
121.2041315
120.8394622142857
120.46693035714287
120.08593035714287
119.69566407142858
119.295287
118.8859375
118.47467692857143
118.06895892857145
117.68028014285716
117.29969457142857
116.92673264285715
116.56425
116.21052985714286
115.86296807142858
115.52941671428572
115.20376314285714
114.88692792857144
114.58531571428573
114.291393
114.00880028571429
113.74054614285714
113.48162200000002
113.23722828571428
113.00423971428572
112.78367364285715
112.58001150000001
112.3890215
112.21226828571429
112.05043235714287
111.90537292857144
111.77271221428573
111.66127357142858
111.56392050000001
111.48212235714286
111.42221842857143
111.3758057142857
111.34913021428572
111.34531592857142
111.35263407142855
111.384557
111.43707342857142
111.50360457142858
111.59635157142856
111.70586514285714
111.83252942857143
111.98781521428572
112.1569265
112.35097828571429
112.5644217142857
112.79466821428571
113.04951392857143
113.32319271428572
113.61605385714284
113.9336815
114.2707597142857
114.62447507142858
115.00321828571428
115.39911842857143
115.82097457142856
116.2608502142857
116.71881899999998
117.19872557142855
117.70512664285714
118.23466085714284
118.8050942142857
119.38248578571427
119.95809321428571
120.52890799999999
121.09081478571429
121.64659028571428
122.19443814285714
122.73930214285713
123.27672028571429
123.80765157142856
124.3347355
124.85527635714286
125.37164985714287
125.88109892857142
126.38660892857142
126.88925014285712
127.38088207142857
127.874067
128.35817757142857
128.84203514285713
129.31408007142855
129.78685485714286
130.25166157142857
130.7123817142857
131.1664925
131.61808164285713
124.38095669642857
124.09101125000001
123.79507425
123.49267767857144
123.18280796428571
122.8676719642857
122.54312951785712
122.2105940892857
121.87179237499998
121.52487096428571
121.170064375
120.8063950892857
120.43384621428571
120.05213166071428
119.66179523214286
119.2614475
118.85358849999999
118.44220823214286
118.0372629107143
117.64875664285714
117.26845151785713
116.89610176785713
116.53372650000001
116.18000635714286
115.83333719642857
115.49989321428572
115.17395776785713
114.85801517857143
114.55551033928573
114.26086950000001
113.98032919642858
113.71087319642858
113.4510985
113.20807517857142
112.97496691071429
112.75232464285713
112.549914625
112.35853792857142
112.17950682142856
112.01993533928572
111.87402392857143
111.74004380357142
111.628284625
111.53057150000001
111.44805523214286
111.38727482142856
111.34124649999998
111.31566294642857
111.307228125
111.31558292857142
111.34994625
111.39856026785714
111.46486123214285
111.55822241071428
111.66543342857142
111.79726696428573
111.948810125
112.117707375
112.31045025
112.52298912500001
112.75484955357142
113.01002510714287
113.28376298214286
113.57571192857144
113.89387612499999
114.22497660714285
114.58538583928572
114.96252028571429
115.35960653571428
115.77734369642857
116.21905669642855
116.67812099999998
117.16126323214286
117.66485725
118.18918355357141
118.76352044642856
119.34168041071426
119.92377380357141
120.49143237499999
121.0553940535714
121.61678491071427
122.16444991071428
122.71113042857142
123.25028403571429
123.78308360714286
124.313958125
124.83442341071428
125.35120025
125.866175375
126.37244166071427
126.87447419642855
127.37119433928572
127.86677575
128.35072119642857
128.8350985357143
129.31160142857144
129.78613673214286
130.25166157142857
130.71385192857144
131.1730595
131.62201482142856
124.38095669642857
124.09101125000001
123.79507425
123.49267767857144
123.18280796428571
122.8676719642857
122.54312951785712
122.2105940892857
121.87179237499998
121.52487096428571
121.170064375
120.8063950892857
120.43384621428571
120.05213166071428
119.66179523214286
119.2614475
118.85358849999999
118.44220823214286
118.0372629107143
117.64875664285714
117.26845151785713
116.89610176785713
116.53372650000001
116.18000635714286
115.83333719642857
115.49989321428572
115.17395776785713
114.85801517857143
114.55551033928573
114.26086950000001
113.98032919642858
113.71087319642858
113.4510985
113.20807517857142
112.97496691071429
112.75232464285713
112.549914625
112.35853792857142
112.17950682142856
112.01993533928572
111.87402392857143
111.74004380357142
111.628284625
111.53057150000001
111.44805523214286
111.38727482142856
111.34124649999998
111.31566294642857
111.307228125
111.31558292857142
111.34994625
111.39856026785714
111.46486123214285
111.55822241071428
111.66543342857142
111.79726696428573
111.948810125
112.117707375
112.31045025
112.52298912500001
112.75484955357142
113.01002510714287
113.28376298214286
113.57571192857144
113.89387612499999
114.22497660714285
114.58538583928572
114.96252028571429
115.35960653571428
115.77734369642857
116.21905669642855
116.67812099999998
117.16126323214286
117.66485725
118.18918355357141
118.76352044642856
119.34168041071426
119.92377380357141
120.49143237499999
121.0553940535714
121.61678491071427
122.16444991071428
122.71113042857142
123.25028403571429
123.78308360714286
124.313958125
124.83442341071428
125.35120025
125.866175375
126.37244166071427
126.87447419642855
127.37119433928572
127.86677575
128.35072119642857
128.8350985357143
129.31160142857144
129.78613673214286
130.25166157142857
130.71385192857144
131.1730595
131.62201482142856
124.34280232142856
124.05500775
123.7578657857143
123.45793807142857
123.14740432142857
122.83306121428572
122.50906239285715
122.17785742857141
121.837987
121.49205428571429
121.13766010714285
120.7735897142857
120.40253125
120.02078942857145
119.63079157142855
119.23058900000001
118.82232674999999
118.41206617857144
118.00802128571428
117.61896303571427
117.2401725
116.86812189285715
116.5057265
116.15200635714285
115.80622274999999
115.4728932142857
115.14750139285714
114.83105160714285
114.52905396428574
114.23513125000001
113.95334932142858
113.68428439285715
113.42536025000001
113.18077064285714
112.94824878571428
112.72758567857144
112.52345824999999
112.32993425000001
112.15294307142858
111.99308335714286
111.84409503571429
111.71402367857142
111.60083278571429
111.5005715
111.41989742857143
111.35944932142856
111.31012242857142
111.28490457142857
111.27718278571427
111.28665928571428
111.31785899999998
111.3645860357143
111.43637964285713
111.52625342857144
111.63204417857142
111.76377503571427
111.91510217857143
112.08470299999999
112.27842360714286
112.48982042857143
112.72026567857144
112.97646135714285
113.24693096428571
113.54491928571427
113.85924524999999
114.19076542857144
114.55000764285714
114.92906685714284
115.3257975
115.74736874999998
116.18761789285713
116.64371599999998
117.12819014285714
117.63209403571429
118.15961899999998
118.7313024285714
119.31108914285711
119.89162889285714
120.46520824999999
121.03280357142856
121.58985346428568
122.14285085714285
122.69297803571426
123.23029635714286
123.76661299999999
124.29815274999999
124.82025989285717
125.3419855
125.85498074999998
126.36336682142856
126.87069824999999
127.36622224999998
127.86199725
128.35006860714284
128.83792403571428
129.31486317857144
129.78916360714285
130.2592965
130.72342871428572
131.183234
131.63400114285713
124.34280232142856
124.05500775
123.7578657857143
123.45793807142857
123.14740432142857
122.83306121428572
122.50906239285715
122.17785742857141
121.837987
121.49205428571429
121.13766010714285
120.7735897142857
120.40253125
120.02078942857145
119.63079157142855
119.23058900000001
118.82232674999999
118.41206617857144
118.00802128571428
117.61896303571427
117.2401725
116.86812189285715
116.5057265
116.15200635714285
115.80622274999999
115.4728932142857
115.14750139285714
114.83105160714285
114.52905396428574
114.23513125000001
113.95334932142858
113.68428439285715
113.42536025000001
113.18077064285714
112.94824878571428
112.72758567857144
112.52345824999999
112.32993425000001
112.15294307142858
111.99308335714286
111.84409503571429
111.71402367857142
111.60083278571429
111.5005715
111.41989742857143
111.35944932142856
111.31012242857142
111.28490457142857
111.27718278571427
111.28665928571428
111.31785899999998
111.3645860357143
111.43637964285713
111.52625342857144
111.63204417857142
111.76377503571427
111.91510217857143
112.08470299999999
112.27842360714286
112.48982042857143
112.72026567857144
112.97646135714285
113.24693096428571
113.54491928571427
113.85924524999999
114.19076542857144
114.55000764285714
114.92906685714284
115.3257975
115.74736874999998
116.18761789285713
116.64371599999998
117.12819014285714
117.63209403571429
118.15961899999998
118.7313024285714
119.31108914285711
119.89162889285714
120.46520824999999
121.03280357142856
121.58985346428568
122.14285085714285
122.69297803571426
123.23029635714286
123.76661299999999
124.29815274999999
124.82025989285717
125.3419855
125.85498074999998
126.36336682142856
126.87069824999999
127.36622224999998
127.86199725
128.35006860714284
128.83792403571428
129.31486317857144
129.78916360714285
130.2592965
130.72342871428572
131.183234
131.63400114285713
124.30564794642858
124.017722375
123.72265812500001
123.42239175
123.11286069642857
122.79925798214286
122.4757297857143
122.14533392857142
121.80706550000002
121.45986069642856
121.10653516071429
120.74386435714285
120.37226950000002
119.99160816071429
119.60146635714285
119.201540875
118.79515225
118.38408630357145
117.98104339285713
117.59332039285715
117.21473482142856
116.84228748214286
116.48102762500001
116.12757010714286
115.7809881964286
115.44845696428573
115.12360876785715
114.80748785714286
114.50596671428572
114.21223862500001
113.93059094642857
113.66152419642859
113.40246762500001
113.15875051785713
112.92642328571429
112.70369376785716
112.501371
112.30865237500001
112.129711625
111.96952557142856
111.82286557142858
111.69052976785714
111.576935625
111.476818375
111.39794276785713
111.33394125000001
111.28489208928573
111.26255048214286
111.25174653571429
111.25974653571427
111.293557
111.34127839285713
111.40981025000002
111.49914025
111.60673653571428
111.739682375
111.88992767857144
112.05759562499999
112.25198282142857
112.46030273214286
112.69670733928572
112.9501589642857
113.22328648214287
113.51787919642858
113.83260299999998
114.16446342857142
114.52544191071428
114.90215410714285
115.29982071428572
115.72119425
116.162300875
116.623163625
117.10623117857142
117.61060989285716
118.13032271428568
118.70814448214284
119.2898747142857
119.87427869642855
120.44574112499997
121.0133157142857
121.57646135714285
122.12885426785715
122.67845930357143
123.22044064285714
123.75730678571428
124.29036925
124.81443439285714
125.336092875
125.8522957142857
126.36243394642855
126.86762285714285
127.3677648392857
127.86761875
128.35622298214287
128.84288378571426
129.32362401785713
129.80241287500002
130.27355824999998
130.73760401785714
131.20150274999997
131.65435014285714
124.30564794642858
124.017722375
123.72265812500001
123.42239175
123.11286069642857
122.79925798214286
122.4757297857143
122.14533392857142
121.80706550000002
121.45986069642856
121.10653516071429
120.74386435714285
120.37226950000002
119.99160816071429
119.60146635714285
119.201540875
118.79515225
118.38408630357145
117.98104339285713
117.59332039285715
117.21473482142856
116.84228748214286
116.48102762500001
116.12757010714286
115.7809881964286
115.44845696428573
115.12360876785715
114.80748785714286
114.50596671428572
114.21223862500001
113.93059094642857
113.66152419642859
113.40246762500001
113.15875051785713
112.92642328571429
112.70369376785716
112.501371
112.30865237500001
112.129711625
111.96952557142856
111.82286557142858
111.69052976785714
111.576935625
111.476818375
111.39794276785713
111.33394125000001
111.28489208928573
111.26255048214286
111.25174653571429
111.25974653571427
111.293557
111.34127839285713
111.40981025000002
111.49914025
111.60673653571428
111.739682375
111.88992767857144
112.05759562499999
112.25198282142857
112.46030273214286
112.69670733928572
112.9501589642857
113.22328648214287
113.51787919642858
113.83260299999998
114.16446342857142
114.52544191071428
114.90215410714285
115.29982071428572
115.72119425
116.162300875
116.623163625
117.10623117857142
117.61060989285716
118.13032271428568
118.70814448214284
119.2898747142857
119.87427869642855
120.44574112499997
121.0133157142857
121.57646135714285
122.12885426785715
122.67845930357143
123.22044064285714
123.75730678571428
124.29036925
124.81443439285714
125.336092875
125.8522957142857
126.36243394642855
126.86762285714285
127.3677648392857
127.86761875
128.35622298214287
128.84288378571426
129.32362401785713
129.80241287500002
130.27355824999998
130.73760401785714
131.20150274999997
131.65435014285714
124.267165
123.98204799999999
123.68669757142858
123.38719442857142
123.08026242857143
122.76519085714285
122.44374171428571
122.114673
121.77554200000002
121.43049157142856
121.07687485714287
120.71568985714285
120.34483014285715
119.96335985714285
119.57444257142856
119.175575
118.76793328571428
118.360206
117.95760714285714
117.56923314285714
117.19064900000001
116.81939485714287
116.45755199999999
116.10508414285715
115.759961
115.4267355714286
115.10206514285713
114.78713885714285
114.48561771428572
114.192044
113.91143657142857
113.64219714285716
113.38302285714288
113.13946442857143
112.90742328571427
112.68584814285714
112.48272
112.28956528571429
112.11246657142857
111.95174071428572
111.80284942857142
111.67323357142858
111.55982371428571
111.459095
111.378196
111.31491714285715
111.26908671428572
111.24235585714285
111.23025499999999
111.24458857142857
111.27455699999999
111.31952057142857
111.39290314285714
111.4811
111.58699485714286
111.72055957142857
111.86713757142857
112.04075
112.23185985714287
112.44366914285713
112.67752742857142
112.93093228571428
113.20329299999999
113.4998317142857
113.813254
114.15016
114.50829428571429
114.88459457142855
115.28232042857141
115.70559828571429
116.14608357142856
116.60471399999999
117.09305071428571
117.59608257142858
118.12426314285713
118.69501371428571
119.27604857142855
119.86135799999998
120.43586599999998
121.00747914285714
121.56533671428569
122.1211277142857
122.67552642857142
123.21511628571427
123.75362142857142
124.28931499999999
124.81459242857142
125.33801914285715
125.85472885714285
126.36562085714284
126.87636785714285
127.3760937142857
127.87515099999999
128.3667634285714
128.85822085714284
129.34104014285714
129.81799585714285
130.29169385714286
130.76006714285714
131.22593899999998
131.67909514285714
124.267165
123.98204799999999
123.68669757142858
123.38719442857142
123.08026242857143
122.76519085714285
122.44374171428571
122.114673
121.77554200000002
121.43049157142856
121.07687485714287
120.71568985714285
120.34483014285715
119.96335985714285
119.57444257142856
119.175575
118.76793328571428
118.360206
117.95760714285714
117.56923314285714
117.19064900000001
116.81939485714287
116.45755199999999
116.10508414285715
115.759961
115.4267355714286
115.10206514285713
114.78713885714285
114.48561771428572
114.192044
113.91143657142857
113.64219714285716
113.38302285714288
113.13946442857143
112.90742328571427
112.68584814285714
112.48272
112.28956528571429
112.11246657142857
111.95174071428572
111.80284942857142
111.67323357142858
111.55982371428571
111.459095
111.378196
111.31491714285715
111.26908671428572
111.24235585714285
111.23025499999999
111.24458857142857
111.27455699999999
111.31952057142857
111.39290314285714
111.4811
111.58699485714286
111.72055957142857
111.86713757142857
112.04075
112.23185985714287
112.44366914285713
112.67752742857142
112.93093228571428
113.20329299999999
113.4998317142857
113.813254
114.15016
114.50829428571429
114.88459457142855
115.28232042857141
115.70559828571429
116.14608357142856
116.60471399999999
117.09305071428571
117.59608257142858
118.12426314285713
118.69501371428571
119.27604857142855
119.86135799999998
120.43586599999998
121.00747914285714
121.56533671428569
122.1211277142857
122.67552642857142
123.21511628571427
123.75362142857142
124.28931499999999
124.81459242857142
125.33801914285715
125.85472885714285
126.36562085714284
126.87636785714285
127.3760937142857
127.87515099999999
128.3667634285714
128.85822085714284
129.34104014285714
129.81799585714285
130.29169385714286
130.76006714285714
131.22593899999998
131.67909514285714
124.22990325
123.94530625
123.65143582142858
123.35312730357143
123.0465567857143
122.7340185
122.41179016071428
122.0841495
121.74751312499998
121.40164698214285
121.04891255357143
120.68770998214285
120.31785026785715
119.93780946428572
119.54880803571429
119.150366375
118.74504066071428
118.33731337500001
117.93495614285715
117.54823314285714
117.16964757142857
116.79775276785716
116.438095625
116.08548285714284
115.73998819642858
115.40826233928571
115.0838099107143
114.76868248214286
114.46832167857143
114.17513125
113.89387282142857
113.62628439285714
113.367467625
113.12379330357145
112.8924031607143
112.67158567857143
112.46799224999998
112.27565221428571
112.09820482142857
111.93761282142857
111.79007092857144
111.66051544642858
111.54456196428572
111.4458175
111.36722121428572
111.30053258928571
111.25490767857144
111.23032141071428
111.21780316071428
111.23087044642855
111.259322125
111.30909521428572
111.38042664285715
111.4648232142857
111.57742092857143
111.7077495
111.85590269642857
112.0272735
112.22015755357143
112.42890130357142
112.66727641071428
112.91934801785715
113.19175246428571
113.48931512499999
113.80283412499999
114.14111903571428
114.49907755357142
114.87207401785714
115.27637108928572
115.69783498214287
116.13760166071427
116.60192237499999
117.08601046428572
117.59123885714286
118.12006851785713
118.692725
119.27794119642856
119.86088825
120.434456625
121.00493551785715
121.56835930357143
122.12419825
122.6740057142857
123.21934001785715
123.76033787499999
124.292992875
124.82111958928571
125.34665001785714
125.86402369642857
126.3786750892857
126.8878562142857
127.38967655357142
127.893343
128.38677176785714
128.87591066071428
129.36062648214283
129.84284339285713
130.31967373214286
130.78679830357143
131.25420774999998
131.71273246428572
124.22990325
123.94530625
123.65143582142858
123.35312730357143
123.0465567857143
122.7340185
122.41179016071428
122.0841495
121.74751312499998
121.40164698214285
121.04891255357143
120.68770998214285
120.31785026785715
119.93780946428572
119.54880803571429
119.150366375
118.74504066071428
118.33731337500001
117.93495614285715
117.54823314285714
117.16964757142857
116.79775276785716
116.438095625
116.08548285714284
115.73998819642858
115.40826233928571
115.0838099107143
114.76868248214286
114.46832167857143
114.17513125
113.89387282142857
113.62628439285714
113.367467625
113.12379330357145
112.8924031607143
112.67158567857143
112.46799224999998
112.27565221428571
112.09820482142857
111.93761282142857
111.79007092857144
111.66051544642858
111.54456196428572
111.4458175
111.36722121428572
111.30053258928571
111.25490767857144
111.23032141071428
111.21780316071428
111.23087044642855
111.259322125
111.30909521428572
111.38042664285715
111.4648232142857
111.57742092857143
111.7077495
111.85590269642857
112.0272735
112.22015755357143
112.42890130357142
112.66727641071428
112.91934801785715
113.19175246428571
113.48931512499999
113.80283412499999
114.14111903571428
114.49907755357142
114.87207401785714
115.27637108928572
115.69783498214287
116.13760166071427
116.60192237499999
117.08601046428572
117.59123885714286
118.12006851785713
118.692725
119.27794119642856
119.86088825
120.434456625
121.00493551785715
121.56835930357143
122.12419825
122.6740057142857
123.21934001785715
123.76033787499999
124.292992875
124.82111958928571
125.34665001785714
125.86402369642857
126.3786750892857
126.8878562142857
127.38967655357142
127.893343
128.38677176785714
128.87591066071428
129.36062648214283
129.84284339285713
130.31967373214286
130.78679830357143
131.25420774999998
131.71273246428572
124.19252767857145
123.90839025
123.61762964285714
123.31862392857143
123.01459703571429
122.70049714285715
122.38123014285713
122.054626
121.71873725
121.37466710714286
121.02093267857144
120.6613682142857
120.29183635714287
119.91337321428571
119.52560974999999
119.12847375000001
118.72258428571428
118.31669482142857
117.91604339285715
117.52832039285714
117.1511725
116.78048210714286
116.4197265
116.06857010714285
115.72461907142858
115.39189321428572
115.0678770357143
114.75531335714287
114.45405992857143
114.160543
113.88204732142859
113.61359132142857
113.35480810714284
113.11251142857144
112.8811212857143
112.66006892857143
112.457603
112.265545
112.08825182142857
111.92809607142857
111.78056357142856
111.65210607142858
111.53621517857142
111.43854525
111.35748296428571
111.29099571428571
111.2496940357143
111.22229039285713
111.2087634642857
111.22529746428572
111.25312749999999
111.30125992857143
111.37263310714286
111.46152192857141
111.57042203571427
111.70165285714285
111.84910892857143
112.02460674999999
112.21496292857142
112.42639982142856
112.66262142857141
112.91238125
113.1885377142857
113.48572385714286
113.79901625
114.13990285714286
114.49625682142857
114.87427792857142
115.27577074999999
115.69821889285714
116.13949714285712
116.60439424999998
117.09156903571429
117.59417364285714
118.13021032142855
118.69813785714284
119.28309524999997
119.8678104642857
120.442377
121.01434717857143
121.57486553571427
122.13172175
122.6866232142857
123.22908278571428
123.76954092857142
124.30716125
124.83566264285716
125.36036153571428
125.88091321428571
126.39624607142855
126.90797964285713
127.41157592857141
127.91469199999999
128.40953689285715
128.90329099999997
129.39126625
129.87158839285715
130.3495274642857
130.82231632142856
131.29412374999998
131.7507794642857
124.19252767857145
123.90839025
123.61762964285714
123.31862392857143
123.01459703571429
122.70049714285715
122.38123014285713
122.054626
121.71873725
121.37466710714286
121.02093267857144
120.6613682142857
120.29183635714287
119.91337321428571
119.52560974999999
119.12847375000001
118.72258428571428
118.31669482142857
117.91604339285715
117.52832039285714
117.1511725
116.78048210714286
116.4197265
116.06857010714285
115.72461907142858
115.39189321428572
115.0678770357143
114.75531335714287
114.45405992857143
114.160543
113.88204732142859
113.61359132142857
113.35480810714284
113.11251142857144
112.8811212857143
112.66006892857143
112.457603
112.265545
112.08825182142857
111.92809607142857
111.78056357142856
111.65210607142858
111.53621517857142
111.43854525
111.35748296428571
111.29099571428571
111.2496940357143
111.22229039285713
111.2087634642857
111.22529746428572
111.25312749999999
111.30125992857143
111.37263310714286
111.46152192857141
111.57042203571427
111.70165285714285
111.84910892857143
112.02460674999999
112.21496292857142
112.42639982142856
112.66262142857141
112.91238125
113.1885377142857
113.48572385714286
113.79901625
114.13990285714286
114.49625682142857
114.87427792857142
115.27577074999999
115.69821889285714
116.13949714285712
116.60439424999998
117.09156903571429
117.59417364285714
118.13021032142855
118.69813785714284
119.28309524999997
119.8678104642857
120.442377
121.01434717857143
121.57486553571427
122.13172175
122.6866232142857
123.22908278571428
123.76954092857142
124.30716125
124.83566264285716
125.36036153571428
125.88091321428571
126.39624607142855
126.90797964285713
127.41157592857141
127.91469199999999
128.40953689285715
128.90329099999997
129.39126625
129.87158839285715
130.3495274642857
130.82231632142856
131.29412374999998
131.7507794642857
124.15437330357143
123.87306462500001
123.58199876785714
123.285928625
122.98199876785715
122.67095566071428
122.35070664285715
122.02519967857143
121.691553375
121.34766710714285
120.99658112500002
120.63613382142857
120.268095
119.89091683928572
119.503697
119.10687587499999
118.70323528571429
118.29790957142856
117.898172875
117.5119630357143
117.13491075000002
116.76417119642858
116.405512625
116.05432576785715
115.70949189285714
115.37925907142858
115.05693764285715
114.74276591071428
114.44300551785716
114.15136849999999
113.8713090714286
113.60456808928572
113.34717723214287
113.10431680357144
112.87337396428572
112.65398167857143
112.45085424999999
112.25833025
112.08260082142857
111.92300882142857
111.77599583928571
111.64801882142858
111.53340526785715
111.434874125
111.35537216071428
111.29034869642858
111.24615041071429
111.21879957142858
111.2111795892857
111.22373371428571
111.24804025
111.30269203571429
111.37417673214284
111.45921483928572
111.5732174642857
111.70198642857144
111.85270121428572
112.02600275
112.2136141607143
112.42994344642857
112.66389248214284
112.91542005357142
113.194675625
113.48968360714287
113.8056355
114.14582164285714
114.50229276785714
114.88117308928571
115.28596051785712
115.70584976785715
116.1490449642857
116.61791337499999
117.10260410714285
117.61205773214286
118.1472369642857
118.71289614285712
119.3016184285714
119.88294199999999
120.45755912499999
121.03061783928572
121.59250030357143
122.150231875
122.70095010714284
123.24711969642857
123.79047887499999
124.32350912499999
124.854458875
125.38398573214285
125.90233919642857
126.42000348214283
126.93372719642858
127.43799205357142
127.94331825
128.44138767857143
128.9343499285714
129.42333123214286
129.90865742857142
130.3916415892857
130.86283273214286
131.33367112499997
131.79716178571428
124.15437330357143
123.87306462500001
123.58199876785714
123.285928625
122.98199876785715
122.67095566071428
122.35070664285715
122.02519967857143
121.691553375
121.34766710714285
120.99658112500002
120.63613382142857
120.268095
119.89091683928572
119.503697
119.10687587499999
118.70323528571429
118.29790957142856
117.898172875
117.5119630357143
117.13491075000002
116.76417119642858
116.405512625
116.05432576785715
115.70949189285714
115.37925907142858
115.05693764285715
114.74276591071428
114.44300551785716
114.15136849999999
113.8713090714286
113.60456808928572
113.34717723214287
113.10431680357144
112.87337396428572
112.65398167857143
112.45085424999999
112.25833025
112.08260082142857
111.92300882142857
111.77599583928571
111.64801882142858
111.53340526785715
111.434874125
111.35537216071428
111.29034869642858
111.24615041071429
111.21879957142858
111.2111795892857
111.22373371428571
111.24804025
111.30269203571429
111.37417673214284
111.45921483928572
111.5732174642857
111.70198642857144
111.85270121428572
112.02600275
112.2136141607143
112.42994344642857
112.66389248214284
112.91542005357142
113.194675625
113.48968360714287
113.8056355
114.14582164285714
114.50229276785714
114.88117308928571
115.28596051785712
115.70584976785715
116.1490449642857
116.61791337499999
117.10260410714285
117.61205773214286
118.1472369642857
118.71289614285712
119.3016184285714
119.88294199999999
120.45755912499999
121.03061783928572
121.59250030357143
122.150231875
122.70095010714284
123.24711969642857
123.79047887499999
124.32350912499999
124.854458875
125.38398573214285
125.90233919642857
126.42000348214283
126.93372719642858
127.43799205357142
127.94331825
128.44138767857143
128.9343499285714
129.42333123214286
129.90865742857142
130.3916415892857
130.86283273214286
131.33367112499997
131.79716178571428
124.11821892857142
123.8359505
123.54840814285714
123.25273264285714
122.95151742857144
122.64045442857142
122.32376557142858
121.99823992857142
121.6656205
121.32361907142855
120.97235707142858
120.61294642857142
120.246746
119.86954771428572
119.48367321428572
119.08873550000001
118.68440978571428
118.28153264285714
117.88341449999999
117.49722478571428
117.12117392857142
116.75244185714286
116.39272650000001
116.04213114285713
115.69966607142857
115.36908457142857
115.04668892857143
114.7350947857143
114.43510692857144
114.14304200000001
113.86551585714287
113.59924907142857
113.34111685714286
113.10066707142857
112.8698102142857
112.64946564285715
112.4488245
112.25822271428572
112.08060757142857
111.92196857142858
111.77597571428572
111.64782514285714
111.53416585714285
111.4371105
111.35891578571429
111.29189835714287
111.25130135714286
111.22284657142856
111.21424671428571
111.22722785714284
111.2545705
111.3093027857143
111.37724385714286
111.46721235714284
111.5793517142857
111.70760321428571
111.86075307142858
112.033917
112.22424271428571
112.43910457142857
112.6742375
112.92627878571429
113.205877
113.50145564285714
113.817391
114.15956592857142
114.51647600000001
114.89867478571428
115.30177264285713
115.72349542857143
116.1683537142857
116.63756849999999
117.12516864285715
117.63472414285712
118.18060107142855
118.7445305
119.32976649999998
119.91186149999999
120.48393499999999
121.0540877142857
121.61539721428571
122.173648
122.72648314285715
123.27134571428573
123.81376664285715
124.35140349999999
124.88252542857141
125.40897235714286
125.93210742857141
126.45170871428569
126.96413249999998
127.47179535714284
127.978327
128.47699842857142
128.97294357142857
129.46601371428568
129.95087892857146
130.434553
130.9099615
131.38644299999999
131.8495577857143
124.11821892857142
123.8359505
123.54840814285714
123.25273264285714
122.95151742857144
122.64045442857142
122.32376557142858
121.99823992857142
121.6656205
121.32361907142855
120.97235707142858
120.61294642857142
120.246746
119.86954771428572
119.48367321428572
119.08873550000001
118.68440978571428
118.28153264285714
117.88341449999999
117.49722478571428
117.12117392857142
116.75244185714286
116.39272650000001
116.04213114285713
115.69966607142857
115.36908457142857
115.04668892857143
114.7350947857143
114.43510692857144
114.14304200000001
113.86551585714287
113.59924907142857
113.34111685714286
113.10066707142857
112.8698102142857
112.64946564285715
112.4488245
112.25822271428572
112.08060757142857
111.92196857142858
111.77597571428572
111.64782514285714
111.53416585714285
111.4371105
111.35891578571429
111.29189835714287
111.25130135714286
111.22284657142856
111.21424671428571
111.22722785714284
111.2545705
111.3093027857143
111.37724385714286
111.46721235714284
111.5793517142857
111.70760321428571
111.86075307142858
112.033917
112.22424271428571
112.43910457142857
112.6742375
112.92627878571429
113.205877
113.50145564285714
113.817391
114.15956592857142
114.51647600000001
114.89867478571428
115.30177264285713
115.72349542857143
116.1683537142857
116.63756849999999
117.12516864285715
117.63472414285712
118.18060107142855
118.7445305
119.32976649999998
119.91186149999999
120.48393499999999
121.0540877142857
121.61539721428571
122.173648
122.72648314285715
123.27134571428573
123.81376664285715
124.35140349999999
124.88252542857141
125.40897235714286
125.93210742857141
126.45170871428569
126.96413249999998
127.47179535714284
127.978327
128.47699842857142
128.97294357142857
129.46601371428568
129.95087892857146
130.434553
130.9099615
131.38644299999999
131.8495577857143
124.07980310714287
123.80079937500001
123.51426680357142
123.21979976785714
122.92099876785716
122.61199591071428
122.29540017857143
121.97239589285714
121.63966074999999
121.29992885714286
120.95020014285714
120.59159742857142
120.226464125
119.85153426785715
119.466066125
119.07133224999998
118.66960694642857
118.26774739285713
117.86969835714285
117.48504192857142
117.10952292857144
116.74086919642856
116.383278625
116.03402376785714
115.69023689285714
115.36271217857143
115.04112517857142
114.72859816071428
114.43087801785715
114.141021875
113.86216144642857
113.5965077142857
113.34111685714286
113.09925642857144
112.86886826785715
112.65100998214285
112.44994825
112.25955866071428
112.08469482142857
111.9260360892857
111.7812442142857
111.65411282142858
111.54158651785716
111.44192262500002
111.36559532142857
111.30199705357144
111.261199625
111.22980217857142
111.22646932142857
111.23846948214286
111.265335625
111.32033585714285
111.39073275000001
111.48099760714287
111.59219414285712
111.723789875
111.875186125
112.049779
112.23843955357142
112.45596641071428
112.68922269642857
112.94508455357143
113.22453841071429
113.51766441071427
113.84025212499999
114.17957053571428
114.53829441071429
114.92101462499998
115.32552982142856
115.74537960714285
116.19703548214285
116.66568262499999
117.15379885714286
117.67111632142856
118.21368832142855
118.7832689642857
119.36785374999998
119.94371639285713
120.51643662499998
121.08709892857142
121.64575685714284
122.204419875
122.757008625
123.30360189285713
123.84779858928572
124.38232187499997
124.91464687499999
125.44590530357142
125.96730258928571
126.48616412499997
127.00361830357141
127.51115214285713
128.017273375
128.52080737499998
129.0177288214286
129.51179682142856
129.99892019642857
130.48758932142857
130.9638470357143
131.43958074999998
131.90663810714287
124.07980310714287
123.80079937500001
123.51426680357142
123.21979976785714
122.92099876785716
122.61199591071428
122.29540017857143
121.97239589285714
121.63966074999999
121.29992885714286
120.95020014285714
120.59159742857142
120.226464125
119.85153426785715
119.466066125
119.07133224999998
118.66960694642857
118.26774739285713
117.86969835714285
117.48504192857142
117.10952292857144
116.74086919642856
116.383278625
116.03402376785714
115.69023689285714
115.36271217857143
115.04112517857142
114.72859816071428
114.43087801785715
114.141021875
113.86216144642857
113.5965077142857
113.34111685714286
113.09925642857144
112.86886826785715
112.65100998214285
112.44994825
112.25955866071428
112.08469482142857
111.9260360892857
111.7812442142857
111.65411282142858
111.54158651785716
111.44192262500002
111.36559532142857
111.30199705357144
111.261199625
111.22980217857142
111.22646932142857
111.23846948214286
111.265335625
111.32033585714285
111.39073275000001
111.48099760714287
111.59219414285712
111.723789875
111.875186125
112.049779
112.23843955357142
112.45596641071428
112.68922269642857
112.94508455357143
113.22453841071429
113.51766441071427
113.84025212499999
114.17957053571428
114.53829441071429
114.92101462499998
115.32552982142856
115.74537960714285
116.19703548214285
116.66568262499999
117.15379885714286
117.67111632142856
118.21368832142855
118.7832689642857
119.36785374999998
119.94371639285713
120.51643662499998
121.08709892857142
121.64575685714284
122.204419875
122.757008625
123.30360189285713
123.84779858928572
124.38232187499997
124.91464687499999
125.44590530357142
125.96730258928571
126.48616412499997
127.00361830357141
127.51115214285713
128.017273375
128.52080737499998
129.0177288214286
129.51179682142856
129.99892019642857
130.48758932142857
130.9638470357143
131.43958074999998
131.90663810714287
124.04352807142857
123.7659905
123.48140814285715
123.18953396428572
122.89047042857142
122.58462678571428
122.26949935714285
121.94609707142855
121.616048
121.27844457142858
120.92885114285713
120.57246992857144
120.20865875
119.83472889285716
119.45008567857141
119.05768125000002
118.65614635714284
118.25510871428574
117.85952385714286
117.47486742857143
117.10057135714285
116.73323832142859
116.37657975000002
116.02760492857144
115.68676039285714
115.35823567857143
115.0368367857143
114.72739971428572
114.42967742857144
114.13908900000001
113.86350789285714
113.59825089285715
113.34173921428572
113.10241207142856
112.87416596428571
112.65377653571429
112.45618025000002
112.26812225
112.09220471428571
111.93527771428572
111.79141871428573
111.66303232142859
111.55204964285716
111.45490775
111.3790567857143
111.31371589285715
111.27539535714286
111.24686421428572
111.24334182142857
111.25258775
111.28549675
111.33968485714287
111.40599450000002
111.50011267857144
111.61302075
111.74148389285716
111.89827846428571
112.07000575
112.26402110714287
112.48089171428572
112.71372607142858
112.97240785714285
113.2506525357143
113.54545657142859
113.8675965
114.20822828571427
114.5682407857143
114.95308175
115.35481725
115.78233625
116.23165839285713
116.70178974999999
117.19195696428571
117.71062160714287
118.25813864285712
118.82972207142856
119.40905653571426
119.98810292857142
120.55715074999998
121.12474560714286
121.68645342857141
122.24318500000001
122.79519464285714
123.34183571428571
123.8859529642857
124.42236274999999
124.95623692857141
125.48432810714286
126.00908378571427
126.53081464285712
127.04493635714283
127.55627653571429
128.06560224999998
128.56913624999999
129.06720014285713
129.56462939285714
130.05433632142856
130.54354907142857
131.02221067857144
131.5032455
131.97277235714287
124.04352807142857
123.7659905
123.48140814285715
123.18953396428572
122.89047042857142
122.58462678571428
122.26949935714285
121.94609707142855
121.616048
121.27844457142858
120.92885114285713
120.57246992857144
120.20865875
119.83472889285716
119.45008567857141
119.05768125000002
118.65614635714284
118.25510871428574
117.85952385714286
117.47486742857143
117.10057135714285
116.73323832142859
116.37657975000002
116.02760492857144
115.68676039285714
115.35823567857143
115.0368367857143
114.72739971428572
114.42967742857144
114.13908900000001
113.86350789285714
113.59825089285715
113.34173921428572
113.10241207142856
112.87416596428571
112.65377653571429
112.45618025000002
112.26812225
112.09220471428571
111.93527771428572
111.79141871428573
111.66303232142859
111.55204964285716
111.45490775
111.3790567857143
111.31371589285715
111.27539535714286
111.24686421428572
111.24334182142857
111.25258775
111.28549675
111.33968485714287
111.40599450000002
111.50011267857144
111.61302075
111.74148389285716
111.89827846428571
112.07000575
112.26402110714287
112.48089171428572
112.71372607142858
112.97240785714285
113.2506525357143
113.54545657142859
113.8675965
114.20822828571427
114.5682407857143
114.95308175
115.35481725
115.78233625
116.23165839285713
116.70178974999999
117.19195696428571
117.71062160714287
118.25813864285712
118.82972207142856
119.40905653571426
119.98810292857142
120.55715074999998
121.12474560714286
121.68645342857141
122.24318500000001
122.79519464285714
123.34183571428571
123.8859529642857
124.42236274999999
124.95623692857141
125.48432810714286
126.00908378571427
126.53081464285712
127.04493635714283
127.55627653571429
128.06560224999998
128.56913624999999
129.06720014285713
129.56462939285714
130.05433632142856
130.54354907142857
131.02221067857144
131.5032455
131.97277235714287
124.00791732142858
123.73037975
123.44928692857142
123.15777558928572
122.86188464285715
122.55703616071428
122.24375291071429
121.92281519642859
121.593699
121.25723085714284
120.91032508928572
120.5552556607143
120.191162125
119.81950069642856
119.43656583928572
119.04445249999998
118.64521601785714
118.2450885892857
117.84950373214286
117.46746982142858
117.09448267857144
116.72691619642858
116.371548
116.02467205357144
115.68421676785715
115.35666866071429
115.03761494642858
114.72739971428571
114.43052160714285
114.14319875000001
113.86687160714285
113.6028384107143
113.34913521428572
113.10887392857143
112.88241864285713
112.66471544642857
112.46574025
112.27821625
112.10513416071429
111.94789482142856
111.80572348214285
111.67890482142857
111.56873205357144
111.46993174999999
111.39658194642857
111.33405151785713
111.29523214285715
111.26514360714286
111.26547717857142
111.27676541071428
111.309698125
111.36133901785713
111.43047001785715
111.52809255357143
111.63773346428572
111.77099401785713
111.92628012499999
112.09798187499999
112.29335219642856
112.51112267857143
112.74477982142857
113.00452833928571
113.28220314285713
113.57875194642855
113.90305000000001
114.24152580357142
114.60631466071428
114.99118417857142
115.3959277142857
115.82173278571429
116.27493874999999
116.7434945
117.23834778571428
117.75848073214287
118.30909805357142
118.88127562499999
119.46169416071426
120.03466005357143
120.60571949999998
121.17276126785714
121.73107910714285
122.28740482142858
122.84184960714285
123.3859968392857
123.93087921428571
124.46657812499998
125.0013309285714
125.53244907142857
126.05580244642857
126.57706301785711
127.09618473214285
127.60818473214285
128.11630499999998
128.62225394642854
129.12453576785714
129.624130625
130.11321557142858
130.60640955357144
131.0887338392857
131.570534125
132.0420070535714
124.00791732142858
123.73037975
123.44928692857142
123.15777558928572
122.86188464285715
122.55703616071428
122.24375291071429
121.92281519642859
121.593699
121.25723085714284
120.91032508928572
120.5552556607143
120.191162125
119.81950069642856
119.43656583928572
119.04445249999998
118.64521601785714
118.2450885892857
117.84950373214286
117.46746982142858
117.09448267857144
116.72691619642858
116.371548
116.02467205357144
115.68421676785715
115.35666866071429
115.03761494642858
114.72739971428571
114.43052160714285
114.14319875000001
113.86687160714285
113.6028384107143
113.34913521428572
113.10887392857143
112.88241864285713
112.66471544642857
112.46574025
112.27821625
112.10513416071429
111.94789482142856
111.80572348214285
111.67890482142857
111.56873205357144
111.46993174999999
111.39658194642857
111.33405151785713
111.29523214285715
111.26514360714286
111.26547717857142
111.27676541071428
111.309698125
111.36133901785713
111.43047001785715
111.52809255357143
111.63773346428572
111.77099401785713
111.92628012499999
112.09798187499999
112.29335219642856
112.51112267857143
112.74477982142857
113.00452833928571
113.28220314285713
113.57875194642855
113.90305000000001
114.24152580357142
114.60631466071428
114.99118417857142
115.3959277142857
115.82173278571429
116.27493874999999
116.7434945
117.23834778571428
117.75848073214287
118.30909805357142
118.88127562499999
119.46169416071426
120.03466005357143
120.60571949999998
121.17276126785714
121.73107910714285
122.28740482142858
122.84184960714285
123.3859968392857
123.93087921428571
124.46657812499998
125.0013309285714
125.53244907142857
126.05580244642857
126.57706301785711
127.09618473214285
127.60818473214285
128.11630499999998
128.62225394642854
129.12453576785714
129.624130625
130.11321557142858
130.60640955357144
131.0887338392857
131.570534125
132.0420070535714
123.97164228571428
123.69620499999999
123.41846771428571
123.13073128571429
122.833528
122.53145442857142
122.22086028571428
121.89992257142856
121.57265
121.23871514285715
120.89318828571427
120.53884628571427
120.17748114285715
119.80578257142858
119.42414914285713
119.03461300000001
118.63588714285714
118.23685928571427
117.84350571428571
117.46238257142856
117.09009485714284
116.72460528571429
116.36985000000001
116.02312571428573
115.68503628571429
115.35884642857141
115.0396617142857
114.73179571428571
114.43603914285715
114.14748499999999
113.87402342857143
113.61129971428572
113.35721028571427
113.12061471428572
112.8945217142857
112.6771322857143
112.480536
112.29441071428572
112.11984885714286
111.96585457142857
111.82555971428573
111.696763
111.58940085714286
111.49390199999999
111.42037228571428
111.35564285714285
111.32010685714285
111.29397585714285
111.291678
111.305212
111.34007399999999
111.3941707142857
111.463404
111.557966
111.67052657142857
111.80439471428572
111.96065114285713
112.13184999999999
112.33177285714285
112.54812942857144
112.78412228571429
113.04554328571429
113.32139799999999
113.62348971428572
113.94623999999999
114.28476885714286
114.653248
115.03690357142857
115.44191742857143
115.8734357142857
116.32305542857142
116.795859
117.29238285714285
117.81255842857144
118.36789714285712
118.9401484285714
119.5170697142857
120.093064
120.65952
121.22395142857143
121.78603885714284
122.34030085714285
122.89282285714285
123.43791857142858
123.98258142857142
124.518699
125.05329742857143
125.58358999999999
126.10944628571428
126.63347142857143
127.14966542857142
127.66369485714284
128.176148
128.68484457142856
129.18497057142858
129.68642385714284
130.18111685714285
130.67508742857143
131.15860714285716
131.645266
132.12122171428572
123.97164228571428
123.69620499999999
123.41846771428571
123.13073128571429
122.833528
122.53145442857142
122.22086028571428
121.89992257142856
121.57265
121.23871514285715
120.89318828571427
120.53884628571427
120.17748114285715
119.80578257142858
119.42414914285713
119.03461300000001
118.63588714285714
118.23685928571427
117.84350571428571
117.46238257142856
117.09009485714284
116.72460528571429
116.36985000000001
116.02312571428573
115.68503628571429
115.35884642857141
115.0396617142857
114.73179571428571
114.43603914285715
114.14748499999999
113.87402342857143
113.61129971428572
113.35721028571427
113.12061471428572
112.8945217142857
112.6771322857143
112.480536
112.29441071428572
112.11984885714286
111.96585457142857
111.82555971428573
111.696763
111.58940085714286
111.49390199999999
111.42037228571428
111.35564285714285
111.32010685714285
111.29397585714285
111.291678
111.305212
111.34007399999999
111.3941707142857
111.463404
111.557966
111.67052657142857
111.80439471428572
111.96065114285713
112.13184999999999
112.33177285714285
112.54812942857144
112.78412228571429
113.04554328571429
113.32139799999999
113.62348971428572
113.94623999999999
114.28476885714286
114.653248
115.03690357142857
115.44191742857143
115.8734357142857
116.32305542857142
116.795859
117.29238285714285
117.81255842857144
118.36789714285712
118.9401484285714
119.5170697142857
120.093064
120.65952
121.22395142857143
121.78603885714284
122.34030085714285
122.89282285714285
123.43791857142858
123.98258142857142
124.518699
125.05329742857143
125.58358999999999
126.10944628571428
126.63347142857143
127.14966542857142
127.66369485714284
128.176148
128.68484457142856
129.18497057142858
129.68642385714284
130.18111685714285
130.67508742857143
131.15860714285716
131.645266
132.12122171428572
123.93394458928572
123.66500687499999
123.38664221428573
123.10038092857144
122.80725860714284
122.50632232142857
122.19774471428572
121.8795819107143
121.554446625
121.22090976785714
120.87729310714286
120.52508839285713
120.16419616071428
119.79481612499998
119.41497464285713
119.02558674999999
118.62906417857141
118.23187160714286
117.8394184642857
117.45924671428571
117.0887942857143
116.72460528571428
116.37078962499999
116.0256693392857
115.68774733928572
115.36290701785714
115.04618544642858
114.73885901785715
114.44368869642857
114.157899125
113.88410526785715
113.62345098214286
113.37176917857143
113.13381608928573
112.90995994642857
112.69587728571429
112.497522625
112.31353191071429
112.14273805357143
111.98727705357143
111.84830073214286
111.722836875
111.61604301785712
111.51933012499998
111.44909207142857
111.38713755357142
111.35100512499999
111.32549935714285
111.32555780357144
111.34093328571429
111.37538275
111.4312647142857
111.50130448214286
111.59894339285714
111.70768094642858
111.84566924999999
112.00148848214285
112.17565925
112.37566792857143
112.59270939285713
112.83102841071428
113.09164364285714
113.36984774999999
113.67310689285713
113.996052125
114.33570257142857
114.70560375
115.09040199999998
115.49701937500001
115.92808319642857
116.380200625
116.854964375
117.35171330357142
117.87611453571428
118.43051407142855
119.00591673214285
119.5822453035714
120.153111
120.72274062499999
121.28611039285714
121.8439679642857
122.39827571428572
122.95273957142857
123.49562108928572
124.03807396428572
124.57720237500001
125.11080080357142
125.64264382142855
126.16786605357142
126.6922164285714
127.21231491071427
127.72895453571427
128.23928025
128.74833298214284
129.2542152142857
129.75734335714287
130.25182160714286
130.7471667142857
131.23684923214284
131.724118375
132.2015842142857
123.93394458928572
123.66500687499999
123.38664221428573
123.10038092857144
122.80725860714284
122.50632232142857
122.19774471428572
121.8795819107143
121.554446625
121.22090976785714
120.87729310714286
120.52508839285713
120.16419616071428
119.79481612499998
119.41497464285713
119.02558674999999
118.62906417857141
118.23187160714286
117.8394184642857
117.45924671428571
117.0887942857143
116.72460528571428
116.37078962499999
116.0256693392857
115.68774733928572
115.36290701785714
115.04618544642858
114.73885901785715
114.44368869642857
114.157899125
113.88410526785715
113.62345098214286
113.37176917857143
113.13381608928573
112.90995994642857
112.69587728571429
112.497522625
112.31353191071429
112.14273805357143
111.98727705357143
111.84830073214286
111.722836875
111.61604301785712
111.51933012499998
111.44909207142857
111.38713755357142
111.35100512499999
111.32549935714285
111.32555780357144
111.34093328571429
111.37538275
111.4312647142857
111.50130448214286
111.59894339285714
111.70768094642858
111.84566924999999
112.00148848214285
112.17565925
112.37566792857143
112.59270939285713
112.83102841071428
113.09164364285714
113.36984774999999
113.67310689285713
113.996052125
114.33570257142857
114.70560375
115.09040199999998
115.49701937500001
115.92808319642857
116.380200625
116.854964375
117.35171330357142
117.87611453571428
118.43051407142855
119.00591673214285
119.5822453035714
120.153111
120.72274062499999
121.28611039285714
121.8439679642857
122.39827571428572
122.95273957142857
123.49562108928572
124.03807396428572
124.57720237500001
125.11080080357142
125.64264382142855
126.16786605357142
126.6922164285714
127.21231491071427
127.72895453571427
128.23928025
128.74833298214284
129.2542152142857
129.75734335714287
130.25182160714286
130.7471667142857
131.23684923214284
131.724118375
132.2015842142857
123.90021317857143
123.63193974999999
123.35533346428572
123.07157825
122.78182235714286
122.48267132142857
122.17693114285714
121.86006
121.53602850000001
121.20581017857143
120.86303135714286
120.51181375
120.15399842857144
119.78618525
119.40638710714286
119.01995475000001
118.62397692857142
118.22756960714287
117.83783657142857
117.45877857142857
117.08879428571429
116.72671050000001
116.37433324999999
116.02981424999999
115.6937812857143
115.37053789285714
115.05401746428569
114.74879482142858
114.45613910714286
114.17061724999999
113.89872817857143
113.6388720357143
113.3884317857143
113.15312610714287
112.93008314285714
112.71622700000002
112.5207345
112.3381425
112.16661707142858
112.01460632142859
111.87739871428572
111.75021760714287
111.64711235714286
111.5529835
111.48317103571429
111.42087182142859
111.387428
111.36494910714285
111.36384532142858
111.38063128571429
111.41613450000001
111.47431846428572
111.54567925
111.64372864285716
111.75254682142858
111.89290617857144
112.04868499999999
112.224282
112.42659196428572
112.64245167857143
112.88389692857143
113.14568507142857
113.42420978571428
113.73006664285714
114.05165149999999
114.39596360714285
114.76551696428571
115.14966375
115.56007678571429
115.98988857142855
116.44424221428571
116.92000675
117.42037328571428
117.94193239285714
118.50391739285712
119.07738342857141
119.65314435714284
120.22368553571428
120.78890175
121.35128042857143
121.91288460714284
122.46414660714287
123.0144222142857
123.56067707142859
124.10333992857143
124.63984674999999
125.17504003571428
125.70777807142858
126.23298639285716
126.75920257142856
127.27835935714285
127.79508878571428
128.30956625
128.82109810714286
129.3262219642857
129.83013535714284
130.33054839285714
130.8285627142857
131.31748685714285
131.80828999999997
132.2921475714286
123.90021317857143
123.63193974999999
123.35533346428572
123.07157825
122.78182235714286
122.48267132142857
122.17693114285714
121.86006
121.53602850000001
121.20581017857143
120.86303135714286
120.51181375
120.15399842857144
119.78618525
119.40638710714286
119.01995475000001
118.62397692857142
118.22756960714287
117.83783657142857
117.45877857142857
117.08879428571429
116.72671050000001
116.37433324999999
116.02981424999999
115.6937812857143
115.37053789285714
115.05401746428569
114.74879482142858
114.45613910714286
114.17061724999999
113.89872817857143
113.6388720357143
113.3884317857143
113.15312610714287
112.93008314285714
112.71622700000002
112.5207345
112.3381425
112.16661707142858
112.01460632142859
111.87739871428572
111.75021760714287
111.64711235714286
111.5529835
111.48317103571429
111.42087182142859
111.387428
111.36494910714285
111.36384532142858
111.38063128571429
111.41613450000001
111.47431846428572
111.54567925
111.64372864285716
111.75254682142858
111.89290617857144
112.04868499999999
112.224282
112.42659196428572
112.64245167857143
112.88389692857143
113.14568507142857
113.42420978571428
113.73006664285714
114.05165149999999
114.39596360714285
114.76551696428571
115.14966375
115.56007678571429
115.98988857142855
116.44424221428571
116.92000675
117.42037328571428
117.94193239285714
118.50391739285712
119.07738342857141
119.65314435714284
120.22368553571428
120.78890175
121.35128042857143
121.91288460714284
122.46414660714287
123.0144222142857
123.56067707142859
124.10333992857143
124.63984674999999
125.17504003571428
125.70777807142858
126.23298639285716
126.75920257142856
127.27835935714285
127.79508878571428
128.30956625
128.82109810714286
129.3262219642857
129.83013535714284
130.33054839285714
130.8285627142857
131.31748685714285
131.80828999999997
132.2921475714286
123.86614605357144
123.59787262500001
123.32580207142857
123.04359837499999
122.75751271428572
122.46210971428572
122.15691101785714
121.84243746428572
121.52076675
121.19103375
120.85109592857144
120.50242449999999
120.14482392857144
119.77915167857142
119.40208510714285
119.015411125
118.62141571428572
118.22735485714287
117.83783657142858
117.46037260714286
117.09245346428571
116.73079775000001
116.3789995
116.03794578571427
115.70295578571428
115.37982651785715
115.06683610714285
114.76251294642856
114.47072153571428
114.18759512499999
113.91586783928572
113.65739917857144
113.40968016071429
113.17382157142858
112.95302475000001
112.742562625
112.54649962500001
112.36637107142856
112.19764051785714
112.04437780357142
111.90991424999999
111.78591383928573
111.68305198214286
111.58912825
111.52158373214286
111.46324975000002
111.429454875
111.40786185714285
111.40851092857143
111.42764478571429
111.46324862499999
111.52297621428573
111.5935026607143
111.69502910714286
111.80915867857144
111.94388882142857
112.10574526785715
112.28179999999999
112.48246214285714
112.70378244642856
112.94151698214287
113.20636189285715
113.487411625
113.79181871428572
114.11818650000001
114.46011135714285
114.83043646428573
115.21907451785714
115.62873819642857
116.060370125
116.51635767857141
116.99374537499999
117.49352024999999
118.02021528571427
118.57987028571428
119.15724573214285
119.73024542857141
120.29938082142857
120.86629199999999
121.42555798214285
121.98322166071429
122.53581110714286
123.08647794642856
123.62992996428574
124.17059251785713
124.71151849999998
125.2450467857143
125.77749625
126.30462766071429
126.8296259285714
127.35080083928571
127.86953853571427
128.38366025
128.89552098214284
129.40523173214285
129.9124285892857
130.41248801785716
130.91140307142857
131.40732037499998
131.8998605
132.3850469464286
123.86614605357144
123.59787262500001
123.32580207142857
123.04359837499999
122.75751271428572
122.46210971428572
122.15691101785714
121.84243746428572
121.52076675
121.19103375
120.85109592857144
120.50242449999999
120.14482392857144
119.77915167857142
119.40208510714285
119.015411125
118.62141571428572
118.22735485714287
117.83783657142858
117.46037260714286
117.09245346428571
116.73079775000001
116.3789995
116.03794578571427
115.70295578571428
115.37982651785715
115.06683610714285
114.76251294642856
114.47072153571428
114.18759512499999
113.91586783928572
113.65739917857144
113.40968016071429
113.17382157142858
112.95302475000001
112.742562625
112.54649962500001
112.36637107142856
112.19764051785714
112.04437780357142
111.90991424999999
111.78591383928573
111.68305198214286
111.58912825
111.52158373214286
111.46324975000002
111.429454875
111.40786185714285
111.40851092857143
111.42764478571429
111.46324862499999
111.52297621428573
111.5935026607143
111.69502910714286
111.80915867857144
111.94388882142857
112.10574526785715
112.28179999999999
112.48246214285714
112.70378244642856
112.94151698214287
113.20636189285715
113.487411625
113.79181871428572
114.11818650000001
114.46011135714285
114.83043646428573
115.21907451785714
115.62873819642857
116.060370125
116.51635767857141
116.99374537499999
117.49352024999999
118.02021528571427
118.57987028571428
119.15724573214285
119.73024542857141
120.29938082142857
120.86629199999999
121.42555798214285
121.98322166071429
122.53581110714286
123.08647794642856
123.62992996428574
124.17059251785713
124.71151849999998
125.2450467857143
125.77749625
126.30462766071429
126.8296259285714
127.35080083928571
127.86953853571427
128.38366025
128.89552098214284
129.40523173214285
129.9124285892857
130.41248801785716
130.91140307142857
131.40732037499998
131.8998605
132.3850469464286
123.83075035714288
123.566416
123.29748542857143
123.01742657142857
122.73476007142858
122.4408882142857
122.13864107142857
121.82717571428572
121.5059795
121.179517
120.84092142857145
120.49239871428571
120.13912957142857
119.77406442857145
119.39767207142856
119.0139475
118.62141571428573
118.22762892857145
117.84051642857143
117.46545985714286
117.09753928571429
116.73816471428573
116.38917400000001
116.04812028571428
115.71513735714286
115.39421250000001
115.08109785714286
114.77771050000001
114.48858807142857
114.206472
113.93708678571429
113.68109535714287
113.43357278571428
113.20052885714284
112.98086607142858
112.77054321428572
112.57775849999999
112.39869978571429
112.23003628571429
112.08119628571428
111.94773035714286
111.82326864285714
111.72355757142857
111.63222900000001
111.56502507142856
111.50749607142856
111.47604771428573
111.4583225
111.45938342857144
111.4795172857143
111.514195
111.57612699999999
111.65253628571429
111.75206178571428
111.86886907142856
112.00687678571428
112.16612114285714
112.346405
112.545798
112.7693185
113.00925392857144
113.27336864285715
113.55856257142857
113.86029549999999
114.18981450000001
114.53494535714286
114.90339785714286
115.29464628571428
115.70404764285715
116.13848735714286
116.5942075
117.073526
117.5754465
118.10175992857144
118.66835399999998
119.24152107142856
119.81524478571427
120.38152585714286
120.94668799999998
121.50562064285714
122.06360714285712
122.6124605
123.16037335714286
123.70730807142859
124.24797092857145
124.7856925
125.31988578571428
125.85320092857143
126.37940264285714
126.90633742857142
127.42865321428572
127.94671199999998
128.4639845
128.9779809285714
129.48829885714287
129.99536821428572
130.50063857142857
131.00384607142857
131.499562
131.99418999999997
132.48664392857143
123.83075035714288
123.566416
123.29748542857143
123.01742657142857
122.73476007142858
122.4408882142857
122.13864107142857
121.82717571428572
121.5059795
121.179517
120.84092142857145
120.49239871428571
120.13912957142857
119.77406442857145
119.39767207142856
119.0139475
118.62141571428573
118.22762892857145
117.84051642857143
117.46545985714286
117.09753928571429
116.73816471428573
116.38917400000001
116.04812028571428
115.71513735714286
115.39421250000001
115.08109785714286
114.77771050000001
114.48858807142857
114.206472
113.93708678571429
113.68109535714287
113.43357278571428
113.20052885714284
112.98086607142858
112.77054321428572
112.57775849999999
112.39869978571429
112.23003628571429
112.08119628571428
111.94773035714286
111.82326864285714
111.72355757142857
111.63222900000001
111.56502507142856
111.50749607142856
111.47604771428573
111.4583225
111.45938342857144
111.4795172857143
111.514195
111.57612699999999
111.65253628571429
111.75206178571428
111.86886907142856
112.00687678571428
112.16612114285714
112.346405
112.545798
112.7693185
113.00925392857144
113.27336864285715
113.55856257142857
113.86029549999999
114.18981450000001
114.53494535714286
114.90339785714286
115.29464628571428
115.70404764285715
116.13848735714286
116.5942075
117.073526
117.5754465
118.10175992857144
118.66835399999998
119.24152107142856
119.81524478571427
120.38152585714286
120.94668799999998
121.50562064285714
122.06360714285712
122.6124605
123.16037335714286
123.70730807142859
124.24797092857145
124.7856925
125.31988578571428
125.85320092857143
126.37940264285714
126.90633742857142
127.42865321428572
127.94671199999998
128.4639845
128.9779809285714
129.48829885714287
129.99536821428572
130.50063857142857
131.00384607142857
131.499562
131.99418999999997
132.48664392857143
123.79577078571427
123.53689250000002
123.2700010357143
122.99340644642857
122.71227401785714
122.42183641071429
122.12083569642857
121.81239880357143
121.4952795
121.1693425
120.83224775
120.48810960714285
120.13404232142858
119.77107785714284
119.39754457142855
119.01407500000002
118.62311625
118.23199025000001
117.84560367857142
117.47137935714285
117.10746021428571
116.74833921428572
116.39976462499999
116.06112703571429
115.72940617857144
115.40976287500001
115.099393
114.79866642857142
114.509345
114.23025524999998
113.96172982142858
113.70678491071428
113.46311464285716
113.22963623214285
113.01256175
112.80577075000001
112.61224175000001
112.43514985714285
112.27022428571428
112.12002814285714
111.98946739285714
111.86827267857144
111.76902523214285
111.67754825
111.61394789285714
111.56015189285714
111.52846948214287
111.511738625
111.51350430357144
111.53610487499999
111.572403125
111.63773526785712
111.71531435714284
111.8149812857143
111.93502566071429
112.07363649999999
112.23384791071427
112.41777562499999
112.61621657142857
112.84064560714286
113.08485130357143
113.34495939285713
113.6352335892857
113.93977071428571
114.265896
114.61762998214284
114.98373428571429
115.3774219642857
115.79040339285713
116.22168521428571
116.6813900892857
117.15937437499998
117.66209907142857
118.19576960714285
118.76072335714284
119.33537714285714
119.9057019285714
120.471876375
121.03623262499998
121.59039251785713
122.14641926785714
122.69750923214286
123.24508882142857
123.78739426785714
124.32778726785713
124.86771212499997
125.40037212499999
125.93289898214283
126.46167114285714
126.98773342857142
127.5107539642857
128.0309660892857
128.54973825
129.0632679642857
129.576704625
130.08755192857143
130.59362519642855
131.0969213035714
131.59900626785713
132.09819
132.5905968392857
123.79577078571427
123.53689250000002
123.2700010357143
122.99340644642857
122.71227401785714
122.42183641071429
122.12083569642857
121.81239880357143
121.4952795
121.1693425
120.83224775
120.48810960714285
120.13404232142858
119.77107785714284
119.39754457142855
119.01407500000002
118.62311625
118.23199025000001
117.84560367857142
117.47137935714285
117.10746021428571
116.74833921428572
116.39976462499999
116.06112703571429
115.72940617857144
115.40976287500001
115.099393
114.79866642857142
114.509345
114.23025524999998
113.96172982142858
113.70678491071428
113.46311464285716
113.22963623214285
113.01256175
112.80577075000001
112.61224175000001
112.43514985714285
112.27022428571428
112.12002814285714
111.98946739285714
111.86827267857144
111.76902523214285
111.67754825
111.61394789285714
111.56015189285714
111.52846948214287
111.511738625
111.51350430357144
111.53610487499999
111.572403125
111.63773526785712
111.71531435714284
111.8149812857143
111.93502566071429
112.07363649999999
112.23384791071427
112.41777562499999
112.61621657142857
112.84064560714286
113.08485130357143
113.34495939285713
113.6352335892857
113.93977071428571
114.265896
114.61762998214284
114.98373428571429
115.3774219642857
115.79040339285713
116.22168521428571
116.6813900892857
117.15937437499998
117.66209907142857
118.19576960714285
118.76072335714284
119.33537714285714
119.9057019285714
120.471876375
121.03623262499998
121.59039251785713
122.14641926785714
122.69750923214286
123.24508882142857
123.78739426785714
124.32778726785713
124.86771212499997
125.40037212499999
125.93289898214283
126.46167114285714
126.98773342857142
127.5107539642857
128.0309660892857
128.54973825
129.0632679642857
129.576704625
130.08755192857143
130.59362519642855
131.0969213035714
131.59900626785713
132.09819
132.5905968392857
123.76391157142857
123.507238
123.24456478571429
122.97051382142855
122.69327885714286
122.40403317857141
122.10606092857142
121.80064042857143
121.484707
121.16139832142858
120.8271605
120.48246632142857
120.13234485714285
119.77107785714287
119.39754457142857
119.01732949999999
118.62820350000001
118.23803724999999
117.85348014285714
117.48102200000001
117.1176347142857
116.76054289285716
116.41551050000001
116.0773485357143
115.74589682142859
115.43019585714285
115.12074199999999
114.82070960714286
114.5343457857143
114.2558905
113.98937960714287
113.737495
113.49423728571426
113.26332339285715
113.04766482142857
112.84234196428572
112.651306
112.47678057142858
112.31192228571427
112.16587310714287
112.03654525
111.91501767857145
111.81874103571428
111.73143950000001
111.66810735714284
111.61673782142857
111.58467196428573
111.57059360714285
111.57200767857142
111.60055407142858
111.638873
111.70381892857142
111.78633614285714
111.88282703571429
112.00675617857144
112.14877821428571
112.30917192857143
112.49152825
112.69757232142857
112.91775392857143
113.16570510714286
113.43063949999998
113.71564628571429
114.02618053571427
114.35235275
114.70253078571429
115.07542135714284
115.46424546428571
115.88192821428572
116.31717521428571
116.77063335714284
117.25483725
117.75692764285714
118.2929585
118.86205235714284
119.43516239285714
120.00315167857141
120.56542403571427
121.12941474999998
121.68440832142856
122.23816049999998
122.78500425
123.33159696428571
123.87625339285714
124.41451467857144
124.95094649999999
125.48662782142856
126.01979835714285
126.54672178571428
127.07280682142856
127.59919696428571
128.1188979285714
128.63849875
129.15556174999998
129.67081875
130.18012242857142
130.69072110714288
131.19917103571427
131.70233514285715
132.20116699999997
132.70167707142858
123.76391157142857
123.507238
123.24456478571429
122.97051382142855
122.69327885714286
122.40403317857141
122.10606092857142
121.80064042857143
121.484707
121.16139832142858
120.8271605
120.48246632142857
120.13234485714285
119.77107785714287
119.39754457142857
119.01732949999999
118.62820350000001
118.23803724999999
117.85348014285714
117.48102200000001
117.1176347142857
116.76054289285716
116.41551050000001
116.0773485357143
115.74589682142859
115.43019585714285
115.12074199999999
114.82070960714286
114.5343457857143
114.2558905
113.98937960714287
113.737495
113.49423728571426
113.26332339285715
113.04766482142857
112.84234196428572
112.651306
112.47678057142858
112.31192228571427
112.16587310714287
112.03654525
111.91501767857145
111.81874103571428
111.73143950000001
111.66810735714284
111.61673782142857
111.58467196428573
111.57059360714285
111.57200767857142
111.60055407142858
111.638873
111.70381892857142
111.78633614285714
111.88282703571429
112.00675617857144
112.14877821428571
112.30917192857143
112.49152825
112.69757232142857
112.91775392857143
113.16570510714286
113.43063949999998
113.71564628571429
114.02618053571427
114.35235275
114.70253078571429
115.07542135714284
115.46424546428571
115.88192821428572
116.31717521428571
116.77063335714284
117.25483725
117.75692764285714
118.2929585
118.86205235714284
119.43516239285714
120.00315167857141
120.56542403571427
121.12941474999998
121.68440832142856
122.23816049999998
122.78500425
123.33159696428571
123.87625339285714
124.41451467857144
124.95094649999999
125.48662782142856
126.01979835714285
126.54672178571428
127.07280682142856
127.59919696428571
128.1188979285714
128.63849875
129.15556174999998
129.67081875
130.18012242857142
130.69072110714288
131.19917103571427
131.70233514285715
132.20116699999997
132.70167707142858
123.73189183928571
123.48183162500001
123.21912853571429
122.95106014285713
122.67433642857142
122.38823883928572
122.09376712499999
121.78960335714285
121.47734525
121.15554139285715
120.82324519642857
120.48234557142857
120.13234485714287
119.77211808928571
119.40215475
119.02275175
118.63503407142856
118.24757307142858
117.86365464285714
117.4926361607143
117.131323625
116.77676439285713
116.43134362500001
116.09676194642859
115.76770894642858
115.45155160714287
115.14480226785713
114.84760898214287
114.5607820357143
114.286438875
114.02144673214286
113.77002525
113.530072625
113.29954362500001
113.08579
112.88450308928572
112.693575375
112.52112326785713
112.36073098214285
112.21333583928572
112.08722191071429
111.96945796428571
111.87516391071429
111.78939925
111.72687414285713
111.67825469642858
111.64654557142856
111.63819098214285
111.63976839285714
111.6686584107143
111.71359787499998
111.77490685714287
111.86056439285714
111.96150171428572
112.08252805357142
112.2285970892857
112.39079783928571
112.57535675
112.78148275000001
113.00658416071428
113.25173475
113.52039721428571
113.80745235714285
114.11777807142856
114.447977
114.79702896428572
115.17107910714286
115.5638764642857
115.97898682142855
116.41771403571428
116.87496174999998
117.355244375
117.861299125
118.40034316071427
118.96788460714285
119.54089096428572
120.10972860714284
120.67015294642857
121.228685125
121.78199448214285
122.33381967857142
122.882044625
123.42557219642856
123.96728026785713
124.50668001785714
125.04527487499999
125.577264875
126.10852330357142
126.63898001785714
127.16533707142855
127.68973396428571
128.21225939285713
128.73411625
129.25060716071425
129.76737214285714
130.2817021428571
130.79442585714284
131.30145966071427
131.8097924464286
132.31608649999998
132.81718044642855
123.73189183928571
123.48183162500001
123.21912853571429
122.95106014285713
122.67433642857142
122.38823883928572
122.09376712499999
121.78960335714285
121.47734525
121.15554139285715
120.82324519642857
120.48234557142857
120.13234485714287
119.77211808928571
119.40215475
119.02275175
118.63503407142856
118.24757307142858
117.86365464285714
117.4926361607143
117.131323625
116.77676439285713
116.43134362500001
116.09676194642859
115.76770894642858
115.45155160714287
115.14480226785713
114.84760898214287
114.5607820357143
114.286438875
114.02144673214286
113.77002525
113.530072625
113.29954362500001
113.08579
112.88450308928572
112.693575375
112.52112326785713
112.36073098214285
112.21333583928572
112.08722191071429
111.96945796428571
111.87516391071429
111.78939925
111.72687414285713
111.67825469642858
111.64654557142856
111.63819098214285
111.63976839285714
111.6686584107143
111.71359787499998
111.77490685714287
111.86056439285714
111.96150171428572
112.08252805357142
112.2285970892857
112.39079783928571
112.57535675
112.78148275000001
113.00658416071428
113.25173475
113.52039721428571
113.80745235714285
114.11777807142856
114.447977
114.79702896428572
115.17107910714286
115.5638764642857
115.97898682142855
116.41771403571428
116.87496174999998
117.355244375
117.861299125
118.40034316071427
118.96788460714285
119.54089096428572
120.10972860714284
120.67015294642857
121.228685125
121.78199448214285
122.33381967857142
122.882044625
123.42557219642856
123.96728026785713
124.50668001785714
125.04527487499999
125.577264875
126.10852330357142
126.63898001785714
127.16533707142855
127.68973396428571
128.21225939285713
128.73411625
129.25060716071425
129.76737214285714
130.2817021428571
130.79442585714284
131.30145966071427
131.8097924464286
132.31608649999998
132.81718044642855
123.70291871428573
123.456546
123.19718857142857
122.93258228571429
122.65808142857144
122.37552071428573
122.08221385714286
121.78245414285715
121.47086
121.150954
120.82174857142857
120.48339257142858
120.135127
119.77770871428572
119.40744028571427
119.030268
118.64520857142855
118.25779457142858
117.87585800000001
117.5074012857143
117.147129
116.79418957142857
116.452196
116.11825585714286
115.79083014285713
115.47765571428573
115.17258100000001
114.8751517142857
114.59289471428572
114.319506
114.05565771428572
113.80755057142858
113.56822700000001
113.3397072857143
113.12946985714285
112.92884014285714
112.74153899999999
112.57054614285714
112.41215385714285
112.26820728571428
112.14405814285713
112.02566514285715
111.93449500000001
111.85232700000002
111.78896814285714
111.74597957142856
111.71391371428571
111.70796285714286
111.71581085714287
111.74212414285714
111.790504
111.85454957142858
111.94099457142856
112.04308499999999
112.16801485714286
112.31425014285715
112.48067199999998
112.66391300000001
112.87162142857143
113.10049785714286
113.34483
113.61637642857143
113.9056102857143
114.21367114285712
114.54883699999999
114.89792028571428
115.27379457142857
115.67064285714285
116.08541714285712
116.52532842857143
116.98436614285713
117.46476299999999
117.9711307142857
118.51557242857143
119.08309285714284
119.65585071428569
120.21833414285712
120.77758257142857
121.33615
121.88745328571427
122.43471528571429
122.98224599999999
123.52486757142857
124.06734528571428
124.60285042857141
125.13943599999999
125.67386957142857
126.20499985714287
126.73318814285716
127.2608467142857
127.78810728571429
128.30905242857142
128.830915
129.35084057142856
129.87065257142856
130.38449200000002
130.89995228571428
131.41308257142856
131.92385328571427
132.42928799999999
132.9368714285714
123.70291871428573
123.456546
123.19718857142857
122.93258228571429
122.65808142857144
122.37552071428573
122.08221385714286
121.78245414285715
121.47086
121.150954
120.82174857142857
120.48339257142858
120.135127
119.77770871428572
119.40744028571427
119.030268
118.64520857142855
118.25779457142858
117.87585800000001
117.5074012857143
117.147129
116.79418957142857
116.452196
116.11825585714286
115.79083014285713
115.47765571428573
115.17258100000001
114.8751517142857
114.59289471428572
114.319506
114.05565771428572
113.80755057142858
113.56822700000001
113.3397072857143
113.12946985714285
112.92884014285714
112.74153899999999
112.57054614285714
112.41215385714285
112.26820728571428
112.14405814285713
112.02566514285715
111.93449500000001
111.85232700000002
111.78896814285714
111.74597957142856
111.71391371428571
111.70796285714286
111.71581085714287
111.74212414285714
111.790504
111.85454957142858
111.94099457142856
112.04308499999999
112.16801485714286
112.31425014285715
112.48067199999998
112.66391300000001
112.87162142857143
113.10049785714286
113.34483
113.61637642857143
113.9056102857143
114.21367114285712
114.54883699999999
114.89792028571428
115.27379457142857
115.67064285714285
116.08541714285712
116.52532842857143
116.98436614285713
117.46476299999999
117.9711307142857
118.51557242857143
119.08309285714284
119.65585071428569
120.21833414285712
120.77758257142857
121.33615
121.88745328571427
122.43471528571429
122.98224599999999
123.52486757142857
124.06734528571428
124.60285042857141
125.13943599999999
125.67386957142857
126.20499985714287
126.73318814285716
127.2608467142857
127.78810728571429
128.30905242857142
128.830915
129.35084057142856
129.87065257142856
130.38449200000002
130.89995228571428
131.41308257142856
131.92385328571427
132.42928799999999
132.9368714285714
123.67527455357144
123.43353875000001
123.17624185714288
122.91574744642857
122.64341030357143
122.36398812499999
122.07563817857142
121.77691369642858
121.467965375
121.14981871428571
120.822670625
120.48672867857141
120.14073153571428
119.78392344642856
119.41731221428572
119.040698125
118.65597369642857
118.27090646428573
117.89164523214285
117.52331242857143
117.166525
116.81553857142856
116.473749
116.14293101785715
115.81881001785715
115.50468258928572
115.20273503571428
114.90895326785714
114.62655246428572
114.355555375
114.09476508928573
113.84675376785715
113.61095496428572
113.38549253571429
113.17554141071429
112.97875964285714
112.79289849999999
112.62421080357143
112.46875123214286
112.32516703571429
112.20340991071427
112.09053101785713
111.99761819642856
111.92100487500001
111.85732069642857
111.817458125
111.79038446428572
111.7839184642857
111.79530085714286
111.82331008928571
111.87408125
111.93827030357143
112.02747782142856
112.13385592857144
112.25785164285715
112.40509660714285
112.57462346428571
112.762122625
112.96934432142857
113.19918557142856
113.448165625
113.71538875
114.01093882142857
114.32030764285713
114.655727625
115.01047455357141
115.383594125
115.78364003571428
116.20181194642856
116.63859651785714
117.10350714285714
117.58433124999999
118.09025610714285
118.64201924999999
119.20867639285713
119.77426696428572
120.3390190892857
120.89367908928571
121.44634474999998
121.99741978571429
122.54468035714284
123.08921430357142
123.62881196428572
124.16949185714287
124.70613905357143
125.241200625
125.77287266071428
126.30438248214286
126.8347152857143
127.36143119642855
127.88697151785713
128.41121148214285
128.93579425
129.45512919642857
129.97550796428573
130.49355035714285
131.01193126785716
131.52500207142856
132.03947205357144
132.55268099999998
133.0630526785714
123.67527455357144
123.43353875000001
123.17624185714288
122.91574744642857
122.64341030357143
122.36398812499999
122.07563817857142
121.77691369642858
121.467965375
121.14981871428571
120.822670625
120.48672867857141
120.14073153571428
119.78392344642856
119.41731221428572
119.040698125
118.65597369642857
118.27090646428573
117.89164523214285
117.52331242857143
117.166525
116.81553857142856
116.473749
116.14293101785715
115.81881001785715
115.50468258928572
115.20273503571428
114.90895326785714
114.62655246428572
114.355555375
114.09476508928573
113.84675376785715
113.61095496428572
113.38549253571429
113.17554141071429
112.97875964285714
112.79289849999999
112.62421080357143
112.46875123214286
112.32516703571429
112.20340991071427
112.09053101785713
111.99761819642856
111.92100487500001
111.85732069642857
111.817458125
111.79038446428572
111.7839184642857
111.79530085714286
111.82331008928571
111.87408125
111.93827030357143
112.02747782142856
112.13385592857144
112.25785164285715
112.40509660714285
112.57462346428571
112.762122625
112.96934432142857
113.19918557142856
113.448165625
113.71538875
114.01093882142857
114.32030764285713
114.655727625
115.01047455357141
115.383594125
115.78364003571428
116.20181194642856
116.63859651785714
117.10350714285714
117.58433124999999
118.09025610714285
118.64201924999999
119.20867639285713
119.77426696428572
120.3390190892857
120.89367908928571
121.44634474999998
121.99741978571429
122.54468035714284
123.08921430357142
123.62881196428572
124.16949185714287
124.70613905357143
125.241200625
125.77287266071428
126.30438248214286
126.8347152857143
127.36143119642855
127.88697151785713
128.41121148214285
128.93579425
129.45512919642857
129.97550796428573
130.49355035714285
131.01193126785716
131.52500207142856
132.03947205357144
132.55268099999998
133.0630526785714
123.65003314285714
123.41023675000001
123.15796592857141
122.90290046428572
122.63129528571429
122.35635725
122.06895210714285
121.77362003571429
121.466556
121.15108825
120.82668564285714
120.49281592857143
120.14769182142858
119.79382275
119.42862096428571
119.05335475000001
118.67169689285714
118.28690089285713
117.90858882142857
117.54466142857143
117.18800967857143
116.8388250357143
116.50050075
116.17091089285714
115.84732753571429
115.53726667857143
115.23654692857141
114.94342314285714
114.66496714285714
114.39584400000001
114.13512503571431
113.89212964285714
113.65747360714286
113.43354882142859
113.2278232857143
113.03090207142859
112.848376
112.68171417857144
112.52765735714286
112.38806535714288
112.2671347857143
112.15934314285715
112.06647953571428
111.99348675000002
111.93315603571428
111.89429242857143
111.87009707142857
111.86416435714287
111.87996535714285
111.90723385714287
111.96169875
112.03156567857144
112.11669778571428
112.22842903571429
112.35596025000001
112.50388789285715
112.67415028571428
112.86427850000001
113.071139
113.30499864285714
113.55705703571428
113.82731735714286
114.12103957142858
114.43562989285715
114.76935399999999
115.12620760714287
115.50412682142857
115.90111032142856
116.32496764285715
116.76494875
117.226141
117.71292025
118.22209367857144
118.77767814285716
119.3405227142857
119.90472028571428
120.46064410714285
121.01576242857143
121.566756
122.11294571428571
122.65586835714285
123.20059017857143
123.73891667857141
124.276577
124.81256192857141
125.34628849999999
125.87841275
126.40793960714285
126.93846392857142
127.46558460714283
127.99304703571428
128.51663435714283
129.04022849999998
129.56368314285714
130.08714414285714
130.6054677142857
131.1251940357143
131.64378610714286
132.1623777142857
132.675299
133.19029382142858
123.65003314285714
123.41023675000001
123.15796592857141
122.90290046428572
122.63129528571429
122.35635725
122.06895210714285
121.77362003571429
121.466556
121.15108825
120.82668564285714
120.49281592857143
120.14769182142858
119.79382275
119.42862096428571
119.05335475000001
118.67169689285714
118.28690089285713
117.90858882142857
117.54466142857143
117.18800967857143
116.8388250357143
116.50050075
116.17091089285714
115.84732753571429
115.53726667857143
115.23654692857141
114.94342314285714
114.66496714285714
114.39584400000001
114.13512503571431
113.89212964285714
113.65747360714286
113.43354882142859
113.2278232857143
113.03090207142859
112.848376
112.68171417857144
112.52765735714286
112.38806535714288
112.2671347857143
112.15934314285715
112.06647953571428
111.99348675000002
111.93315603571428
111.89429242857143
111.87009707142857
111.86416435714287
111.87996535714285
111.90723385714287
111.96169875
112.03156567857144
112.11669778571428
112.22842903571429
112.35596025000001
112.50388789285715
112.67415028571428
112.86427850000001
113.071139
113.30499864285714
113.55705703571428
113.82731735714286
114.12103957142858
114.43562989285715
114.76935399999999
115.12620760714287
115.50412682142857
115.90111032142856
116.32496764285715
116.76494875
117.226141
117.71292025
118.22209367857144
118.77767814285716
119.3405227142857
119.90472028571428
120.46064410714285
121.01576242857143
121.566756
122.11294571428571
122.65586835714285
123.20059017857143
123.73891667857141
124.276577
124.81256192857141
125.34628849999999
125.87841275
126.40793960714285
126.93846392857142
127.46558460714283
127.99304703571428
128.51663435714283
129.04022849999998
129.56368314285714
130.08714414285714
130.6054677142857
131.1251940357143
131.64378610714286
132.1623777142857
132.675299
133.19029382142858
123.62834198214286
123.39024675000002
123.14338205357143
122.89034480357142
122.62226751785714
122.35040639285714
122.06703200000001
121.7722138392857
121.46811575000001
121.15530974999999
120.83344146428571
120.50113866071428
120.15846721428571
119.80454094642857
119.44329826785713
119.07048224999998
118.68863398214287
118.30578571428572
117.93041630357142
117.56615644642856
117.21325805357142
116.86633962500001
116.528480625
116.20144908928572
115.8813946607143
115.57101167857142
115.27271457142857
114.98359
114.70498726785715
114.43869875000001
114.1817760357143
113.93791489285715
113.70728207142858
113.48689908928571
113.28084108928573
113.08921757142858
112.90827912499999
112.74264058928571
112.59299275
112.45419960714285
112.33596980357143
112.23124251785714
112.14065625
112.07080512499999
112.01344289285713
111.97468842857143
111.95590244642855
111.95032619642856
111.96812648214285
112.00188237500001
112.053081375
112.1275688392857
112.21536626785714
112.32718658928572
112.45924887500001
112.6084550357143
112.7809289107143
112.972788625
113.18520380357143
113.41350876785715
113.67114441071428
113.94473426785714
114.23751310714286
114.55585814285713
114.890455875
115.24911444642856
115.63112019642858
116.03047167857142
116.45382676785714
116.89925269642856
117.36211242857142
117.849088125
118.37311392857141
118.92133016071429
119.48086417857141
120.03900882142857
120.59385994642855
121.14237178571429
121.68791799999998
122.2350397142857
122.77523371428569
123.31440410714285
123.85237980357141
124.39009492857143
124.92329608928571
125.4548115
125.9875903392857
126.51704705357143
127.04665192857144
127.57348446428568
128.1000764642857
128.62636494642857
129.151890375
129.67560264285714
130.1993149107143
130.72141869642857
131.2447444107143
131.76506798214285
132.28626485714284
132.80578237499998
133.32476378571428
123.62834198214286
123.39024675000002
123.14338205357143
122.89034480357142
122.62226751785714
122.35040639285714
122.06703200000001
121.7722138392857
121.46811575000001
121.15530974999999
120.83344146428571
120.50113866071428
120.15846721428571
119.80454094642857
119.44329826785713
119.07048224999998
118.68863398214287
118.30578571428572
117.93041630357142
117.56615644642856
117.21325805357142
116.86633962500001
116.528480625
116.20144908928572
115.8813946607143
115.57101167857142
115.27271457142857
114.98359
114.70498726785715
114.43869875000001
114.1817760357143
113.93791489285715
113.70728207142858
113.48689908928571
113.28084108928573
113.08921757142858
112.90827912499999
112.74264058928571
112.59299275
112.45419960714285
112.33596980357143
112.23124251785714
112.14065625
112.07080512499999
112.01344289285713
111.97468842857143
111.95590244642855
111.95032619642856
111.96812648214285
112.00188237500001
112.053081375
112.1275688392857
112.21536626785714
112.32718658928572
112.45924887500001
112.6084550357143
112.7809289107143
112.972788625
113.18520380357143
113.41350876785715
113.67114441071428
113.94473426785714
114.23751310714286
114.55585814285713
114.890455875
115.24911444642856
115.63112019642858
116.03047167857142
116.45382676785714
116.89925269642856
117.36211242857142
117.849088125
118.37311392857141
118.92133016071429
119.48086417857141
120.03900882142857
120.59385994642855
121.14237178571429
121.68791799999998
122.2350397142857
122.77523371428569
123.31440410714285
123.85237980357141
124.39009492857143
124.92329608928571
125.4548115
125.9875903392857
126.51704705357143
127.04665192857144
127.57348446428568
128.1000764642857
128.62636494642857
129.151890375
129.67560264285714
130.1993149107143
130.72141869642857
131.2447444107143
131.76506798214285
132.28626485714284
132.80578237499998
133.32476378571428
123.60756378571429
123.373723
123.13066392857141
122.88142800000001
122.61585814285714
122.34954064285714
122.06656742857143
121.77447214285714
121.47299899999999
121.1626185
120.84230885714288
120.51244271428573
120.17012807142858
119.8209705
119.46030192857143
119.08852200000001
118.70961892857142
118.32713471428572
117.95275192857143
117.59242835714285
117.24023935714285
116.894984
116.56026100000001
116.23491492857144
115.91603935714286
115.60940114285714
115.31321142857144
115.02402242857143
114.74956307142858
114.485285
114.22889435714285
113.99001071428572
113.76037607142857
113.5416265
113.33992171428571
113.14926457142859
112.97151499999998
112.80945271428573
112.66117057142857
112.5263537142857
112.40895642857144
112.30687257142857
112.21934285714285
112.151146
112.09972642857142
112.06074964285715
112.04541821428572
112.0429965
112.06188442857143
112.09888249999999
112.1516385
112.22961335714285
112.31867514285713
112.43373957142857
112.568202
112.72128535714286
112.89210221428573
113.087806
113.30237621428572
113.53541192857142
113.79091628571429
114.06786149999999
114.36222507142857
114.67981850000001
115.02129199999999
115.37785885714285
115.76322292857144
116.16789328571429
116.59092278571428
117.0391087142857
117.50721992857143
117.99705749999998
118.52822064285715
119.075362
119.62939442857142
120.17936835714285
120.72967207142855
121.27686178571429
121.81825549999999
122.35764614285713
122.89832628571429
123.43707535714285
123.97137714285714
124.50490042857143
125.038849
125.56995249999999
126.09963071428571
126.62886592857143
127.15879292857143
127.68577935714283
128.21279471428568
128.73882807142857
129.265177
129.79089642857141
130.31735528571429
130.84174542857141
131.3651807857143
131.8896332142857
132.41442564285714
132.9362825
133.45968964285714
123.60756378571429
123.373723
123.13066392857141
122.88142800000001
122.61585814285714
122.34954064285714
122.06656742857143
121.77447214285714
121.47299899999999
121.1626185
120.84230885714288
120.51244271428573
120.17012807142858
119.8209705
119.46030192857143
119.08852200000001
118.70961892857142
118.32713471428572
117.95275192857143
117.59242835714285
117.24023935714285
116.894984
116.56026100000001
116.23491492857144
115.91603935714286
115.60940114285714
115.31321142857144
115.02402242857143
114.74956307142858
114.485285
114.22889435714285
113.99001071428572
113.76037607142857
113.5416265
113.33992171428571
113.14926457142859
112.97151499999998
112.80945271428573
112.66117057142857
112.5263537142857
112.40895642857144
112.30687257142857
112.21934285714285
112.151146
112.09972642857142
112.06074964285715
112.04541821428572
112.0429965
112.06188442857143
112.09888249999999
112.1516385
112.22961335714285
112.31867514285713
112.43373957142857
112.568202
112.72128535714286
112.89210221428573
113.087806
113.30237621428572
113.53541192857142
113.79091628571429
114.06786149999999
114.36222507142857
114.67981850000001
115.02129199999999
115.37785885714285
115.76322292857144
116.16789328571429
116.59092278571428
117.0391087142857
117.50721992857143
117.99705749999998
118.52822064285715
119.075362
119.62939442857142
120.17936835714285
120.72967207142855
121.27686178571429
121.81825549999999
122.35764614285713
122.89832628571429
123.43707535714285
123.97137714285714
124.50490042857143
125.038849
125.56995249999999
126.09963071428571
126.62886592857143
127.15879292857143
127.68577935714283
128.21279471428568
128.73882807142857
129.265177
129.79089642857141
130.31735528571429
130.84174542857141
131.3651807857143
131.8896332142857
132.41442564285714
132.9362825
133.45968964285714
123.592624375
123.359226375
123.12364346428572
122.87284817857143
122.61377000000002
122.34799701785715
122.06909767857144
121.77955939285714
121.480453375
121.1729149107143
120.85482049999999
120.52534932142856
120.18711158928573
119.838775875
119.48024098214286
119.11097112500002
118.73164326785714
118.35158223214286
117.97966666071429
117.61964310714288
117.2707509107143
116.92859475
116.594106625
116.27071487500001
115.95595885714287
115.64943128571429
115.35487569642858
115.06975023214287
114.79585910714286
114.53496762500001
114.28240989285715
114.04264833928573
113.81772330357144
113.60189500000001
113.40043614285716
113.21384325000001
113.03871725
112.87838635714286
112.73415719642857
112.60179632142857
112.48689483928572
112.38903369642858
112.30394000000001
112.237104375
112.18873992857144
112.15254307142857
112.13960732142857
112.14077098214284
112.16100585714287
112.20300282142857
112.2556655
112.33720039285714
112.43152807142857
112.5457279642857
112.6816203392857
112.83837671428572
113.01243453571429
113.20863300000002
113.42542310714288
113.66044826785713
113.91706935714286
114.19702937500001
114.49568133928571
114.81190603571427
115.15515874999998
115.51974057142857
115.90069326785715
116.31041269642857
116.73759151785714
117.18450923214287
117.66015833928572
118.15848725
118.69124541071429
119.23483187499998
119.78239317857143
120.32865035714283
120.87071353571429
121.41227519642857
121.953067625
122.49172691071429
123.025251625
123.56047971428572
124.09523626785713
124.62656269642858
125.15612257142858
125.68684575
126.21740258928571
126.74509417857143
127.27328603571429
127.80124248214284
128.32813289285716
128.85482144642856
129.38274487500001
129.9096683035714
130.43559173214285
130.96304326785713
131.4909688392857
132.01865739285714
132.54517853571429
133.072095
133.6002533035714
123.592624375
123.359226375
123.12364346428572
122.87284817857143
122.61377000000002
122.34799701785715
122.06909767857144
121.77955939285714
121.480453375
121.1729149107143
120.85482049999999
120.52534932142856
120.18711158928573
119.838775875
119.48024098214286
119.11097112500002
118.73164326785714
118.35158223214286
117.97966666071429
117.61964310714288
117.2707509107143
116.92859475
116.594106625
116.27071487500001
115.95595885714287
115.64943128571429
115.35487569642858
115.06975023214287
114.79585910714286
114.53496762500001
114.28240989285715
114.04264833928573
113.81772330357144
113.60189500000001
113.40043614285716
113.21384325000001
113.03871725
112.87838635714286
112.73415719642857
112.60179632142857
112.48689483928572
112.38903369642858
112.30394000000001
112.237104375
112.18873992857144
112.15254307142857
112.13960732142857
112.14077098214284
112.16100585714287
112.20300282142857
112.2556655
112.33720039285714
112.43152807142857
112.5457279642857
112.6816203392857
112.83837671428572
113.01243453571429
113.20863300000002
113.42542310714288
113.66044826785713
113.91706935714286
114.19702937500001
114.49568133928571
114.81190603571427
115.15515874999998
115.51974057142857
115.90069326785715
116.31041269642857
116.73759151785714
117.18450923214287
117.66015833928572
118.15848725
118.69124541071429
119.23483187499998
119.78239317857143
120.32865035714283
120.87071353571429
121.41227519642857
121.953067625
122.49172691071429
123.025251625
123.56047971428572
124.09523626785713
124.62656269642858
125.15612257142858
125.68684575
126.21740258928571
126.74509417857143
127.27328603571429
127.80124248214284
128.32813289285716
128.85482144642856
129.38274487500001
129.9096683035714
130.43559173214285
130.96304326785713
131.4909688392857
132.01865739285714
132.54517853571429
133.072095
133.6002533035714
123.57753089285714
123.35086375
123.1188649642857
122.87124957142856
122.61560989285715
122.3510794642857
122.07449367857143
121.78733285714286
121.4920105
121.18618900000001
120.86925839285715
120.54291982142857
120.20522571428572
119.85973560714285
119.50333189285715
119.1348375
118.75888996428571
118.3794692857143
118.00795528571427
117.65194189285714
117.30412821428571
116.9633577142857
116.631304
116.31086925
115.99610017857145
115.6930825
115.40162721428571
115.11712228571427
114.8467972857143
114.58758275
114.33698714285714
114.10172585714285
113.8779362857143
113.66380239285715
113.46687682142857
113.28228696428572
113.1096205
112.95298389285713
112.81115732142857
112.68247392857143
112.5698344642857
112.47379125
112.39234717857141
112.32797400000001
112.28103696428572
112.24968214285715
112.23857382142857
112.24576850000001
112.26322803571428
112.31030178571427
112.36989374999999
112.44773435714285
112.54744039285714
112.66432132142856
112.80236667857142
112.96108892857143
113.1386157857143
113.3340455
113.55548814285714
113.79323092857142
114.05128678571428
114.32994821428572
114.6331109642857
114.95371703571428
115.298367
115.6644944642857
116.05051260714285
116.4591032142857
116.89139335714285
117.34339171428572
117.8173194642857
118.32998899999998
118.85862207142856
119.39878410714286
119.93940667857142
120.47893928571426
121.01755253571427
121.55632874999998
122.08925074999999
122.62553903571428
123.15906232142856
123.69021314285715
124.21980014285714
124.75020032142857
125.28070235714287
125.80744874999999
126.33526171428572
126.86440967857142
127.39160153571429
127.91863185714284
128.44644839285712
128.97437182142855
129.50229525
130.02983617857143
130.5592241785714
131.08868089285716
131.61660646428572
132.14789374999998
132.67988375
133.211434
133.74077017857144
123.57753089285714
123.35086375
123.1188649642857
122.87124957142856
122.61560989285715
122.3510794642857
122.07449367857143
121.78733285714286
121.4920105
121.18618900000001
120.86925839285715
120.54291982142857
120.20522571428572
119.85973560714285
119.50333189285715
119.1348375
118.75888996428571
118.3794692857143
118.00795528571427
117.65194189285714
117.30412821428571
116.9633577142857
116.631304
116.31086925
115.99610017857145
115.6930825
115.40162721428571
115.11712228571427
114.8467972857143
114.58758275
114.33698714285714
114.10172585714285
113.8779362857143
113.66380239285715
113.46687682142857
113.28228696428572
113.1096205
112.95298389285713
112.81115732142857
112.68247392857143
112.5698344642857
112.47379125
112.39234717857141
112.32797400000001
112.28103696428572
112.24968214285715
112.23857382142857
112.24576850000001
112.26322803571428
112.31030178571427
112.36989374999999
112.44773435714285
112.54744039285714
112.66432132142856
112.80236667857142
112.96108892857143
113.1386157857143
113.3340455
113.55548814285714
113.79323092857142
114.05128678571428
114.32994821428572
114.6331109642857
114.95371703571428
115.298367
115.6644944642857
116.05051260714285
116.4591032142857
116.89139335714285
117.34339171428572
117.8173194642857
118.32998899999998
118.85862207142856
119.39878410714286
119.93940667857142
120.47893928571426
121.01755253571427
121.55632874999998
122.08925074999999
122.62553903571428
123.15906232142856
123.69021314285715
124.21980014285714
124.75020032142857
125.28070235714287
125.80744874999999
126.33526171428572
126.86440967857142
127.39160153571429
127.91863185714284
128.44644839285712
128.97437182142855
129.50229525
130.02983617857143
130.5592241785714
131.08868089285716
131.61660646428572
132.14789374999998
132.67988375
133.211434
133.74077017857144
123.56861905357144
123.34508525000001
123.11663523214287
122.871166375
122.61979598214286
122.35548189285713
122.08290016071429
121.80021210714284
121.50562387499998
121.20132648214283
120.88739519642857
120.56177942857141
120.22774975
119.88348060714287
119.52868032142857
119.1636485
118.7878698392857
118.41050067857142
118.0413311607143
117.68554087500002
117.33959276785714
117.00259042857144
116.671002
116.35207857142858
116.04132875
115.73905226785713
115.44966712499999
115.16931601785716
114.89952216071428
114.64295899999999
114.39685033928572
114.16192048214288
113.94194126785713
113.73228269642857
113.53502212500001
113.35552196428573
113.18546324999998
113.03044071428572
112.89289866071428
112.76710480357144
112.65614598214286
112.56487092857142
112.48546130357141
112.423635625
112.381891
112.35294594642858
112.34033232142856
112.35260075
112.37755801785714
112.42175773214285
112.48620924999999
112.56719333928571
112.66877657142857
112.78941117857143
112.92600675
113.08964135714285
113.27035416071429
113.46933325
113.68914158928573
113.93138624999999
114.19101442857144
114.47203041071427
114.77622155357142
115.10148874999999
115.44671249999999
115.81403892857142
116.20652610714286
116.61387942857142
117.05020371428571
117.50802089285713
117.98821580357142
118.50295549999998
119.030593875
119.56787912500002
120.10111085714283
120.63659724999998
121.16958724999998
121.70131537500001
122.23430537499999
122.76436480357142
123.29302207142857
123.82348164285713
124.3518732142857
124.87834583928573
125.40616294642857
125.93308637499999
126.45981151785713
126.98505403571427
127.51285666071428
128.04092771428571
128.56785114285714
129.09562694642855
129.624948375
130.1544050892857
130.68386180357143
131.215021125
131.74839464285714
132.28270587499998
132.814695875
133.349505
133.89025917857143
123.56861905357144
123.34508525000001
123.11663523214287
122.871166375
122.61979598214286
122.35548189285713
122.08290016071429
121.80021210714284
121.50562387499998
121.20132648214283
120.88739519642857
120.56177942857141
120.22774975
119.88348060714287
119.52868032142857
119.1636485
118.7878698392857
118.41050067857142
118.0413311607143
117.68554087500002
117.33959276785714
117.00259042857144
116.671002
116.35207857142858
116.04132875
115.73905226785713
115.44966712499999
115.16931601785716
114.89952216071428
114.64295899999999
114.39685033928572
114.16192048214288
113.94194126785713
113.73228269642857
113.53502212500001
113.35552196428573
113.18546324999998
113.03044071428572
112.89289866071428
112.76710480357144
112.65614598214286
112.56487092857142
112.48546130357141
112.423635625
112.381891
112.35294594642858
112.34033232142856
112.35260075
112.37755801785714
112.42175773214285
112.48620924999999
112.56719333928571
112.66877657142857
112.78941117857143
112.92600675
113.08964135714285
113.27035416071429
113.46933325
113.68914158928573
113.93138624999999
114.19101442857144
114.47203041071427
114.77622155357142
115.10148874999999
115.44671249999999
115.81403892857142
116.20652610714286
116.61387942857142
117.05020371428571
117.50802089285713
117.98821580357142
118.50295549999998
119.030593875
119.56787912500002
120.10111085714283
120.63659724999998
121.16958724999998
121.70131537500001
122.23430537499999
122.76436480357142
123.29302207142857
123.82348164285713
124.3518732142857
124.87834583928573
125.40616294642857
125.93308637499999
126.45981151785713
126.98505403571427
127.51285666071428
128.04092771428571
128.56785114285714
129.09562694642855
129.624948375
130.1544050892857
130.68386180357143
131.215021125
131.74839464285714
132.28270587499998
132.814695875
133.349505
133.89025917857143
123.56207542857142
123.344055
123.11938571428571
122.87737314285715
122.62982285714286
122.36615528571429
122.09647885714287
121.81454257142858
121.52273400000001
121.22026714285714
120.90672571428571
120.5847262857143
120.25179
119.9095812857143
119.55790857142858
119.193172
118.8217742857143
118.44611142857144
118.07672914285715
117.72326414285715
117.38014314285714
117.04268442857143
116.71456
116.39796728571429
116.08824857142858
115.78850885714284
115.50278800000001
115.22312814285715
114.95626571428572
114.70300600000002
114.45741542857142
114.226347
114.00862400000001
113.80155500000001
113.60942685714286
113.43083142857141
113.26502799999999
113.11236728571427
112.97742571428572
112.85650014285716
112.748236
112.65863428571429
112.58423085714287
112.524767
112.48442800000001
112.46008971428571
112.45095657142858
112.46461685714286
112.49348028571427
112.54047957142856
112.60940400000001
112.68959814285714
112.79505857142857
112.91978042857143
113.06177199999999
113.22230585714286
113.40675857142858
113.608748
113.83013542857142
114.07313042857143
114.33924942857143
114.62189071428571
114.92629257142858
115.25440885714286
115.60412
115.972635
116.36595771428571
116.78219999999999
117.21617942857142
117.67816242857143
118.16698628571427
118.67850599999998
119.207896
119.73643242857142
120.267896
120.79548999999999
121.32676142857142
121.85408857142858
122.38061599999999
122.90695542857141
123.43487885714285
123.95887442857142
124.4851417142857
125.01106514285715
125.53585685714287
126.06078999999998
126.58604342857143
127.11196685714285
127.63749428571427
128.16341771428569
128.69167257142857
129.22012928571428
129.749982
130.279766
130.812756
131.345746
131.87926714285715
132.41564685714286
132.95689142857142
133.493475
134.03639342857142
123.56207542857142
123.344055
123.11938571428571
122.87737314285715
122.62982285714286
122.36615528571429
122.09647885714287
121.81454257142858
121.52273400000001
121.22026714285714
120.90672571428571
120.5847262857143
120.25179
119.9095812857143
119.55790857142858
119.193172
118.8217742857143
118.44611142857144
118.07672914285715
117.72326414285715
117.38014314285714
117.04268442857143
116.71456
116.39796728571429
116.08824857142858
115.78850885714284
115.50278800000001
115.22312814285715
114.95626571428572
114.70300600000002
114.45741542857142
114.226347
114.00862400000001
113.80155500000001
113.60942685714286
113.43083142857141
113.26502799999999
113.11236728571427
112.97742571428572
112.85650014285716
112.748236
112.65863428571429
112.58423085714287
112.524767
112.48442800000001
112.46008971428571
112.45095657142858
112.46461685714286
112.49348028571427
112.54047957142856
112.60940400000001
112.68959814285714
112.79505857142857
112.91978042857143
113.06177199999999
113.22230585714286
113.40675857142858
113.608748
113.83013542857142
114.07313042857143
114.33924942857143
114.62189071428571
114.92629257142858
115.25440885714286
115.60412
115.972635
116.36595771428571
116.78219999999999
117.21617942857142
117.67816242857143
118.16698628571427
118.67850599999998
119.207896
119.73643242857142
120.267896
120.79548999999999
121.32676142857142
121.85408857142858
122.38061599999999
122.90695542857141
123.43487885714285
123.95887442857142
124.4851417142857
125.01106514285715
125.53585685714287
126.06078999999998
126.58604342857143
127.11196685714285
127.63749428571427
128.16341771428569
128.69167257142857
129.22012928571428
129.749982
130.279766
130.812756
131.345746
131.87926714285715
132.41564685714286
132.95689142857142
133.493475
134.03639342857142
123.56562601785714
123.352215875
123.12649241071429
122.88788732142856
122.64028317857144
122.37947741071427
122.11227603571427
121.83361485714285
121.54208299999999
121.24108705357142
120.93122233928571
120.60955853571429
120.27923664285714
119.93956116071429
119.58843207142858
119.22890975
118.85838503571426
118.483003
118.11621914285715
117.76396214285714
117.42084114285714
117.08693510714286
116.76034525
116.44483435714287
116.13898726785715
115.84159283928574
115.55560641071429
115.28117042857141
115.01630451785715
114.76399262499999
114.52334453571429
114.29348125000001
114.07937883928571
113.87625426785715
113.68506646428573
113.51102014285715
113.348028
113.19732764285713
113.06719735714285
112.94807064285715
112.84362680357142
112.75897085714286
112.68691548214287
112.62933849999999
112.59400016071427
112.57267564285713
112.56529551785714
112.58330314285715
112.61497028571428
112.66283023214285
112.736920875
112.82213155357141
112.926062125
113.0543324642857
113.199067375
113.36414825000001
113.54787625
113.75574287500001
113.97952910714287
114.22365582142857
114.49053960714286
114.77832775
115.08466228571427
115.41338194642856
115.766247625
116.13796562499998
116.53304555357143
116.952018875
117.39195994642859
117.85322339285713
118.3496779642857
118.86452625
119.3879684285714
119.91174703571428
120.4363786785714
120.96176882142856
121.48448848214284
122.00731007142855
122.53236949999997
123.05422635714285
123.57632328571428
124.09971342857142
124.62209880357143
125.14373521428571
125.66899364285712
126.19185049999999
126.71470735714286
127.23841653571428
127.7640715357143
128.2909949642857
128.81791839285714
129.34570653571427
129.87656125
130.40849087499998
130.941480875
131.47546873214284
132.01434203571426
132.5525274642857
133.0971879464286
133.637592625
134.18138005357142
123.56562601785714
123.352215875
123.12649241071429
122.88788732142856
122.64028317857144
122.37947741071427
122.11227603571427
121.83361485714285
121.54208299999999
121.24108705357142
120.93122233928571
120.60955853571429
120.27923664285714
119.93956116071429
119.58843207142858
119.22890975
118.85838503571426
118.483003
118.11621914285715
117.76396214285714
117.42084114285714
117.08693510714286
116.76034525
116.44483435714287
116.13898726785715
115.84159283928574
115.55560641071429
115.28117042857141
115.01630451785715
114.76399262499999
114.52334453571429
114.29348125000001
114.07937883928571
113.87625426785715
113.68506646428573
113.51102014285715
113.348028
113.19732764285713
113.06719735714285
112.94807064285715
112.84362680357142
112.75897085714286
112.68691548214287
112.62933849999999
112.59400016071427
112.57267564285713
112.56529551785714
112.58330314285715
112.61497028571428
112.66283023214285
112.736920875
112.82213155357141
112.926062125
113.0543324642857
113.199067375
113.36414825000001
113.54787625
113.75574287500001
113.97952910714287
114.22365582142857
114.49053960714286
114.77832775
115.08466228571427
115.41338194642856
115.766247625
116.13796562499998
116.53304555357143
116.952018875
117.39195994642859
117.85322339285713
118.3496779642857
118.86452625
119.3879684285714
119.91174703571428
120.4363786785714
120.96176882142856
121.48448848214284
122.00731007142855
122.53236949999997
123.05422635714285
123.57632328571428
124.09971342857142
124.62209880357143
125.14373521428571
125.66899364285712
126.19185049999999
126.71470735714286
127.23841653571428
127.7640715357143
128.2909949642857
128.81791839285714
129.34570653571427
129.87656125
130.40849087499998
130.941480875
131.47546873214284
132.01434203571426
132.5525274642857
133.0971879464286
133.637592625
134.18138005357142
123.5708477857143
123.3589705
123.13880825
122.90447253571429
122.65902817857143
122.40064528571429
122.13250428571429
121.85496385714285
121.56508575
121.26746292857143
120.95708146428572
120.638365
120.30976014285716
119.97152764285715
119.62452549999999
119.26533875000001
118.89731382142858
118.52578267857143
118.15840039285715
117.80709478571428
117.46750850000001
117.13372035714286
116.80864825
116.49679139285715
116.19140339285715
115.89631117857144
115.61478789285715
115.34021742857142
115.07852535714287
114.8298675
114.59062775000001
114.36480039285715
114.1536272142857
113.9529200357143
113.76627657142858
113.59341685714287
113.43494175
113.28796542857143
113.15973435714287
113.04535860714286
112.94416246428571
112.86080039285714
112.79412128571428
112.73977475
112.70614282142857
112.69004560714286
112.687196
112.70579728571428
112.74138089285714
112.79424703571428
112.866129
112.95742692857141
113.06487382142858
113.19377132142856
113.34415021428572
113.51134492857142
113.69708803571429
113.90531725
114.13450910714286
114.38108342857143
114.64857578571429
114.93988382142857
115.25002135714287
115.57991200000001
115.933567
116.31023639285715
116.70816921428572
117.12628664285714
117.57304057142856
118.04003382142857
118.53905517857143
119.0517545
119.57166353571428
120.09101846428571
120.60979435714283
121.12813132142855
121.64785760714284
122.16726571428572
122.68467424999999
123.20436060714286
123.72421889285712
124.24304410714286
124.76293303571427
125.28285503571428
125.80284360714286
126.324784
126.84697585714284
127.36956428571429
127.89268957142855
128.4191762142857
128.94609964285712
129.47437103571428
130.00522575
130.53721575
131.07261814285715
131.6091579642857
132.15022892857144
132.68994764285713
133.2352017857143
133.78371749999997
134.33414499999998
123.5708477857143
123.3589705
123.13880825
122.90447253571429
122.65902817857143
122.40064528571429
122.13250428571429
121.85496385714285
121.56508575
121.26746292857143
120.95708146428572
120.638365
120.30976014285716
119.97152764285715
119.62452549999999
119.26533875000001
118.89731382142858
118.52578267857143
118.15840039285715
117.80709478571428
117.46750850000001
117.13372035714286
116.80864825
116.49679139285715
116.19140339285715
115.89631117857144
115.61478789285715
115.34021742857142
115.07852535714287
114.8298675
114.59062775000001
114.36480039285715
114.1536272142857
113.9529200357143
113.76627657142858
113.59341685714287
113.43494175
113.28796542857143
113.15973435714287
113.04535860714286
112.94416246428571
112.86080039285714
112.79412128571428
112.73977475
112.70614282142857
112.69004560714286
112.687196
112.70579728571428
112.74138089285714
112.79424703571428
112.866129
112.95742692857141
113.06487382142858
113.19377132142856
113.34415021428572
113.51134492857142
113.69708803571429
113.90531725
114.13450910714286
114.38108342857143
114.64857578571429
114.93988382142857
115.25002135714287
115.57991200000001
115.933567
116.31023639285715
116.70816921428572
117.12628664285714
117.57304057142856
118.04003382142857
118.53905517857143
119.0517545
119.57166353571428
120.09101846428571
120.60979435714283
121.12813132142855
121.64785760714284
122.16726571428572
122.68467424999999
123.20436060714286
123.72421889285712
124.24304410714286
124.76293303571427
125.28285503571428
125.80284360714286
126.324784
126.84697585714284
127.36956428571429
127.89268957142855
128.4191762142857
128.94609964285712
129.47437103571428
130.00522575
130.53721575
131.07261814285715
131.6091579642857
132.15022892857144
132.68994764285713
133.2352017857143
133.78371749999997
134.33414499999998
123.58366669642857
123.374507875
123.15503616071427
122.9193519107143
122.67691417857142
122.42102330357143
122.15446933928573
121.8795309107143
121.592667625
121.29422350000002
120.98775678571428
120.66971351785713
120.34280767857143
120.00716526785713
119.66041516071428
119.30619
118.94042373214285
118.56945274999998
118.20372264285714
117.85388003571428
117.51434892857144
117.18362878571426
116.86106437499998
116.54920751785713
116.24714241071429
115.95414669642858
115.67357303571427
115.40402573214286
115.14419503571429
114.89768437500001
114.66302794642854
114.43843308928572
114.23039057142857
114.03473342857143
113.84868805357142
113.68089419642858
113.52543462499999
113.381751125
113.25759325000001
113.14564060714287
113.0481399107143
112.96894233928572
112.90428019642859
112.85405912499999
112.82465969642857
112.81062285714285
112.8117049107143
112.83397191071427
112.87313264285714
112.92650642857143
113.005478125
113.09730314285716
113.20992701785714
113.341123875
113.49200049999999
113.66395580357141
113.85289685714284
114.062211375
114.29424516071427
114.5449023035714
114.81477321428571
115.10530007142857
115.420182375
115.75463623214286
116.10884924999999
116.48577482142855
116.88821157142857
117.31151374999999
117.75606391071427
118.2366280892857
118.73190482142856
119.24426737499999
119.75764274999999
120.27134173214286
120.78502237499998
121.30025249999997
121.81264407142855
122.32865899999999
122.84386224999997
123.3576539642857
123.87229705357142
124.39005760714285
124.90575587499998
125.42215598214287
125.94145267857141
126.45977625
126.97929810714285
127.50183278571429
128.02495807142856
128.5494112142857
129.0753077678571
129.60396062499998
130.1349775
130.66889878571428
131.20488664285713
131.7429658035714
132.28508894642854
132.82942157142855
133.3766112857143
133.930482875
134.486735625
123.58366669642857
123.374507875
123.15503616071427
122.9193519107143
122.67691417857142
122.42102330357143
122.15446933928573
121.8795309107143
121.592667625
121.29422350000002
120.98775678571428
120.66971351785713
120.34280767857143
120.00716526785713
119.66041516071428
119.30619
118.94042373214285
118.56945274999998
118.20372264285714
117.85388003571428
117.51434892857144
117.18362878571426
116.86106437499998
116.54920751785713
116.24714241071429
115.95414669642858
115.67357303571427
115.40402573214286
115.14419503571429
114.89768437500001
114.66302794642854
114.43843308928572
114.23039057142857
114.03473342857143
113.84868805357142
113.68089419642858
113.52543462499999
113.381751125
113.25759325000001
113.14564060714287
113.0481399107143
112.96894233928572
112.90428019642859
112.85405912499999
112.82465969642857
112.81062285714285
112.8117049107143
112.83397191071427
112.87313264285714
112.92650642857143
113.005478125
113.09730314285716
113.20992701785714
113.341123875
113.49200049999999
113.66395580357141
113.85289685714284
114.062211375
114.29424516071427
114.5449023035714
114.81477321428571
115.10530007142857
115.420182375
115.75463623214286
116.10884924999999
116.48577482142855
116.88821157142857
117.31151374999999
117.75606391071427
118.2366280892857
118.73190482142856
119.24426737499999
119.75764274999999
120.27134173214286
120.78502237499998
121.30025249999997
121.81264407142855
122.32865899999999
122.84386224999997
123.3576539642857
123.87229705357142
124.39005760714285
124.90575587499998
125.42215598214287
125.94145267857141
126.45977625
126.97929810714285
127.50183278571429
128.02495807142856
128.5494112142857
129.0753077678571
129.60396062499998
130.1349775
130.66889878571428
131.20488664285713
131.7429658035714
132.28508894642854
132.82942157142855
133.3766112857143
133.930482875
134.486735625
123.60113635714286
123.39516499999999
123.1785265
122.94669685714287
122.70428814285714
122.44862742857143
122.18298464285715
121.9075107857143
121.6217885
121.32631749999999
121.0196117142857
120.70432535714286
120.37941842857143
120.04431964285715
119.70226021428572
119.34912349999999
118.98480635714287
118.61818214285715
118.25402464285713
117.90337678571429
117.56579335714287
117.23550128571429
116.9146895
116.60636592857144
116.30494071428572
116.01445892857143
115.73733792857142
115.46918685714286
115.21200571428571
114.96944950000001
114.73746164285714
114.51694192857144
114.31121607142859
114.11777507142858
113.93664978571428
113.76992321428571
113.619775
113.48038199999999
113.35673414285715
113.25174057142857
113.15718292857144
113.07986007142856
113.02113921428571
112.97418000000002
112.94595164285712
112.9380955
112.94286714285712
112.96526728571428
113.0099795
113.06784564285715
113.14651850000001
113.2440575
113.35928442857141
113.49379192857141
113.6461205
113.82092507142858
114.01568885714286
114.22746049999999
114.45864592857143
114.71435028571427
114.9883102142857
115.28113985714285
115.59569250000001
115.93335464285713
116.2921485
116.66910914285714
117.073961
117.50131250000001
117.95288228571428
118.43419014285715
118.93245142857143
119.44072849999999
119.94613871428571
120.45702635714285
120.9648474285714
121.47288685714284
121.98346957142856
122.49339585714283
123.00234149999999
123.51489342857143
124.02651192857141
124.53713328571428
125.05174249999999
125.56599949999999
126.07994942857144
126.59713199999999
127.11588507142856
127.63520864285712
128.15649142857143
128.68088157142856
129.20660314285712
129.73439128571428
130.266246
130.80109857142855
131.3371551428571
131.87677792857144
132.42000271428572
132.9708524285714
133.51965199999998
134.076171
134.63632564285712
123.60113635714286
123.39516499999999
123.1785265
122.94669685714287
122.70428814285714
122.44862742857143
122.18298464285715
121.9075107857143
121.6217885
121.32631749999999
121.0196117142857
120.70432535714286
120.37941842857143
120.04431964285715
119.70226021428572
119.34912349999999
118.98480635714287
118.61818214285715
118.25402464285713
117.90337678571429
117.56579335714287
117.23550128571429
116.9146895
116.60636592857144
116.30494071428572
116.01445892857143
115.73733792857142
115.46918685714286
115.21200571428571
114.96944950000001
114.73746164285714
114.51694192857144
114.31121607142859
114.11777507142858
113.93664978571428
113.76992321428571
113.619775
113.48038199999999
113.35673414285715
113.25174057142857
113.15718292857144
113.07986007142856
113.02113921428571
112.97418000000002
112.94595164285712
112.9380955
112.94286714285712
112.96526728571428
113.0099795
113.06784564285715
113.14651850000001
113.2440575
113.35928442857141
113.49379192857141
113.6461205
113.82092507142858
114.01568885714286
114.22746049999999
114.45864592857143
114.71435028571427
114.9883102142857
115.28113985714285
115.59569250000001
115.93335464285713
116.2921485
116.66910914285714
117.073961
117.50131250000001
117.95288228571428
118.43419014285715
118.93245142857143
119.44072849999999
119.94613871428571
120.45702635714285
120.9648474285714
121.47288685714284
121.98346957142856
122.49339585714283
123.00234149999999
123.51489342857143
124.02651192857141
124.53713328571428
125.05174249999999
125.56599949999999
126.07994942857144
126.59713199999999
127.11588507142856
127.63520864285712
128.15649142857143
128.68088157142856
129.20660314285712
129.73439128571428
130.266246
130.80109857142855
131.3371551428571
131.87677792857144
132.42000271428572
132.9708524285714
133.51965199999998
134.076171
134.63632564285712
123.62796219642858
123.42047075
123.204103875
122.97152517857143
122.73095264285715
122.47903894642857
122.21319276785715
121.93990175
121.655253625
121.35963403571428
121.05570060714285
120.74116375
120.41725742857143
120.08623912500002
119.74530355357143
119.3950475
119.03498592857142
118.66916876785714
118.30574487499999
117.95690703571428
117.61920948214286
117.28978558928571
116.97219287499999
116.66398342857143
116.36551198214286
116.07749939285713
115.80224382142856
115.53901821428572
115.28360905357142
115.04312974999999
114.81534089285714
114.59689012499999
114.39521253571428
114.20568782142857
114.02630719642858
113.86529317857145
113.717127
113.58163082142858
113.46245226785713
113.35904905357143
113.26990260714285
113.19683817857143
113.14018412500002
113.098150375
113.07381751785715
113.06793449999999
113.07607858928571
113.1040785892857
113.150993
113.21266823214285
113.295733375
113.39471221428572
113.51447089285715
113.65146732142858
113.80847183928572
113.98440098214286
114.18210996428571
114.3977305
114.63261732142857
114.8868595892857
115.166382875
115.46200055357143
115.77888451785714
116.11736167857143
116.47964149999999
116.86067691071429
117.26529244642856
117.69529503571428
118.15559624999999
118.63631425
119.13705555357141
119.63650274999998
120.14151248214286
120.64152221428571
121.14687430357142
121.6510851785714
122.15422948214284
122.66004685714285
123.16681812499998
123.67189585714284
124.18055892857143
124.69016851785713
125.19976194642857
125.71010025000001
126.223129
126.73650012499999
127.25192544642854
127.77113489285713
128.2903443392857
128.81315007142854
129.33887164285713
129.86765978571427
130.397400375
130.93325294642855
131.46953776785716
132.0125879107143
132.5564725892857
133.10927260714286
133.66286675
134.22170124999997
134.78441924999998
123.62796219642858
123.42047075
123.204103875
122.97152517857143
122.73095264285715
122.47903894642857
122.21319276785715
121.93990175
121.655253625
121.35963403571428
121.05570060714285
120.74116375
120.41725742857143
120.08623912500002
119.74530355357143
119.3950475
119.03498592857142
118.66916876785714
118.30574487499999
117.95690703571428
117.61920948214286
117.28978558928571
116.97219287499999
116.66398342857143
116.36551198214286
116.07749939285713
115.80224382142856
115.53901821428572
115.28360905357142
115.04312974999999
114.81534089285714
114.59689012499999
114.39521253571428
114.20568782142857
114.02630719642858
113.86529317857145
113.717127
113.58163082142858
113.46245226785713
113.35904905357143
113.26990260714285
113.19683817857143
113.14018412500002
113.098150375
113.07381751785715
113.06793449999999
113.07607858928571
113.1040785892857
113.150993
113.21266823214285
113.295733375
113.39471221428572
113.51447089285715
113.65146732142858
113.80847183928572
113.98440098214286
114.18210996428571
114.3977305
114.63261732142857
114.8868595892857
115.166382875
115.46200055357143
115.77888451785714
116.11736167857143
116.47964149999999
116.86067691071429
117.26529244642856
117.69529503571428
118.15559624999999
118.63631425
119.13705555357141
119.63650274999998
120.14151248214286
120.64152221428571
121.14687430357142
121.6510851785714
122.15422948214284
122.66004685714285
123.16681812499998
123.67189585714284
124.18055892857143
124.69016851785713
125.19976194642857
125.71010025000001
126.223129
126.73650012499999
127.25192544642854
127.77113489285713
128.2903443392857
128.81315007142854
129.33887164285713
129.86765978571427
130.397400375
130.93325294642855
131.46953776785716
132.0125879107143
132.5564725892857
133.10927260714286
133.66286675
134.22170124999997
134.78441924999998
123.66069360714286
123.4558195
123.23934503571428
123.00879367857144
122.766576
122.51430542857142
122.24945307142858
121.9745812142857
121.69063625000001
121.39776725
121.09296910714286
120.78029185714286
120.45934832142856
120.12848075
119.79126582142857
119.44360449999999
119.08525275
118.72464421428572
118.36265564285716
118.01252453571428
117.6752847857143
117.34728896428572
117.02976425
116.725233
116.42910260714287
116.1432949642857
115.87123696428571
115.6092397142857
115.35756735714286
115.12043849999998
114.89397310714284
114.68143246428572
114.4816957857143
114.29607846428573
114.12207907142857
113.96195092857144
113.81959775000001
113.68746307142857
113.56991528571427
113.4733037857143
113.38690935714286
113.31596214285716
113.26568064285713
113.22714224999999
113.20425875000001
113.20450982142859
113.21671167857143
113.24649389285713
113.29827610714284
113.36420882142858
113.4477805
113.55224507142856
113.67376682142856
113.81574517857142
113.97507375
114.15536689285713
114.35304496428571
114.57427949999999
114.812454
115.07017117857141
115.34796289285714
115.64934292857144
115.96845525
116.30690542857141
116.67243525
117.05819235714284
117.46384164285713
117.89369860714285
118.36357435714284
118.84828439285714
119.34309999999999
119.83862399999998
120.33524928571427
120.83364882142857
121.33090724999997
121.82848117857141
122.32987417857142
122.82993146428572
123.33069999999998
123.83456482142856
124.33815396428568
124.8410882142857
125.34983582142857
125.85749296428571
126.36596632142856
126.87817124999998
127.3916265357143
127.90775907142857
128.4261564642857
128.9462781785714
129.47147157142854
130.00006357142854
130.529783
131.06470428571427
131.60262128571426
132.14740003571427
132.69330764285715
133.24756392857142
133.8036619642857
134.36823149999998
134.93358642857143
123.66069360714286
123.4558195
123.23934503571428
123.00879367857144
122.766576
122.51430542857142
122.24945307142858
121.9745812142857
121.69063625000001
121.39776725
121.09296910714286
120.78029185714286
120.45934832142856
120.12848075
119.79126582142857
119.44360449999999
119.08525275
118.72464421428572
118.36265564285716
118.01252453571428
117.6752847857143
117.34728896428572
117.02976425
116.725233
116.42910260714287
116.1432949642857
115.87123696428571
115.6092397142857
115.35756735714286
115.12043849999998
114.89397310714284
114.68143246428572
114.4816957857143
114.29607846428573
114.12207907142857
113.96195092857144
113.81959775000001
113.68746307142857
113.56991528571427
113.4733037857143
113.38690935714286
113.31596214285716
113.26568064285713
113.22714224999999
113.20425875000001
113.20450982142859
113.21671167857143
113.24649389285713
113.29827610714284
113.36420882142858
113.4477805
113.55224507142856
113.67376682142856
113.81574517857142
113.97507375
114.15536689285713
114.35304496428571
114.57427949999999
114.812454
115.07017117857141
115.34796289285714
115.64934292857144
115.96845525
116.30690542857141
116.67243525
117.05819235714284
117.46384164285713
117.89369860714285
118.36357435714284
118.84828439285714
119.34309999999999
119.83862399999998
120.33524928571427
120.83364882142857
121.33090724999997
121.82848117857141
122.32987417857142
122.82993146428572
123.33069999999998
123.83456482142856
124.33815396428568
124.8410882142857
125.34983582142857
125.85749296428571
126.36596632142856
126.87817124999998
127.3916265357143
127.90775907142857
128.4261564642857
128.9462781785714
129.47147157142854
130.00006357142854
130.529783
131.06470428571427
131.60262128571426
132.14740003571427
132.69330764285715
133.24756392857142
133.8036619642857
134.36823149999998
134.93358642857143
123.70063326785716
123.49376950000001
123.2758217857143
123.04702057142859
122.80387125
122.55379776785713
122.28746657142857
122.0135947142857
121.73018862500001
121.436324375
121.13386337499999
120.82219123214286
120.50179132142858
120.17439355357145
119.83839332142858
119.49366387500001
119.14073853571429
118.78060396428573
118.42001814285715
118.07002791071429
117.73324453571428
117.40572980357143
117.091537
116.7880826607143
116.49502917857144
116.21197283928572
115.940719875
115.68359839285716
115.43434519642858
115.199752
114.97889680357143
114.76737755357145
114.57178435714286
114.39006087499999
114.21907442857143
114.06321637500001
113.923420375
113.79689992857143
113.68423730357142
113.58877962500002
113.50785451785714
113.44145794642859
113.39192680357144
113.35900525000001
113.34127224999999
113.34414551785713
113.36115026785714
113.39528341071428
113.44902067857144
113.520021625
113.606686625
113.71375532142858
113.84075246428571
113.98448355357144
114.14821487500001
114.32954344642857
114.53267276785715
114.753068625
114.99799775
115.25865821428572
115.53878301785713
115.84124164285714
116.16503239285713
116.50735405357142
116.87181337500002
117.25899928571428
117.66791960714285
118.10243216071429
118.57675573214286
119.06194044642857
119.55253126785715
120.042915
120.53417342857142
121.024155125
121.51927614285711
122.01226685714286
122.50439214285713
123.00203883928572
123.500164125
123.99715341071428
124.49700101785713
124.99859158928572
125.50024730357141
126.00536546428573
126.51302260714284
127.02114337499998
127.53212624999998
128.04711482142858
128.56190510714288
129.08129216071427
129.60440864285715
130.13233207142855
130.66244949999998
131.19697278571428
131.73655573214285
132.28200864285714
132.8301945357143
133.38391967857143
133.94456133928574
134.51402662499999
135.0842039285714
123.70063326785716
123.49376950000001
123.2758217857143
123.04702057142859
122.80387125
122.55379776785713
122.28746657142857
122.0135947142857
121.73018862500001
121.436324375
121.13386337499999
120.82219123214286
120.50179132142858
120.17439355357145
119.83839332142858
119.49366387500001
119.14073853571429
118.78060396428573
118.42001814285715
118.07002791071429
117.73324453571428
117.40572980357143
117.091537
116.7880826607143
116.49502917857144
116.21197283928572
115.940719875
115.68359839285716
115.43434519642858
115.199752
114.97889680357143
114.76737755357145
114.57178435714286
114.39006087499999
114.21907442857143
114.06321637500001
113.923420375
113.79689992857143
113.68423730357142
113.58877962500002
113.50785451785714
113.44145794642859
113.39192680357144
113.35900525000001
113.34127224999999
113.34414551785713
113.36115026785714
113.39528341071428
113.44902067857144
113.520021625
113.606686625
113.71375532142858
113.84075246428571
113.98448355357144
114.14821487500001
114.32954344642857
114.53267276785715
114.753068625
114.99799775
115.25865821428572
115.53878301785713
115.84124164285714
116.16503239285713
116.50735405357142
116.87181337500002
117.25899928571428
117.66791960714285
118.10243216071429
118.57675573214286
119.06194044642857
119.55253126785715
120.042915
120.53417342857142
121.024155125
121.51927614285711
122.01226685714286
122.50439214285713
123.00203883928572
123.500164125
123.99715341071428
124.49700101785713
124.99859158928572
125.50024730357141
126.00536546428573
126.51302260714284
127.02114337499998
127.53212624999998
128.04711482142858
128.56190510714288
129.08129216071427
129.60440864285715
130.13233207142855
130.66244949999998
131.19697278571428
131.73655573214285
132.28200864285714
132.8301945357143
133.38391967857143
133.94456133928574
134.51402662499999
135.0842039285714
123.74829785714286
123.543642
123.324547
123.094018
122.84873814285714
122.59693214285713
122.33144499999999
122.0552927142857
121.77117999999999
121.479566
121.17710500000001
120.86537971428572
120.54731171428573
120.22097742857143
119.88747028571429
119.54541499999999
119.19495328571429
118.83971028571428
118.480255
118.12880814285714
117.79269428571429
117.46757542857144
117.154397
116.8541632857143
116.563043
116.28214428571428
116.01468614285713
115.75864157142857
115.514223
115.282148
115.06424999999999
114.858017
114.66375571428571
114.48627828571429
114.32081942857141
114.16650714285714
114.033012
113.90956442857143
113.8008477142857
113.71007499999999
113.63249214285715
113.56798642857142
113.52574557142857
113.496361
113.48240828571429
113.48954428571429
113.51022414285713
113.54719285714286
113.60652571428571
113.68001500000001
113.76991500000001
113.88116785714286
114.01125485714287
114.1599962857143
114.32573628571427
114.51228785714285
114.71541457142857
114.94184499999999
115.18723728571428
115.45371871428571
115.73713214285715
116.03953714285714
116.3662707142857
116.711925
117.07720099999999
117.46572499999999
117.87873185714285
118.32180942857141
118.79545385714286
119.27949628571427
119.76439714285713
120.249242
120.73369614285716
121.22135471428572
121.7076917142857
122.19607571428568
122.68678814285713
123.17610185714284
123.66709699999998
124.16315571428572
124.65814642857141
125.15422085714285
125.65534328571427
126.15618885714287
126.65867614285715
127.16546499999998
127.67377371428572
128.18475242857141
128.69926085714283
129.21610428571427
129.7380907142857
130.26446528571427
130.79571799999997
131.32998628571428
131.86941328571427
132.4125364285714
132.96459142857142
133.52033985714286
134.0844607142857
134.65383599999998
135.23266714285717
123.74829785714286
123.543642
123.324547
123.094018
122.84873814285714
122.59693214285713
122.33144499999999
122.0552927142857
121.77117999999999
121.479566
121.17710500000001
120.86537971428572
120.54731171428573
120.22097742857143
119.88747028571429
119.54541499999999
119.19495328571429
118.83971028571428
118.480255
118.12880814285714
117.79269428571429
117.46757542857144
117.154397
116.8541632857143
116.563043
116.28214428571428
116.01468614285713
115.75864157142857
115.514223
115.282148
115.06424999999999
114.858017
114.66375571428571
114.48627828571429
114.32081942857141
114.16650714285714
114.033012
113.90956442857143
113.8008477142857
113.71007499999999
113.63249214285715
113.56798642857142
113.52574557142857
113.496361
113.48240828571429
113.48954428571429
113.51022414285713
113.54719285714286
113.60652571428571
113.68001500000001
113.76991500000001
113.88116785714286
114.01125485714287
114.1599962857143
114.32573628571427
114.51228785714285
114.71541457142857
114.94184499999999
115.18723728571428
115.45371871428571
115.73713214285715
116.03953714285714
116.3662707142857
116.711925
117.07720099999999
117.46572499999999
117.87873185714285
118.32180942857141
118.79545385714286
119.27949628571427
119.76439714285713
120.249242
120.73369614285716
121.22135471428572
121.7076917142857
122.19607571428568
122.68678814285713
123.17610185714284
123.66709699999998
124.16315571428572
124.65814642857141
125.15422085714285
125.65534328571427
126.15618885714287
126.65867614285715
127.16546499999998
127.67377371428572
128.18475242857141
128.69926085714283
129.21610428571427
129.7380907142857
130.26446528571427
130.79571799999997
131.32998628571428
131.86941328571427
132.4125364285714
132.96459142857142
133.52033985714286
134.0844607142857
134.65383599999998
135.23266714285717
123.80168705357144
123.594957625
123.373453125
123.14363549999999
122.89606701785715
122.64496810714286
122.37672844642857
122.10063667857143
121.81596525
121.52309625000001
121.22163524999999
120.91136682142857
120.592855875
120.26958816071429
119.93714450000002
119.59750112500001
119.25052632142855
118.89772817857143
118.54098185714285
118.18885514285715
117.85374271428572
117.53073439285714
117.21941225
116.92084116071428
116.63314407142859
116.35528864285715
116.08943080357142
115.83799642857142
115.59587400000001
115.366812875
115.154021875
114.95016475
114.76079551785715
114.58673466071428
114.42436516071429
114.27437373214286
114.14375412499999
114.026028
113.9220322857143
113.83288010714287
113.76161855357142
113.70160121428572
113.66162471428571
113.63911662499999
113.62833939285714
113.63827398214286
113.66489760714285
113.70569789285713
113.76738496428571
113.84713958928572
113.93904925000001
114.05455680357143
114.18793174999999
114.339572
114.51081139285715
114.69924978571427
114.90771007142857
115.13506
115.38469623214286
115.65241967857143
115.94065576785715
116.246089875
116.57296907142857
116.92182449999999
117.291365125
117.67999751785713
118.0963179642857
118.5503825892857
119.02161510714285
119.50087451785713
119.97835312499998
120.45927824999998
120.93778062499999
121.41546323214287
121.8999399642857
122.38275401785714
122.86523191071427
123.35315560714285
123.84150249999999
124.32902605357143
124.82090480357141
125.31389551785713
125.80801651785714
126.30691930357142
126.80810830357143
127.30978662499999
127.81644117857142
128.32563160714284
128.83537551785713
129.35211826785712
129.8726142142857
130.39600435714283
130.92801125
131.459289875
132.00013816071427
132.54326130357143
133.09885992857141
133.65573439285714
134.22158741071428
134.78942712499997
135.37765294642858
123.80168705357144
123.594957625
123.373453125
123.14363549999999
122.89606701785715
122.64496810714286
122.37672844642857
122.10063667857143
121.81596525
121.52309625000001
121.22163524999999
120.91136682142857
120.592855875
120.26958816071429
119.93714450000002
119.59750112500001
119.25052632142855
118.89772817857143
118.54098185714285
118.18885514285715
117.85374271428572
117.53073439285714
117.21941225
116.92084116071428
116.63314407142859
116.35528864285715
116.08943080357142
115.83799642857142
115.59587400000001
115.366812875
115.154021875
114.95016475
114.76079551785715
114.58673466071428
114.42436516071429
114.27437373214286
114.14375412499999
114.026028
113.9220322857143
113.83288010714287
113.76161855357142
113.70160121428572
113.66162471428571
113.63911662499999
113.62833939285714
113.63827398214286
113.66489760714285
113.70569789285713
113.76738496428571
113.84713958928572
113.93904925000001
114.05455680357143
114.18793174999999
114.339572
114.51081139285715
114.69924978571427
114.90771007142857
115.13506
115.38469623214286
115.65241967857143
115.94065576785715
116.246089875
116.57296907142857
116.92182449999999
117.291365125
117.67999751785713
118.0963179642857
118.5503825892857
119.02161510714285
119.50087451785713
119.97835312499998
120.45927824999998
120.93778062499999
121.41546323214287
121.8999399642857
122.38275401785714
122.86523191071427
123.35315560714285
123.84150249999999
124.32902605357143
124.82090480357141
125.31389551785713
125.80801651785714
126.30691930357142
126.80810830357143
127.30978662499999
127.81644117857142
128.32563160714284
128.83537551785713
129.35211826785712
129.8726142142857
130.39600435714283
130.92801125
131.459289875
132.00013816071427
132.54326130357143
133.09885992857141
133.65573439285714
134.22158741071428
134.78942712499997
135.37765294642858
123.86677421428573
123.65941724999999
123.43279596428572
123.20083699999999
122.94842378571428
122.69408021428572
122.42588957142857
122.14818546428572
121.86218475
121.56971374999999
121.26775192857143
120.95818617857144
120.64218475
120.31791703571429
119.98862042857141
119.65125225
119.30639039285714
118.95575400000001
118.60202885714284
118.24890214285715
117.91662196428571
117.59586864285714
117.28568250000001
116.98995257142857
116.70450014285716
116.43001046428571
116.16748432142857
115.91756017857142
115.68146992857143
115.45483974999999
115.24438182142859
115.04642521428572
114.85939775
114.68936692857142
114.5323762142857
114.38558185714287
114.25994975
114.14628975000001
114.04636082142858
113.96216132142857
113.89326557142857
113.83883267857142
113.80489996428571
113.78410325000002
113.77873528571428
113.7929345
113.82260235714286
113.86849996428572
113.93513107142856
114.01686142857143
114.11425750000001
114.2328552142857
114.37061539285716
114.5263775
114.70010357142858
114.8940639642857
115.1040895
115.33691675
115.58667192857142
115.86199692857143
116.14768796428571
116.45744457142857
116.78909692857144
117.13878389285713
117.50910725000001
117.90295810714285
118.32866439285715
118.78651696428572
119.25420585714285
119.72470196428571
120.19739514285715
120.666724
121.141982
121.61824185714286
122.09376514285712
122.57152925
123.0513534285714
123.53027900000001
124.01270475000001
124.49909560714286
124.9854864642857
125.47414389285714
125.96647010714287
126.45962857142857
126.9553859642857
127.45544325
127.95889710714286
128.46408803571427
128.97427489285715
129.48756078571427
130.00505210714286
130.52827285714284
131.05619249999998
131.5889460357143
132.13169528571427
132.6756485357143
133.22940164285717
133.78500560714286
134.35599725
134.92729674999998
135.51755232142858
123.86677421428573
123.65941724999999
123.43279596428572
123.20083699999999
122.94842378571428
122.69408021428572
122.42588957142857
122.14818546428572
121.86218475
121.56971374999999
121.26775192857143
120.95818617857144
120.64218475
120.31791703571429
119.98862042857141
119.65125225
119.30639039285714
118.95575400000001
118.60202885714284
118.24890214285715
117.91662196428571
117.59586864285714
117.28568250000001
116.98995257142857
116.70450014285716
116.43001046428571
116.16748432142857
115.91756017857142
115.68146992857143
115.45483974999999
115.24438182142859
115.04642521428572
114.85939775
114.68936692857142
114.5323762142857
114.38558185714287
114.25994975
114.14628975000001
114.04636082142858
113.96216132142857
113.89326557142857
113.83883267857142
113.80489996428571
113.78410325000002
113.77873528571428
113.7929345
113.82260235714286
113.86849996428572
113.93513107142856
114.01686142857143
114.11425750000001
114.2328552142857
114.37061539285716
114.5263775
114.70010357142858
114.8940639642857
115.1040895
115.33691675
115.58667192857142
115.86199692857143
116.14768796428571
116.45744457142857
116.78909692857144
117.13878389285713
117.50910725000001
117.90295810714285
118.32866439285715
118.78651696428572
119.25420585714285
119.72470196428571
120.19739514285715
120.666724
121.141982
121.61824185714286
122.09376514285712
122.57152925
123.0513534285714
123.53027900000001
124.01270475000001
124.49909560714286
124.9854864642857
125.47414389285714
125.96647010714287
126.45962857142857
126.9553859642857
127.45544325
127.95889710714286
128.46408803571427
128.97427489285715
129.48756078571427
130.00505210714286
130.52827285714284
131.05619249999998
131.5889460357143
132.13169528571427
132.6756485357143
133.22940164285717
133.78500560714286
134.35599725
134.92729674999998
135.51755232142858
123.93478783928572
123.724642375
123.49438658928572
123.25970141071429
123.00529055357141
122.74804210714285
122.47706708928571
122.19795892857142
121.9112875
121.61704262500001
121.31591305357144
121.00648721428571
120.69062464285714
120.36889021428573
120.04006708928571
119.70466837499998
119.36342655357143
119.01482669642857
118.66345173214285
118.3131690357143
117.98158703571428
117.66253760714287
117.354260625
117.06015123214286
116.77823208928572
116.50581910714286
116.24631600000001
116.00189873214286
115.76695317857144
115.545220375
115.33883023214287
115.14334301785715
114.96215258928572
114.79569158928571
114.64227094642857
114.50125525
114.37887599999999
114.27047819642857
114.17397489285715
114.093173375
114.03199598214286
113.98044342857143
113.94937205357144
113.93575150000001
113.93312951785714
113.95105814285715
113.98716844642857
114.0348355892857
114.10600480357141
114.19404639285713
114.294687125
114.41801232142858
114.55794217857142
114.71853294642858
114.89679494642857
115.09338357142857
115.308619875
115.54256562500001
115.80062505357144
116.0704514107143
116.36435414285714
116.67672073214285
117.00997630357142
117.36289830357143
117.736720375
118.13322010714286
118.57310089285714
119.02613585714285
119.4876245
119.95255007142858
120.41652683928571
120.88236637499999
121.34918644642856
121.81644896428571
122.28932866071426
122.76134507142856
123.23440858928569
123.71204412499999
124.1897755
124.66667732142857
125.15078314285714
125.63517257142857
126.12075885714285
126.61224607142859
127.10686091071427
127.60114075
128.10193369642857
128.60452426785713
129.11042251785716
129.62214623214282
130.13948835714285
130.65954135714284
131.18635162500001
131.72046476785712
132.2599957142857
132.80332875
133.35611403571428
133.91673048214284
134.48825305357144
135.0656755
135.65024375
123.93478783928572
123.724642375
123.49438658928572
123.25970141071429
123.00529055357141
122.74804210714285
122.47706708928571
122.19795892857142
121.9112875
121.61704262500001
121.31591305357144
121.00648721428571
120.69062464285714
120.36889021428573
120.04006708928571
119.70466837499998
119.36342655357143
119.01482669642857
118.66345173214285
118.3131690357143
117.98158703571428
117.66253760714287
117.354260625
117.06015123214286
116.77823208928572
116.50581910714286
116.24631600000001
116.00189873214286
115.76695317857144
115.545220375
115.33883023214287
115.14334301785715
114.96215258928572
114.79569158928571
114.64227094642857
114.50125525
114.37887599999999
114.27047819642857
114.17397489285715
114.093173375
114.03199598214286
113.98044342857143
113.94937205357144
113.93575150000001
113.93312951785714
113.95105814285715
113.98716844642857
114.0348355892857
114.10600480357141
114.19404639285713
114.294687125
114.41801232142858
114.55794217857142
114.71853294642858
114.89679494642857
115.09338357142857
115.308619875
115.54256562500001
115.80062505357144
116.0704514107143
116.36435414285714
116.67672073214285
117.00997630357142
117.36289830357143
117.736720375
118.13322010714286
118.57310089285714
119.02613585714285
119.4876245
119.95255007142858
120.41652683928571
120.88236637499999
121.34918644642856
121.81644896428571
122.28932866071426
122.76134507142856
123.23440858928569
123.71204412499999
124.1897755
124.66667732142857
125.15078314285714
125.63517257142857
126.12075885714285
126.61224607142859
127.10686091071427
127.60114075
128.10193369642857
128.60452426785713
129.11042251785716
129.62214623214282
130.13948835714285
130.65954135714284
131.18635162500001
131.72046476785712
132.2599957142857
132.80332875
133.35611403571428
133.91673048214284
134.48825305357144
135.0656755
135.65024375
124.01754542857142
123.8023775
123.56241392857143
123.32315657142858
123.06471342857145
122.80300185714286
122.5318672857143
122.2496822142857
121.961762
121.6663715
121.3639047857143
121.05564207142858
120.74049714285715
120.41911164285716
120.09228492857143
119.760009
119.42095921428573
119.0759722142857
118.72697721428571
118.37778821428572
118.04772271428571
117.73020657142858
117.42392600000001
117.13251764285715
116.85213178571429
116.58497042857142
116.32791314285714
116.08622671428571
115.85689135714287
115.63721600000001
115.43445192857142
115.24531485714289
115.06556328571429
114.90460700000001
114.756282
114.61918221428573
114.50149149999999
114.39735085714287
114.30455842857143
114.23095835714287
114.17156250000001
114.12704578571429
114.09917964285714
114.08817
114.09345
114.11451657142857
114.1540767857143
114.20904964285714
114.28251492857144
114.3741782857143
114.481043
114.60630714285716
114.75284842857143
114.91479221428571
115.09859835714286
115.29879307142858
115.51821085714285
115.7570595
116.01399685714286
116.29118707142857
116.58611264285713
116.90256792857143
117.23627557142856
117.58948278571427
117.9708795
118.38290978571429
118.82137614285716
119.27111164285714
119.72616092857143
120.18254021428571
120.63974171428572
121.09717649999999
121.55675550000001
122.02134464285716
122.48527399999999
122.9525699285714
123.4220127142857
123.89080514285713
124.36466149999998
124.84091921428572
125.31725742857142
125.79751321428571
126.28053178571429
126.76590728571429
127.25488357142856
127.74867099999999
128.24519500000002
128.7441552142857
129.24835957142858
129.75695835714282
130.26983735714285
130.7890804285714
131.31483949999998
131.8456372857143
132.3836251428571
132.93050785714286
133.48276414285715
134.04739092857142
134.6135067857143
135.1951555
135.7786802142857
124.01754542857142
123.8023775
123.56241392857143
123.32315657142858
123.06471342857145
122.80300185714286
122.5318672857143
122.2496822142857
121.961762
121.6663715
121.3639047857143
121.05564207142858
120.74049714285715
120.41911164285716
120.09228492857143
119.760009
119.42095921428573
119.0759722142857
118.72697721428571
118.37778821428572
118.04772271428571
117.73020657142858
117.42392600000001
117.13251764285715
116.85213178571429
116.58497042857142
116.32791314285714
116.08622671428571
115.85689135714287
115.63721600000001
115.43445192857142
115.24531485714289
115.06556328571429
114.90460700000001
114.756282
114.61918221428573
114.50149149999999
114.39735085714287
114.30455842857143
114.23095835714287
114.17156250000001
114.12704578571429
114.09917964285714
114.08817
114.09345
114.11451657142857
114.1540767857143
114.20904964285714
114.28251492857144
114.3741782857143
114.481043
114.60630714285716
114.75284842857143
114.91479221428571
115.09859835714286
115.29879307142858
115.51821085714285
115.7570595
116.01399685714286
116.29118707142857
116.58611264285713
116.90256792857143
117.23627557142856
117.58948278571427
117.9708795
118.38290978571429
118.82137614285716
119.27111164285714
119.72616092857143
120.18254021428571
120.63974171428572
121.09717649999999
121.55675550000001
122.02134464285716
122.48527399999999
122.9525699285714
123.4220127142857
123.89080514285713
124.36466149999998
124.84091921428572
125.31725742857142
125.79751321428571
126.28053178571429
126.76590728571429
127.25488357142856
127.74867099999999
128.24519500000002
128.7441552142857
129.24835957142858
129.75695835714282
130.26983735714285
130.7890804285714
131.31483949999998
131.8456372857143
132.3836251428571
132.93050785714286
133.48276414285715
134.04739092857142
134.6135067857143
135.1951555
135.7786802142857
124.10699508928573
123.87907675
123.63627432142857
123.39094723214288
123.12775469642858
122.86388142857143
122.58821785714285
122.30435532142857
122.0134305
121.7161635
121.4132336607143
121.1047690892857
120.79010478571429
120.47017207142856
120.14503964285716
119.81517562499998
119.479169875
119.13803816071429
118.79249408928571
118.44677323214287
118.11531866071428
117.79926707142857
117.49514749999999
117.20528276785714
116.9298231607143
116.66436642857144
116.41157683928573
116.17417308928573
115.9474536607143
115.73291675
115.53398758928572
115.34785367857144
115.174660375
115.016063375
114.8734562857143
114.74266098214287
114.62705825
114.52758646428572
114.44159217857141
114.36939460714288
114.31818553571429
114.27711966071429
114.25304087500001
114.249176875
114.25630569642857
114.28282892857142
114.32782964285715
114.38502289285717
114.46467783928571
114.56194341071429
114.671660625
114.80298774999999
114.94998058928573
115.11930341071428
115.3054945357143
115.51267848214286
115.73293905357143
115.97624825
116.23805073214287
116.51375864285714
116.81821607142857
117.13266919642858
117.47179233928573
117.83170357142856
118.21594625
118.63965419642858
119.07458194642857
119.519448125
119.96751976785714
120.41317978571428
120.863791875
121.31525074999999
121.77059226785715
122.2245135357143
122.68351574999997
123.14457375
123.60831612499999
124.07524530357142
124.54283874999999
125.01057467857143
125.48483598214285
125.96055539285716
126.43808228571427
126.92168578571429
127.40701867857143
127.894743125
128.38813758928572
128.882859875
129.38425219642858
129.8900460892857
130.40243625
130.91928739285714
131.441005375
131.97172625
132.50764539285714
133.05668910714286
133.6050363392857
134.16713444642858
134.733581125
135.320216125
135.90911589285716
124.10699508928573
123.87907675
123.63627432142857
123.39094723214288
123.12775469642858
122.86388142857143
122.58821785714285
122.30435532142857
122.0134305
121.7161635
121.4132336607143
121.1047690892857
120.79010478571429
120.47017207142856
120.14503964285716
119.81517562499998
119.479169875
119.13803816071429
118.79249408928571
118.44677323214287
118.11531866071428
117.79926707142857
117.49514749999999
117.20528276785714
116.9298231607143
116.66436642857144
116.41157683928573
116.17417308928573
115.9474536607143
115.73291675
115.53398758928572
115.34785367857144
115.174660375
115.016063375
114.8734562857143
114.74266098214287
114.62705825
114.52758646428572
114.44159217857141
114.36939460714288
114.31818553571429
114.27711966071429
114.25304087500001
114.249176875
114.25630569642857
114.28282892857142
114.32782964285715
114.38502289285717
114.46467783928571
114.56194341071429
114.671660625
114.80298774999999
114.94998058928573
115.11930341071428
115.3054945357143
115.51267848214286
115.73293905357143
115.97624825
116.23805073214287
116.51375864285714
116.81821607142857
117.13266919642858
117.47179233928573
117.83170357142856
118.21594625
118.63965419642858
119.07458194642857
119.519448125
119.96751976785714
120.41317978571428
120.863791875
121.31525074999999
121.77059226785715
122.2245135357143
122.68351574999997
123.14457375
123.60831612499999
124.07524530357142
124.54283874999999
125.01057467857143
125.48483598214285
125.96055539285716
126.43808228571427
126.92168578571429
127.40701867857143
127.894743125
128.38813758928572
128.882859875
129.38425219642858
129.8900460892857
130.40243625
130.91928739285714
131.441005375
131.97172625
132.50764539285714
133.05668910714286
133.6050363392857
134.16713444642858
134.733581125
135.320216125
135.90911589285716
124.19636442857146
123.96728825000001
123.7141875357143
123.46009635714286
123.19541435714287
122.92392842857144
122.64565182142859
122.35924635714287
122.065303
121.76602925
121.46223110714286
121.15309796428572
120.8389772857143
120.520313
120.19771385714284
119.86959850000002
119.53752803571427
119.19936492857143
118.85803492857143
118.51491250000001
118.18298978571428
117.86848182142857
117.56844375
117.28025046428571
117.00694467857144
116.74709814285714
116.49652321428573
116.26166882142857
116.04176175
115.83018325
115.6348710357143
115.45541432142858
115.28445060714287
115.13126867857143
114.99401096428572
114.86532028571428
114.756389
114.662996
114.5795755
114.51544664285714
114.46638967857143
114.43102225000001
114.41255553571428
114.41052025000002
114.42626214285714
114.45514925
114.50542371428571
114.56989717857144
114.65036246428573
114.75358846428573
114.86853325
115.00254389285715
115.15601378571428
115.32697739285712
115.52209203571428
115.72690010714285
115.95498796428572
116.202627
116.46297757142857
116.74997932142857
117.0509155357143
117.37237367857144
117.71358825000002
118.07789832142856
118.47859199999999
118.89758342857144
119.33121214285714
119.76704803571427
120.20429296428571
120.64592842857142
121.08843503571427
121.53620649999999
121.98045603571428
122.43134960714286
122.88631403571426
123.33862410714286
123.79627664285712
124.2556667857143
124.72088575000001
125.18707157142856
125.65318407142857
126.1238825357143
126.59767210714284
127.07452825000001
127.55555567857144
128.0427365
128.53144885714286
129.02301417857143
129.51980621428572
130.0231881785714
130.53129282142856
131.04400978571428
131.566312
132.09481178571428
132.6292709642857
133.1738430357143
133.7222174642857
134.28661364285713
134.85599371428574
135.44440674999998
136.03171882142857
124.19636442857146
123.96728825000001
123.7141875357143
123.46009635714286
123.19541435714287
122.92392842857144
122.64565182142859
122.35924635714287
122.065303
121.76602925
121.46223110714286
121.15309796428572
120.8389772857143
120.520313
120.19771385714284
119.86959850000002
119.53752803571427
119.19936492857143
118.85803492857143
118.51491250000001
118.18298978571428
117.86848182142857
117.56844375
117.28025046428571
117.00694467857144
116.74709814285714
116.49652321428573
116.26166882142857
116.04176175
115.83018325
115.6348710357143
115.45541432142858
115.28445060714287
115.13126867857143
114.99401096428572
114.86532028571428
114.756389
114.662996
114.5795755
114.51544664285714
114.46638967857143
114.43102225000001
114.41255553571428
114.41052025000002
114.42626214285714
114.45514925
114.50542371428571
114.56989717857144
114.65036246428573
114.75358846428573
114.86853325
115.00254389285715
115.15601378571428
115.32697739285712
115.52209203571428
115.72690010714285
115.95498796428572
116.202627
116.46297757142857
116.74997932142857
117.0509155357143
117.37237367857144
117.71358825000002
118.07789832142856
118.47859199999999
118.89758342857144
119.33121214285714
119.76704803571427
120.20429296428571
120.64592842857142
121.08843503571427
121.53620649999999
121.98045603571428
122.43134960714286
122.88631403571426
123.33862410714286
123.79627664285712
124.2556667857143
124.72088575000001
125.18707157142856
125.65318407142857
126.1238825357143
126.59767210714284
127.07452825000001
127.55555567857144
128.0427365
128.53144885714286
129.02301417857143
129.51980621428572
130.0231881785714
130.53129282142856
131.04400978571428
131.566312
132.09481178571428
132.6292709642857
133.1738430357143
133.7222174642857
134.28661364285713
134.85599371428574
135.44440674999998
136.03171882142857
124.28704883928573
124.0579965
123.7969757857143
123.53598358928573
123.263630125
122.98807189285714
122.70398358928571
122.41351830357142
122.1175735
121.8162228392857
121.51055998214287
121.20162869642857
120.8882994107143
120.5701855
120.24938807142857
119.92434287500001
119.59391319642856
119.26165119642857
118.923524125
118.583597125
118.25067726785716
117.9392447857143
117.6407265
117.35576853571429
117.086931625
116.82904451785717
116.58340875
116.3529805
116.134875875
115.93058862500001
115.7391596607143
115.56277201785714
115.40011630357144
115.24926867857144
115.116064375
114.99603912500001
114.8891915
114.79921823214286
114.72435708928572
114.66211075000001
114.61978325000001
114.59027062500002
114.57367398214285
114.580943125
114.59822864285714
114.63441448214286
114.68856471428572
114.75743335714286
114.84256507142858
114.95044758928572
115.07013075
115.21012789285714
115.36605882142857
115.5470723392857
115.73896587499999
115.95096266071428
116.18355680357142
116.43270025000001
116.70077819642857
116.98853751785714
117.29510885714286
117.61738651785714
117.965407125
118.33952812499999
118.745197
119.16312114285714
119.58797692857142
120.0169
120.44593733928572
120.87914735714284
121.31670232142858
121.754508625
122.19608389285713
122.640055375
123.08507848214285
123.53450030357143
123.98729058928569
124.44184519642856
124.89728624999998
125.35800674999999
125.82206332142857
126.2887368392857
126.75637010714286
127.231575125
127.70668403571429
128.18650100000002
128.67234148214285
129.1589135357143
129.65481701785714
130.1543491785714
130.6604673214286
131.1721910357143
131.689354375
132.21374451785715
132.74735676785713
133.28830401785714
133.84031248214288
134.40523519642858
134.97239460714286
135.55156437499997
136.14485973214286
124.28704883928573
124.0579965
123.7969757857143
123.53598358928573
123.263630125
122.98807189285714
122.70398358928571
122.41351830357142
122.1175735
121.8162228392857
121.51055998214287
121.20162869642857
120.8882994107143
120.5701855
120.24938807142857
119.92434287500001
119.59391319642856
119.26165119642857
118.923524125
118.583597125
118.25067726785716
117.9392447857143
117.6407265
117.35576853571429
117.086931625
116.82904451785717
116.58340875
116.3529805
116.134875875
115.93058862500001
115.7391596607143
115.56277201785714
115.40011630357144
115.24926867857144
115.116064375
114.99603912500001
114.8891915
114.79921823214286
114.72435708928572
114.66211075000001
114.61978325000001
114.59027062500002
114.57367398214285
114.580943125
114.59822864285714
114.63441448214286
114.68856471428572
114.75743335714286
114.84256507142858
114.95044758928572
115.07013075
115.21012789285714
115.36605882142857
115.5470723392857
115.73896587499999
115.95096266071428
116.18355680357142
116.43270025000001
116.70077819642857
116.98853751785714
117.29510885714286
117.61738651785714
117.965407125
118.33952812499999
118.745197
119.16312114285714
119.58797692857142
120.0169
120.44593733928572
120.87914735714284
121.31670232142858
121.754508625
122.19608389285713
122.640055375
123.08507848214285
123.53450030357143
123.98729058928569
124.44184519642856
124.89728624999998
125.35800674999999
125.82206332142857
126.2887368392857
126.75637010714286
127.231575125
127.70668403571429
128.18650100000002
128.67234148214285
129.1589135357143
129.65481701785714
130.1543491785714
130.6604673214286
131.1721910357143
131.689354375
132.21374451785715
132.74735676785713
133.28830401785714
133.84031248214288
134.40523519642858
134.97239460714286
135.55156437499997
136.14485973214286
124.39165142857144
124.14934199999999
123.88676799999999
123.60994199999999
123.33490142857143
123.051016
122.7621462857143
122.46777171428572
122.168148
121.86455171428571
121.55888885714286
121.24956771428572
120.93553428571428
120.61923242857142
120.2999682857143
119.97709400000001
119.65183342857142
119.32065014285713
118.98794885714287
118.652275
118.32135371428573
118.008907
117.71410999999999
117.43237385714286
117.16601257142858
116.913746
116.67118714285715
116.4438482857143
116.23361942857142
116.030978
115.84530771428572
115.67587628571428
115.51457942857144
115.36935985714287
115.243796
115.125858
115.025412
114.94311085714287
114.86934371428572
114.8145922857143
114.77739399999999
114.7524022857143
114.74383057142857
114.751821
114.77767828571429
114.81643942857141
114.87568228571428
114.95134871428571
115.03735057142858
115.15261614285714
115.27770799999999
115.42274757142856
115.58647771428572
115.76563728571428
115.96468314285713
116.18101242857142
116.41950200000002
116.67142899999999
116.94295771428573
117.23716057142857
117.54243257142858
117.876879
118.22596200000001
118.61265542857143
119.016084
119.43056485714285
119.84652742857143
120.26327599999999
120.68738771428572
121.11321642857143
121.54353742857143
121.975616
122.40947857142856
122.84701142857143
123.28922599999999
123.73203085714286
124.17704285714284
124.62583314285715
125.077596
125.53404942857142
125.98904085714284
126.45225185714285
126.91690828571429
127.38403285714286
127.8564777142857
128.33604300000002
128.81375028571426
129.29917528571428
129.78853514285714
130.28352585714285
130.78656028571427
131.29327828571428
131.808306
132.33193742857145
132.86290171428573
133.40358342857144
133.95408028571427
134.50893428571428
135.07922685714286
135.65807799999996
136.25932285714285
124.39165142857144
124.14934199999999
123.88676799999999
123.60994199999999
123.33490142857143
123.051016
122.7621462857143
122.46777171428572
122.168148
121.86455171428571
121.55888885714286
121.24956771428572
120.93553428571428
120.61923242857142
120.2999682857143
119.97709400000001
119.65183342857142
119.32065014285713
118.98794885714287
118.652275
118.32135371428573
118.008907
117.71410999999999
117.43237385714286
117.16601257142858
116.913746
116.67118714285715
116.4438482857143
116.23361942857142
116.030978
115.84530771428572
115.67587628571428
115.51457942857144
115.36935985714287
115.243796
115.125858
115.025412
114.94311085714287
114.86934371428572
114.8145922857143
114.77739399999999
114.7524022857143
114.74383057142857
114.751821
114.77767828571429
114.81643942857141
114.87568228571428
114.95134871428571
115.03735057142858
115.15261614285714
115.27770799999999
115.42274757142856
115.58647771428572
115.76563728571428
115.96468314285713
116.18101242857142
116.41950200000002
116.67142899999999
116.94295771428573
117.23716057142857
117.54243257142858
117.876879
118.22596200000001
118.61265542857143
119.016084
119.43056485714285
119.84652742857143
120.26327599999999
120.68738771428572
121.11321642857143
121.54353742857143
121.975616
122.40947857142856
122.84701142857143
123.28922599999999
123.73203085714286
124.17704285714284
124.62583314285715
125.077596
125.53404942857142
125.98904085714284
126.45225185714285
126.91690828571429
127.38403285714286
127.8564777142857
128.33604300000002
128.81375028571426
129.29917528571428
129.78853514285714
130.28352585714285
130.78656028571427
131.29327828571428
131.808306
132.33193742857145
132.86290171428573
133.40358342857144
133.95408028571427
134.50893428571428
135.07922685714286
135.65807799999996
136.25932285714285
124.50511455357145
124.240416875
123.96935942857142
123.68881328571429
123.40521692857143
123.11597158928572
122.81931175000001
122.51950678571427
122.21711450000001
121.91288058928572
121.60427391071428
121.29364882142856
120.98141705357143
120.66656130357143
120.349098875
120.02984512500001
119.70488717857143
119.38022503571429
119.05053948214287
118.7188891607143
118.39039396428572
118.08039483928573
117.7873055
117.510356125
117.24754314285715
116.99792733928571
116.76145507142857
116.5379624107143
116.33008032142857
116.136271625
115.95471453571429
115.78730098214285
115.63592123214286
115.49393162500002
115.37029241071428
115.26240389285714
115.165845375
115.08525876785714
115.02264550000001
114.96888726785714
114.93710705357142
114.91984433928573
114.91410117857141
114.93076975
114.95927566071428
115.00382758928572
115.06899778571429
115.14794017857143
115.24405133928572
115.35911648214284
115.492473375
115.64047051785714
115.807683875
115.99513733928572
116.19484550000001
116.42085699999998
116.657871125
116.9159945
117.19531125
117.488462
117.80228251785714
118.13710089285713
118.50188894642856
118.88948166071428
119.290853875
119.694835625
120.10203907142858
120.51292544642857
120.92983380357143
121.35101741071428
121.77189196428571
122.19774199999999
122.62632432142857
123.0574227142857
123.49061457142855
123.9275578392857
124.369547125
124.81179944642857
125.25802812499998
125.70598932142858
126.15846516071429
126.61634939285716
127.07594655357143
127.54073073214285
128.00675635714285
128.478397
128.9543470892857
129.43234978571428
129.92027392857142
130.41267962499998
130.90992266071424
131.41554885714285
131.928160375
132.44546926785713
132.9737885535714
133.51032382142859
134.05603825
134.61093699999998
135.18605910714285
135.76492762499998
136.36142401785713
124.50511455357145
124.240416875
123.96935942857142
123.68881328571429
123.40521692857143
123.11597158928572
122.81931175000001
122.51950678571427
122.21711450000001
121.91288058928572
121.60427391071428
121.29364882142856
120.98141705357143
120.66656130357143
120.349098875
120.02984512500001
119.70488717857143
119.38022503571429
119.05053948214287
118.7188891607143
118.39039396428572
118.08039483928573
117.7873055
117.510356125
117.24754314285715
116.99792733928571
116.76145507142857
116.5379624107143
116.33008032142857
116.136271625
115.95471453571429
115.78730098214285
115.63592123214286
115.49393162500002
115.37029241071428
115.26240389285714
115.165845375
115.08525876785714
115.02264550000001
114.96888726785714
114.93710705357142
114.91984433928573
114.91410117857141
114.93076975
114.95927566071428
115.00382758928572
115.06899778571429
115.14794017857143
115.24405133928572
115.35911648214284
115.492473375
115.64047051785714
115.807683875
115.99513733928572
116.19484550000001
116.42085699999998
116.657871125
116.9159945
117.19531125
117.488462
117.80228251785714
118.13710089285713
118.50188894642856
118.88948166071428
119.290853875
119.694835625
120.10203907142858
120.51292544642857
120.92983380357143
121.35101741071428
121.77189196428571
122.19774199999999
122.62632432142857
123.0574227142857
123.49061457142855
123.9275578392857
124.369547125
124.81179944642857
125.25802812499998
125.70598932142858
126.15846516071429
126.61634939285716
127.07594655357143
127.54073073214285
128.00675635714285
128.478397
128.9543470892857
129.43234978571428
129.92027392857142
130.41267962499998
130.90992266071424
131.41554885714285
131.928160375
132.44546926785713
132.9737885535714
133.51032382142859
134.05603825
134.61093699999998
135.18605910714285
135.76492762499998
136.36142401785713
124.61481160714285
124.33947875
124.04975542857142
123.7702092857143
123.47714382142857
123.17691375
122.87473607142859
122.57162924999997
122.26563725
121.95657639285714
121.64751553571428
121.33689032142857
121.02392353571429
120.71061485714284
120.39506525
120.07805249999998
119.76003974999999
119.43618478571429
119.11268828571428
118.78549142857142
118.46007339285714
118.15233217857141
117.86198025
117.58770121428572
117.32834285714286
117.08489732142857
116.85200567857143
116.63246107142857
116.43310057142857
116.24075925000001
116.06442767857143
115.90554807142857
115.75547160714288
115.61984957142857
115.5051045357143
115.39957839285715
115.3079585
115.23599100000001
115.17526300000002
115.12844267857143
115.10310982142856
115.08868749999999
115.09188864285714
115.11136725000001
115.14699889285714
115.1969330357143
115.26468696428572
115.35288667857142
115.45124774999998
115.57510446428572
115.7105875
115.86362403571428
116.04003907142858
116.22620732142857
116.436584
116.66068250000001
116.9047325
117.1699945
117.45100542857142
117.75061732142856
118.06839017857143
118.41907196428572
118.78645235714284
119.17082403571429
119.56344250000001
119.95955517857143
120.35880385714286
120.76416792857142
121.1730602857143
121.58439328571428
122.00045857142857
122.41960374999998
122.84296567857142
123.26610657142857
123.6946682142857
124.12757142857143
124.55976328571428
124.99720882142857
125.43821799999998
125.88196460714286
126.32971107142855
126.77880242857142
127.23320960714284
127.69255307142858
128.1575666785714
128.626175
129.0932464642857
129.56996042857142
130.0520127142857
130.53810407142856
131.03250982142856
131.53309910714285
132.0401315
132.55752607142855
133.08309332142858
133.61561875
134.16197685714286
134.71493971428572
135.2852715357143
135.85530999999997
136.45045089285713
124.61481160714285
124.33947875
124.04975542857142
123.7702092857143
123.47714382142857
123.17691375
122.87473607142859
122.57162924999997
122.26563725
121.95657639285714
121.64751553571428
121.33689032142857
121.02392353571429
120.71061485714284
120.39506525
120.07805249999998
119.76003974999999
119.43618478571429
119.11268828571428
118.78549142857142
118.46007339285714
118.15233217857141
117.86198025
117.58770121428572
117.32834285714286
117.08489732142857
116.85200567857143
116.63246107142857
116.43310057142857
116.24075925000001
116.06442767857143
115.90554807142857
115.75547160714288
115.61984957142857
115.5051045357143
115.39957839285715
115.3079585
115.23599100000001
115.17526300000002
115.12844267857143
115.10310982142856
115.08868749999999
115.09188864285714
115.11136725000001
115.14699889285714
115.1969330357143
115.26468696428572
115.35288667857142
115.45124774999998
115.57510446428572
115.7105875
115.86362403571428
116.04003907142858
116.22620732142857
116.436584
116.66068250000001
116.9047325
117.1699945
117.45100542857142
117.75061732142856
118.06839017857143
118.41907196428572
118.78645235714284
119.17082403571429
119.56344250000001
119.95955517857143
120.35880385714286
120.76416792857142
121.1730602857143
121.58439328571428
122.00045857142857
122.41960374999998
122.84296567857142
123.26610657142857
123.6946682142857
124.12757142857143
124.55976328571428
124.99720882142857
125.43821799999998
125.88196460714286
126.32971107142855
126.77880242857142
127.23320960714284
127.69255307142858
128.1575666785714
128.626175
129.0932464642857
129.56996042857142
130.0520127142857
130.53810407142856
131.03250982142856
131.53309910714285
132.0401315
132.55752607142855
133.08309332142858
133.61561875
134.16197685714286
134.71493971428572
135.2852715357143
135.85530999999997
136.45045089285713
124.7160058392857
124.43868012500002
124.1413506607143
123.84889907142858
123.5433901607143
123.23586258928572
122.92991491071427
122.61866460714286
122.308878875
121.99968273214286
121.68858253571429
121.37504469642856
121.06445055357145
120.75231285714287
120.43898714285714
120.125897625
119.80823691071429
119.49330107142858
119.17301041071428
118.85058562500001
118.53066389285715
118.22399451785715
117.935745375
117.66526357142857
117.41159830357142
117.17014230357142
116.94544810714285
116.73084369642858
116.53292383928571
116.350350375
116.17755937500002
116.02169751785715
115.88112405357143
115.75098635714286
115.63831894642857
115.54201775000001
115.45602274999999
115.38615875
115.3349071607143
115.29305342857143
115.27101351785714
115.26621680357142
115.27140098214286
115.298302625
115.33857105357143
115.39299714285714
115.46972058928571
115.55929535714286
115.66641010714285
115.79441680357142
115.933963625
116.0950939107143
116.271539375
116.46757657142857
116.67971283928573
116.91279750000001
117.15945892857142
117.42974187499999
117.71508383928571
118.02271005357143
118.35790432142858
118.706170875
119.07242858928572
119.45157610714287
119.83406674999999
120.22055426785714
120.61676094642857
121.01344317857144
121.41540196428572
121.8201316607143
122.22975303571428
122.644348875
123.05817380357144
123.47778062500001
123.89939914285712
124.32367239285713
124.75235391071428
125.18587192857143
125.619388375
126.05678592857143
126.49831805357142
126.94525558928572
127.39319741071427
127.84688633928573
128.303739625
128.766563125
129.23215441071432
129.7029605
130.17882119642854
130.66383557142856
131.1528545
131.64910337499998
132.15482137499998
132.6651519107143
133.18368189285712
133.71581798214285
134.2553535
134.80646307142857
135.36921116071431
135.94674949999998
136.54053835714285
124.7160058392857
124.43868012500002
124.1413506607143
123.84889907142858
123.5433901607143
123.23586258928572
122.92991491071427
122.61866460714286
122.308878875
121.99968273214286
121.68858253571429
121.37504469642856
121.06445055357145
120.75231285714287
120.43898714285714
120.125897625
119.80823691071429
119.49330107142858
119.17301041071428
118.85058562500001
118.53066389285715
118.22399451785715
117.935745375
117.66526357142857
117.41159830357142
117.17014230357142
116.94544810714285
116.73084369642858
116.53292383928571
116.350350375
116.17755937500002
116.02169751785715
115.88112405357143
115.75098635714286
115.63831894642857
115.54201775000001
115.45602274999999
115.38615875
115.3349071607143
115.29305342857143
115.27101351785714
115.26621680357142
115.27140098214286
115.298302625
115.33857105357143
115.39299714285714
115.46972058928571
115.55929535714286
115.66641010714285
115.79441680357142
115.933963625
116.0950939107143
116.271539375
116.46757657142857
116.67971283928573
116.91279750000001
117.15945892857142
117.42974187499999
117.71508383928571
118.02271005357143
118.35790432142858
118.706170875
119.07242858928572
119.45157610714287
119.83406674999999
120.22055426785714
120.61676094642857
121.01344317857144
121.41540196428572
121.8201316607143
122.22975303571428
122.644348875
123.05817380357144
123.47778062500001
123.89939914285712
124.32367239285713
124.75235391071428
125.18587192857143
125.619388375
126.05678592857143
126.49831805357142
126.94525558928572
127.39319741071427
127.84688633928573
128.303739625
128.766563125
129.23215441071432
129.7029605
130.17882119642854
130.66383557142856
131.1528545
131.64910337499998
132.15482137499998
132.6651519107143
133.18368189285712
133.71581798214285
134.2553535
134.80646307142857
135.36921116071431
135.94674949999998
136.54053835714285
124.83386364285715
124.53841200000001
124.2347692857143
123.91871121428572
123.60897492857143
123.29183364285714
122.97670835714285
122.66338114285715
122.350574
122.03598357142857
121.72325621428571
121.41266207142857
121.10106792857144
120.79027914285713
120.47968514285712
120.16835950000001
119.8587704285714
119.54484364285713
119.23191957142856
118.91672135714285
118.60060935714287
118.29729435714287
118.0091835
117.74412257142859
117.4941355
117.25929035714286
117.03717228571429
116.82898278571429
116.63819842857144
116.45861000000002
116.29249657142859
116.14383735714287
116.00771278571429
115.882726
115.77787142857142
115.68601171428573
115.60549749999998
115.54436792857142
115.49630635714286
115.46145485714287
115.44652364285716
115.44406564285717
115.45820614285714
115.48860850000001
115.53581778571429
115.59682071428571
115.6751625
115.77602864285714
115.88422842857142
116.01830471428573
116.16416500000001
116.32770064285715
116.51363350000001
116.70929635714286
116.93310135714285
117.16622507142856
117.42203157142858
117.69655549999999
117.98762400000001
118.31088607142857
118.64481178571428
118.99440521428572
119.35972064285714
119.728107
120.103895
120.48481614285714
120.87233342857142
121.26385521428571
121.65690357142857
122.05749692857144
122.45994778571426
122.865866
123.27591735714284
123.68757364285713
124.1038284285714
124.52393749999999
124.94579864285711
125.37071471428573
125.8005035
126.23282414285714
126.67093542857141
127.10772714285716
127.55111214285714
127.9998987857143
128.4519452142857
128.91046749999998
129.3730537857143
129.83657107142858
130.30922178571427
130.786737
131.2695222857143
131.762298
132.2596085
132.76699714285715
133.28610078571427
133.81314628571428
134.34900564285715
134.8967758571428
135.4536877857143
136.035866
136.61990114285712
124.83386364285715
124.53841200000001
124.2347692857143
123.91871121428572
123.60897492857143
123.29183364285714
122.97670835714285
122.66338114285715
122.350574
122.03598357142857
121.72325621428571
121.41266207142857
121.10106792857144
120.79027914285713
120.47968514285712
120.16835950000001
119.8587704285714
119.54484364285713
119.23191957142856
118.91672135714285
118.60060935714287
118.29729435714287
118.0091835
117.74412257142859
117.4941355
117.25929035714286
117.03717228571429
116.82898278571429
116.63819842857144
116.45861000000002
116.29249657142859
116.14383735714287
116.00771278571429
115.882726
115.77787142857142
115.68601171428573
115.60549749999998
115.54436792857142
115.49630635714286
115.46145485714287
115.44652364285716
115.44406564285717
115.45820614285714
115.48860850000001
115.53581778571429
115.59682071428571
115.6751625
115.77602864285714
115.88422842857142
116.01830471428573
116.16416500000001
116.32770064285715
116.51363350000001
116.70929635714286
116.93310135714285
117.16622507142856
117.42203157142858
117.69655549999999
117.98762400000001
118.31088607142857
118.64481178571428
118.99440521428572
119.35972064285714
119.728107
120.103895
120.48481614285714
120.87233342857142
121.26385521428571
121.65690357142857
122.05749692857144
122.45994778571426
122.865866
123.27591735714284
123.68757364285713
124.1038284285714
124.52393749999999
124.94579864285711
125.37071471428573
125.8005035
126.23282414285714
126.67093542857141
127.10772714285716
127.55111214285714
127.9998987857143
128.4519452142857
128.91046749999998
129.3730537857143
129.83657107142858
130.30922178571427
130.786737
131.2695222857143
131.762298
132.2596085
132.76699714285715
133.28610078571427
133.81314628571428
134.34900564285715
134.8967758571428
135.4536877857143
136.035866
136.61990114285712
124.95768914285715
124.634978375
124.31289771428573
123.99091651785714
123.66785303571427
123.343784625
123.02370764285713
122.701899625
122.38370562499999
122.06891748214284
121.75584264285712
121.44190308928572
121.13298108928572
120.82407776785715
120.51593635714285
120.209936125
119.90093142857143
119.59626762500001
119.28887932142857
118.97865783928572
118.67193810714286
118.37005948214286
118.084479625
117.82322048214284
117.57882796428572
117.34665294642858
117.13197046428573
116.92918416071429
116.74275398214286
116.570480625
116.40930346428571
116.266398
116.13680148214286
116.01975246428572
115.91915760714286
115.83251819642857
115.760791625
115.70393874999999
115.66260494642857
115.63455521428571
115.62213871428571
115.63009939285715
115.64716810714286
115.684429875
115.73836473214287
115.803457125
115.89218275
115.99142464285714
116.109641375
116.24922725000002
116.3957155
116.57176071428572
116.75661073214285
116.96381276785715
117.18900748214284
117.42958241071429
117.68984369642857
117.9709365
118.27297742857142
118.59693780357144
118.93666151785715
119.2871099642857
119.64205260714286
120.00376519642859
120.37165525
120.74873032142857
121.12750805357143
121.51085226785716
121.90023199999999
122.29224192857143
122.68998414285714
123.08830699999999
123.49199948214284
123.8999755
124.30837158928568
124.72148503571427
125.13738264285713
125.55949466071428
125.98237287500001
126.40804566071428
126.8381680892857
127.27226755357142
127.7122457142857
128.15242667857146
128.5992849642857
129.050031875
129.51291151785716
129.96802067857143
130.43979269642858
130.9076104642857
131.39014130357145
131.87354066071427
132.367531375
132.86974214285712
133.37847364285713
133.90060719642855
134.43312142857144
134.97497821428573
135.53342451785716
136.10422799999998
136.682377375
124.95768914285715
124.634978375
124.31289771428573
123.99091651785714
123.66785303571427
123.343784625
123.02370764285713
122.701899625
122.38370562499999
122.06891748214284
121.75584264285712
121.44190308928572
121.13298108928572
120.82407776785715
120.51593635714285
120.209936125
119.90093142857143
119.59626762500001
119.28887932142857
118.97865783928572
118.67193810714286
118.37005948214286
118.084479625
117.82322048214284
117.57882796428572
117.34665294642858
117.13197046428573
116.92918416071429
116.74275398214286
116.570480625
116.40930346428571
116.266398
116.13680148214286
116.01975246428572
115.91915760714286
115.83251819642857
115.760791625
115.70393874999999
115.66260494642857
115.63455521428571
115.62213871428571
115.63009939285715
115.64716810714286
115.684429875
115.73836473214287
115.803457125
115.89218275
115.99142464285714
116.109641375
116.24922725000002
116.3957155
116.57176071428572
116.75661073214285
116.96381276785715
117.18900748214284
117.42958241071429
117.68984369642857
117.9709365
118.27297742857142
118.59693780357144
118.93666151785715
119.2871099642857
119.64205260714286
120.00376519642859
120.37165525
120.74873032142857
121.12750805357143
121.51085226785716
121.90023199999999
122.29224192857143
122.68998414285714
123.08830699999999
123.49199948214284
123.8999755
124.30837158928568
124.72148503571427
125.13738264285713
125.55949466071428
125.98237287500001
126.40804566071428
126.8381680892857
127.27226755357142
127.7122457142857
128.15242667857146
128.5992849642857
129.050031875
129.51291151785716
129.96802067857143
130.43979269642858
130.9076104642857
131.39014130357145
131.87354066071427
132.367531375
132.86974214285712
133.37847364285713
133.90060719642855
134.43312142857144
134.97497821428573
135.53342451785716
136.10422799999998
136.682377375
125.06619707142859
124.727361
124.39721503571428
124.05365603571428
123.72463242857143
123.38841128571428
123.05991021428571
122.7353225
122.41566325
122.0958
121.77896746428571
121.46881571428571
121.15951432142856
120.85325875000001
120.54781560714287
120.245069
119.94497085714285
119.64161650000001
119.34173671428569
119.0411812142857
118.737791
118.44300357142856
118.1578045
117.90129839285714
117.66149375
117.4376597857143
117.226742
117.02994457142856
116.85155725
116.68379200000001
116.52900310714287
116.39216196428572
116.27010467857143
116.15775385714285
116.06369439285714
115.98596853571429
115.91737575000002
115.86740292857142
115.8338732142857
115.81034628571427
115.80630260714285
115.81677360714286
115.84322164285715
115.88491024999999
115.94364675
116.01724732142856
116.10844560714284
116.21726875
116.34111125
116.48144335714285
116.639152
116.81690499999999
117.01145617857142
117.22171889285714
117.45349121428572
117.69899660714286
117.96636803571427
118.25642675
118.56108528571428
118.89116617857144
119.2278469642857
119.57177328571427
119.92420710714286
120.27777982142857
120.64145775
121.00853724999999
121.38270478571428
121.7588079285714
122.14266767857143
122.52896692857142
122.91751317857143
123.31130774999998
123.70856335714285
124.11039735714286
124.51343175
124.92162289285713
125.3325249285714
125.74435889285714
126.16197024999997
126.58407049999998
127.00824235714283
127.43765185714284
127.8679704642857
128.3046304642857
128.74645946428572
129.19160625
129.64270364285713
130.09757774999997
130.56018910714286
131.02756925
131.5015872142857
131.98256078571427
132.47178275
132.9687756428571
133.47272489285714
133.99129617857142
134.51616664285714
135.05410728571425
135.60405585714284
136.16594924999998
136.74803382142855
125.06619707142859
124.727361
124.39721503571428
124.05365603571428
123.72463242857143
123.38841128571428
123.05991021428571
122.7353225
122.41566325
122.0958
121.77896746428571
121.46881571428571
121.15951432142856
120.85325875000001
120.54781560714287
120.245069
119.94497085714285
119.64161650000001
119.34173671428569
119.0411812142857
118.737791
118.44300357142856
118.1578045
117.90129839285714
117.66149375
117.4376597857143
117.226742
117.02994457142856
116.85155725
116.68379200000001
116.52900310714287
116.39216196428572
116.27010467857143
116.15775385714285
116.06369439285714
115.98596853571429
115.91737575000002
115.86740292857142
115.8338732142857
115.81034628571427
115.80630260714285
115.81677360714286
115.84322164285715
115.88491024999999
115.94364675
116.01724732142856
116.10844560714284
116.21726875
116.34111125
116.48144335714285
116.639152
116.81690499999999
117.01145617857142
117.22171889285714
117.45349121428572
117.69899660714286
117.96636803571427
118.25642675
118.56108528571428
118.89116617857144
119.2278469642857
119.57177328571427
119.92420710714286
120.27777982142857
120.64145775
121.00853724999999
121.38270478571428
121.7588079285714
122.14266767857143
122.52896692857142
122.91751317857143
123.31130774999998
123.70856335714285
124.11039735714286
124.51343175
124.92162289285713
125.3325249285714
125.74435889285714
126.16197024999997
126.58407049999998
127.00824235714283
127.43765185714284
127.8679704642857
128.3046304642857
128.74645946428572
129.19160625
129.64270364285713
130.09757774999997
130.56018910714286
131.02756925
131.5015872142857
131.98256078571427
132.47178275
132.9687756428571
133.47272489285714
133.99129617857142
134.51616664285714
135.05410728571425
135.60405585714284
136.16594924999998
136.74803382142855
125.17391535714287
124.82213762500001
124.46447164285715
124.11904541071428
123.77109428571427
123.42910499999999
123.09474319642858
122.76219342857142
122.435343
122.11528428571428
121.80029214285715
121.48636596428572
121.18071300000001
120.876151375
120.574690375
120.277826875
119.97910244642857
119.68671148214287
119.39167435714286
119.09631733928572
118.80711598214286
118.51375978571429
118.232281875
117.979954625
117.74646732142858
117.52694535714286
117.32219116071428
117.13209410714286
116.95873626785713
116.79991100000001
116.65112142857144
116.52182323214286
116.4029315
116.30080171428573
116.21233632142858
116.13784401785715
116.080482
116.03528217857144
116.00565162500001
115.99262114285713
115.99065437499999
116.0111555357143
116.04252376785715
116.08962274999999
116.15775578571429
116.23245544642856
116.33348489285716
116.44465137499999
116.57507799999999
116.724843625
116.88434000000001
117.0712659642857
117.26836230357142
117.48762041071427
117.72411546428572
117.97617017857142
118.25479766071427
118.54588899999999
118.86014567857143
119.18877030357143
119.51679874999999
119.85755866071429
120.20065307142858
120.55088041071429
120.908241
121.26963124999999
121.63526098214284
122.00881975
122.38331205357143
122.76383983928572
123.14713232142857
123.53469262499999
123.92748219642856
124.3206084107143
124.71887348214284
125.11939473214284
125.52458587499999
125.93254417857142
126.34573899999998
126.75849555357144
127.17802241071429
127.60007633928572
128.02666976785713
128.4573944107143
128.88981860714284
129.330505625
129.78096733928572
130.22502066071428
130.68364303571428
131.14102767857142
131.60898741071426
132.08513542857142
132.56679625
133.06311075
133.55866451785715
134.0762379464286
134.59009073214287
135.1298695892857
135.66937819642857
136.23346574999997
136.8044375
125.17391535714287
124.82213762500001
124.46447164285715
124.11904541071428
123.77109428571427
123.42910499999999
123.09474319642858
122.76219342857142
122.435343
122.11528428571428
121.80029214285715
121.48636596428572
121.18071300000001
120.876151375
120.574690375
120.277826875
119.97910244642857
119.68671148214287
119.39167435714286
119.09631733928572
118.80711598214286
118.51375978571429
118.232281875
117.979954625
117.74646732142858
117.52694535714286
117.32219116071428
117.13209410714286
116.95873626785713
116.79991100000001
116.65112142857144
116.52182323214286
116.4029315
116.30080171428573
116.21233632142858
116.13784401785715
116.080482
116.03528217857144
116.00565162500001
115.99262114285713
115.99065437499999
116.0111555357143
116.04252376785715
116.08962274999999
116.15775578571429
116.23245544642856
116.33348489285716
116.44465137499999
116.57507799999999
116.724843625
116.88434000000001
117.0712659642857
117.26836230357142
117.48762041071427
117.72411546428572
117.97617017857142
118.25479766071427
118.54588899999999
118.86014567857143
119.18877030357143
119.51679874999999
119.85755866071429
120.20065307142858
120.55088041071429
120.908241
121.26963124999999
121.63526098214284
122.00881975
122.38331205357143
122.76383983928572
123.14713232142857
123.53469262499999
123.92748219642856
124.3206084107143
124.71887348214284
125.11939473214284
125.52458587499999
125.93254417857142
126.34573899999998
126.75849555357144
127.17802241071429
127.60007633928572
128.02666976785713
128.4573944107143
128.88981860714284
129.330505625
129.78096733928572
130.22502066071428
130.68364303571428
131.14102767857142
131.60898741071426
132.08513542857142
132.56679625
133.06311075
133.55866451785715
134.0762379464286
134.59009073214287
135.1298695892857
135.66937819642857
136.23346574999997
136.8044375
125.27171200000001
124.89885900000002
124.53034128571429
124.16631614285714
123.8109062857143
123.45968485714286
123.11433199999999
122.77972514285715
122.450432
122.12666757142857
121.809089
121.4997417142857
121.19429
120.8931912857143
120.59614000000002
120.303354
120.01434914285713
119.72342285714286
119.437827
119.15393471428573
118.86547342857143
118.58369942857142
118.30725100000001
118.05924999999999
117.82966271428572
117.61629771428571
117.42031100000001
117.23625828571429
117.07022614285715
116.91532300000001
116.77543857142857
116.651968
116.54444471428573
116.44368771428572
116.36200014285714
116.29889114285716
116.24327399999999
116.20496142857144
116.18580600000001
116.17531742857143
116.18377957142857
116.20851614285714
116.24746771428572
116.302819
116.3701937142857
116.45754571428571
116.560835
116.67764985714285
116.81742357142855
116.966488
117.13974300000001
117.32782971428571
117.53294942857144
117.76038814285714
118.00279185714285
118.26792
118.54804142857142
118.846609
119.16129342857143
119.47984714285714
119.80466328571428
120.13919471428572
120.47596514285715
120.82387442857141
121.172335
121.52720142857143
121.88892514285715
122.25445442857144
122.62587214285713
122.99762028571428
123.37661842857142
123.758675
124.14269471428572
124.53111000000001
124.923907
125.32002942857142
125.71780757142855
126.12073457142857
126.52512999999999
126.93438628571428
127.34800371428571
127.76304471428573
128.18290185714284
128.60482842857144
129.03608542857143
129.468633
129.90801042857146
130.35167842857143
130.80154985714287
131.25723628571427
131.71737714285712
132.187594
132.662294
133.1486174285714
133.6402967142857
134.1469754285714
134.6615632857143
135.18914714285714
135.7284792857143
136.28180999999998
136.844095
125.27171200000001
124.89885900000002
124.53034128571429
124.16631614285714
123.8109062857143
123.45968485714286
123.11433199999999
122.77972514285715
122.450432
122.12666757142857
121.809089
121.4997417142857
121.19429
120.8931912857143
120.59614000000002
120.303354
120.01434914285713
119.72342285714286
119.437827
119.15393471428573
118.86547342857143
118.58369942857142
118.30725100000001
118.05924999999999
117.82966271428572
117.61629771428571
117.42031100000001
117.23625828571429
117.07022614285715
116.91532300000001
116.77543857142857
116.651968
116.54444471428573
116.44368771428572
116.36200014285714
116.29889114285716
116.24327399999999
116.20496142857144
116.18580600000001
116.17531742857143
116.18377957142857
116.20851614285714
116.24746771428572
116.302819
116.3701937142857
116.45754571428571
116.560835
116.67764985714285
116.81742357142855
116.966488
117.13974300000001
117.32782971428571
117.53294942857144
117.76038814285714
118.00279185714285
118.26792
118.54804142857142
118.846609
119.16129342857143
119.47984714285714
119.80466328571428
120.13919471428572
120.47596514285715
120.82387442857141
121.172335
121.52720142857143
121.88892514285715
122.25445442857144
122.62587214285713
122.99762028571428
123.37661842857142
123.758675
124.14269471428572
124.53111000000001
124.923907
125.32002942857142
125.71780757142855
126.12073457142857
126.52512999999999
126.93438628571428
127.34800371428571
127.76304471428573
128.18290185714284
128.60482842857144
129.03608542857143
129.468633
129.90801042857146
130.35167842857143
130.80154985714287
131.25723628571427
131.71737714285712
132.187594
132.662294
133.1486174285714
133.6402967142857
134.1469754285714
134.6615632857143
135.18914714285714
135.7284792857143
136.28180999999998
136.844095
125.36151667857143
124.97698125
124.57942782142858
124.21210139285714
123.837266375
123.48159085714286
123.13055266071429
122.78592971428571
122.45275337499999
122.12994062499999
121.81409714285712
121.50436005357142
121.20168330357143
120.90209058928572
120.61076273214285
120.32535462499999
120.0384999107143
119.75980448214284
119.48100348214285
119.20218644642856
118.92755003571428
118.65243782142856
118.38293475
118.13786194642856
117.91399885714286
117.70906674999999
117.51641175
117.34077605357143
117.18277308928572
117.035918375
116.9012989107143
116.78343633928573
116.68200505357142
116.59418658928571
116.51862869642856
116.45615646428571
116.413695875
116.38147155357142
116.3652620357143
116.36665278571428
116.37831921428571
116.41211010714287
116.4560449642857
116.51429900000001
116.594833
116.68381819642858
116.79537864285713
116.91835046428571
117.05900137499998
117.221345875
117.39763574999999
117.5928449642857
117.80357367857144
118.03892798214284
118.29629535714285
118.56275635714285
118.85157523214286
119.149101375
119.45568244642857
119.77080701785714
120.09013589285713
120.41899346428572
120.75132019642857
121.09151205357142
121.435383
121.78453789285713
122.141235875
122.50118605357142
122.86363183928572
123.23399839285712
123.60532196428571
123.98227499999999
124.36041151785713
124.74300453571428
125.13092724999998
125.51845226785713
125.91124612499999
126.30741919642855
126.70727962499998
127.1105362142857
127.51390062499999
127.92583671428571
128.33806298214284
128.75832641071426
129.1775374642857
129.60697937499998
130.04257637499998
130.47436962499998
130.91870799999998
131.36530582142856
131.8187907142857
132.28558580357142
132.75136924999998
133.23643419642855
133.71711932142858
134.22217017857142
134.72262557142858
135.2469512857143
135.77530794642857
136.321095375
136.88324937500002
125.36151667857143
124.97698125
124.57942782142858
124.21210139285714
123.837266375
123.48159085714286
123.13055266071429
122.78592971428571
122.45275337499999
122.12994062499999
121.81409714285712
121.50436005357142
121.20168330357143
120.90209058928572
120.61076273214285
120.32535462499999
120.0384999107143
119.75980448214284
119.48100348214285
119.20218644642856
118.92755003571428
118.65243782142856
118.38293475
118.13786194642856
117.91399885714286
117.70906674999999
117.51641175
117.34077605357143
117.18277308928572
117.035918375
116.9012989107143
116.78343633928573
116.68200505357142
116.59418658928571
116.51862869642856
116.45615646428571
116.413695875
116.38147155357142
116.3652620357143
116.36665278571428
116.37831921428571
116.41211010714287
116.4560449642857
116.51429900000001
116.594833
116.68381819642858
116.79537864285713
116.91835046428571
117.05900137499998
117.221345875
117.39763574999999
117.5928449642857
117.80357367857144
118.03892798214284
118.29629535714285
118.56275635714285
118.85157523214286
119.149101375
119.45568244642857
119.77080701785714
120.09013589285713
120.41899346428572
120.75132019642857
121.09151205357142
121.435383
121.78453789285713
122.141235875
122.50118605357142
122.86363183928572
123.23399839285712
123.60532196428571
123.98227499999999
124.36041151785713
124.74300453571428
125.13092724999998
125.51845226785713
125.91124612499999
126.30741919642855
126.70727962499998
127.1105362142857
127.51390062499999
127.92583671428571
128.33806298214284
128.75832641071426
129.1775374642857
129.60697937499998
130.04257637499998
130.47436962499998
130.91870799999998
131.36530582142856
131.8187907142857
132.28558580357142
132.75136924999998
133.23643419642855
133.71711932142858
134.22217017857142
134.72262557142858
135.2469512857143
135.77530794642857
136.321095375
136.88324937500002
125.44584196428572
125.03009525000002
124.62416039285714
124.23709957142857
123.85225771428571
123.48968928571429
123.12612639285715
122.78246817857143
122.44749800000001
122.12203217857142
121.80631328571428
121.49885799999998
121.19892832142858
120.90560707142858
120.61839360714285
120.33774075000001
120.06166274999998
119.78726617857143
119.51866810714286
119.25332739285714
118.9846365
118.7196415
118.45937950000001
118.21831560714286
118.00038932142857
117.79925474999999
117.61607521428571
117.44912517857142
117.29501078571428
117.15592099999998
117.03019871428572
116.92185817857144
116.82653460714286
116.74279071428572
116.67571771428571
116.62551317857144
116.58511874999999
116.55857367857143
116.55456760714286
116.55743803571428
116.58062167857143
116.61982728571428
116.66773857142857
116.739138
116.8179420357143
116.91751992857142
117.03492239285714
117.16264253571428
117.31549439285715
117.47522828571428
117.66173675
117.8634692142857
118.08356325000001
118.33442510714286
118.59155182142858
118.86627071428573
119.15386717857143
119.444537
119.74919932142858
120.05733442857144
120.37346489285713
120.69660303571428
121.02226303571429
121.35959267857143
121.69652575
122.04245739285716
122.39152217857142
122.74565960714285
123.10392178571429
123.46719003571428
123.83491678571428
124.20358374999999
124.57691928571428
124.95411114285713
125.33604742857142
125.71857357142858
126.10570957142856
126.49384307142859
126.88797174999999
127.28409346428572
127.68529960714287
128.08750610714287
128.49576810714285
128.9048967857143
129.32095710714287
129.7452325
130.1680959642857
130.60101385714285
131.03356160714284
131.4774004285714
131.92181807142856
132.37905775
132.8382605
133.3105881785714
133.7918217857143
134.2812497857143
134.78348839285715
135.29336971428572
135.81599257142858
136.36111874999997
136.9041226785714
125.44584196428572
125.03009525000002
124.62416039285714
124.23709957142857
123.85225771428571
123.48968928571429
123.12612639285715
122.78246817857143
122.44749800000001
122.12203217857142
121.80631328571428
121.49885799999998
121.19892832142858
120.90560707142858
120.61839360714285
120.33774075000001
120.06166274999998
119.78726617857143
119.51866810714286
119.25332739285714
118.9846365
118.7196415
118.45937950000001
118.21831560714286
118.00038932142857
117.79925474999999
117.61607521428571
117.44912517857142
117.29501078571428
117.15592099999998
117.03019871428572
116.92185817857144
116.82653460714286
116.74279071428572
116.67571771428571
116.62551317857144
116.58511874999999
116.55857367857143
116.55456760714286
116.55743803571428
116.58062167857143
116.61982728571428
116.66773857142857
116.739138
116.8179420357143
116.91751992857142
117.03492239285714
117.16264253571428
117.31549439285715
117.47522828571428
117.66173675
117.8634692142857
118.08356325000001
118.33442510714286
118.59155182142858
118.86627071428573
119.15386717857143
119.444537
119.74919932142858
120.05733442857144
120.37346489285713
120.69660303571428
121.02226303571429
121.35959267857143
121.69652575
122.04245739285716
122.39152217857142
122.74565960714285
123.10392178571429
123.46719003571428
123.83491678571428
124.20358374999999
124.57691928571428
124.95411114285713
125.33604742857142
125.71857357142858
126.10570957142856
126.49384307142859
126.88797174999999
127.28409346428572
127.68529960714287
128.08750610714287
128.49576810714285
128.9048967857143
129.32095710714287
129.7452325
130.1680959642857
130.60101385714285
131.03356160714284
131.4774004285714
131.92181807142856
132.37905775
132.8382605
133.3105881785714
133.7918217857143
134.2812497857143
134.78348839285715
135.29336971428572
135.81599257142858
136.36111874999997
136.9041226785714
125.50668014285714
125.07953499999999
124.64880014285714
124.25007919642857
123.85410551785716
123.4822460357143
123.11808264285713
122.76491610714285
122.42934299999999
122.10427666071428
121.78995308928572
121.4835700892857
121.18635405357143
120.90095589285714
120.61966367857141
120.34604162500001
120.0749199107143
119.81248296428572
119.55353107142857
119.29398360714286
119.03919117857143
118.787371
118.5378125
118.29944442857142
118.08402835714287
117.89216776785713
117.71643074999999
117.5559815
117.4132585
117.27882512500001
117.16046721428572
117.05937558928571
116.97438344642858
116.89821064285714
116.8385097142857
116.79116053571428
116.761973125
116.74239287499998
116.74206732142858
116.76030855357142
116.78658142857142
116.83011085714286
116.88876998214285
116.96195425000002
117.052482375
117.15754680357142
117.27733092857142
117.4147955
117.56840782142858
117.74022716071428
117.932756875
118.14030551785714
118.38103423214285
118.63130282142856
118.89322982142858
119.1694318392857
119.4511372142857
119.73839850000002
120.0387695892857
120.34082171428571
120.65466094642856
120.96984478571429
121.29455817857144
121.62280128571427
121.95719500000001
122.29729107142857
122.64166073214285
122.98838587499999
123.3436259642857
123.70065991071428
124.06143773214285
124.42582787499998
124.79346080357142
125.16683117857141
125.53769089285714
125.91958367857143
126.29663723214284
126.68207132142857
127.06805099999998
127.46014278571428
127.85150514285712
128.24922957142857
128.64992923214282
129.0549594464286
129.4634586785714
129.87837925
130.29716207142855
130.71679230357142
131.1444978392857
131.58116169642858
132.01954398214284
132.47168899999997
132.921465875
133.39254701785714
133.8571923392857
134.34421382142855
134.83010105357144
135.33507716071426
135.85527351785714
136.38156025
136.91998855357141
125.50668014285714
125.07953499999999
124.64880014285714
124.25007919642857
123.85410551785716
123.4822460357143
123.11808264285713
122.76491610714285
122.42934299999999
122.10427666071428
121.78995308928572
121.4835700892857
121.18635405357143
120.90095589285714
120.61966367857141
120.34604162500001
120.0749199107143
119.81248296428572
119.55353107142857
119.29398360714286
119.03919117857143
118.787371
118.5378125
118.29944442857142
118.08402835714287
117.89216776785713
117.71643074999999
117.5559815
117.4132585
117.27882512500001
117.16046721428572
117.05937558928571
116.97438344642858
116.89821064285714
116.8385097142857
116.79116053571428
116.761973125
116.74239287499998
116.74206732142858
116.76030855357142
116.78658142857142
116.83011085714286
116.88876998214285
116.96195425000002
117.052482375
117.15754680357142
117.27733092857142
117.4147955
117.56840782142858
117.74022716071428
117.932756875
118.14030551785714
118.38103423214285
118.63130282142856
118.89322982142858
119.1694318392857
119.4511372142857
119.73839850000002
120.0387695892857
120.34082171428571
120.65466094642856
120.96984478571429
121.29455817857144
121.62280128571427
121.95719500000001
122.29729107142857
122.64166073214285
122.98838587499999
123.3436259642857
123.70065991071428
124.06143773214285
124.42582787499998
124.79346080357142
125.16683117857141
125.53769089285714
125.91958367857143
126.29663723214284
126.68207132142857
127.06805099999998
127.46014278571428
127.85150514285712
128.24922957142857
128.64992923214282
129.0549594464286
129.4634586785714
129.87837925
130.29716207142855
130.71679230357142
131.1444978392857
131.58116169642858
132.01954398214284
132.47168899999997
132.921465875
133.39254701785714
133.8571923392857
134.34421382142855
134.83010105357144
135.33507716071426
135.85527351785714
136.38156025
136.91998855357141
125.55746964285714
125.09460899999999
124.6653847857143
124.24436857142857
123.84283307142857
123.46189035714286
123.08772907142858
122.73762735714286
122.39943650000001
122.07293871428571
121.75884607142856
121.45640957142857
121.16566607142857
120.88488192857145
120.61457642857143
120.3456425
120.08540328571428
119.82916535714286
119.57924164285714
119.33385078571428
119.09282892857144
118.84933992857142
118.61165150000001
118.38061185714287
118.17249842857143
117.98495357142858
117.81601392857144
117.66433814285713
117.52771885714286
117.4056515
117.29569035714285
117.2025975
117.12120850000002
117.05571807142857
117.00340642857142
116.96798071428572
116.94193750000001
116.92937978571427
116.94178535714286
116.96025492857143
116.99644642857145
117.05009735714285
117.11145042857144
117.1957725
117.28843892857142
117.40014392857142
117.52980964285715
117.67014107142856
117.83447907142855
118.00890764285714
118.210865
118.43790964285714
118.67863835714286
118.93326778571429
119.19437757142856
119.46655535714285
119.74458021428572
120.02949100000001
120.32458171428571
120.6224565
120.93091607142856
121.242589
121.5631655
121.88740557142857
122.21694749999997
122.55165357142857
122.88941214285714
123.23378821428571
123.5817267142857
123.93498257142856
124.28948892857142
124.64839900000001
125.01190392857143
125.37540842857143
125.74606699999998
126.11603678571429
126.49249635714284
126.86888464285714
127.25025999999998
127.63264400000001
128.0201539285714
128.412191
128.80427742857142
129.2017492142857
129.60191771428572
130.0138825
130.422564
130.84142992857142
131.25725392857143
131.68665242857142
132.11490428571426
132.556555
133.00289899999999
133.45768642857144
133.9253777857143
134.39433607142857
134.87742992857142
135.37720857142855
135.87668664285715
136.39905699999997
136.93458642857144
125.55746964285714
125.09460899999999
124.6653847857143
124.24436857142857
123.84283307142857
123.46189035714286
123.08772907142858
122.73762735714286
122.39943650000001
122.07293871428571
121.75884607142856
121.45640957142857
121.16566607142857
120.88488192857145
120.61457642857143
120.3456425
120.08540328571428
119.82916535714286
119.57924164285714
119.33385078571428
119.09282892857144
118.84933992857142
118.61165150000001
118.38061185714287
118.17249842857143
117.98495357142858
117.81601392857144
117.66433814285713
117.52771885714286
117.4056515
117.29569035714285
117.2025975
117.12120850000002
117.05571807142857
117.00340642857142
116.96798071428572
116.94193750000001
116.92937978571427
116.94178535714286
116.96025492857143
116.99644642857145
117.05009735714285
117.11145042857144
117.1957725
117.28843892857142
117.40014392857142
117.52980964285715
117.67014107142856
117.83447907142855
118.00890764285714
118.210865
118.43790964285714
118.67863835714286
118.93326778571429
119.19437757142856
119.46655535714285
119.74458021428572
120.02949100000001
120.32458171428571
120.6224565
120.93091607142856
121.242589
121.5631655
121.88740557142857
122.21694749999997
122.55165357142857
122.88941214285714
123.23378821428571
123.5817267142857
123.93498257142856
124.28948892857142
124.64839900000001
125.01190392857143
125.37540842857143
125.74606699999998
126.11603678571429
126.49249635714284
126.86888464285714
127.25025999999998
127.63264400000001
128.0201539285714
128.412191
128.80427742857142
129.2017492142857
129.60191771428572
130.0138825
130.422564
130.84142992857142
131.25725392857143
131.68665242857142
132.11490428571426
132.556555
133.00289899999999
133.45768642857144
133.9253777857143
134.39433607142857
134.87742992857142
135.37720857142855
135.87668664285715
136.39905699999997
136.93458642857144
125.57952939285715
125.10370187500001
124.65186298214286
124.21653619642856
123.80967603571429
123.41730351785714
123.04728267857142
122.69097267857143
122.35139924999999
122.02729848214285
121.71922667857143
121.41892691071428
121.13439719642857
120.86029082142858
120.5930104642857
120.33820324999999
120.08501030357142
119.84113723214284
119.60454166071428
119.37002548214286
119.1360967857143
118.90988575
118.6836635
118.46568301785715
118.26186876785715
118.07888305357143
117.91954326785714
117.77717039285713
117.6484003392857
117.53121525000002
117.43149616071429
117.34787651785715
117.27688580357143
117.21559973214286
117.17068796428572
117.14127446428571
117.12578725
117.12497146428572
117.14001005357143
117.16894392857142
117.21403705357142
117.26847480357144
117.34283492857142
117.4304355
117.53212535714286
117.65296280357143
117.78191751785714
117.93688810714285
118.10355239285713
118.29191116071428
118.51001275
118.73620817857142
118.98063130357143
119.23419817857142
119.4906705
119.76099835714287
120.035414
120.31830312499999
120.60761289285713
120.90147403571427
121.20701007142856
121.51201639285713
121.830246125
122.14793019642858
122.47454875
122.80369596428571
123.13762224999999
123.477065875
123.82090607142857
124.16606994642858
124.51670410714286
124.87007687499998
125.22851907142856
125.58724564285713
125.95156316071427
126.31571857142856
126.68643694642856
127.05629666071428
127.43123987499999
127.80828407142856
128.18925598214287
128.57046130357142
128.958860625
129.34837785714285
129.74495533928572
130.14377075
130.54566191071427
130.95460407142855
131.365941
131.7876959285714
132.20896162499997
132.64524103571426
133.079236875
133.53024489285713
133.97756132142857
134.44215260714284
134.91975180357144
135.40169155357142
135.89957926785718
136.41435374999998
136.92484203571428
125.57952939285715
125.10370187500001
124.65186298214286
124.21653619642856
123.80967603571429
123.41730351785714
123.04728267857142
122.69097267857143
122.35139924999999
122.02729848214285
121.71922667857143
121.41892691071428
121.13439719642857
120.86029082142858
120.5930104642857
120.33820324999999
120.08501030357142
119.84113723214284
119.60454166071428
119.37002548214286
119.1360967857143
118.90988575
118.6836635
118.46568301785715
118.26186876785715
118.07888305357143
117.91954326785714
117.77717039285713
117.6484003392857
117.53121525000002
117.43149616071429
117.34787651785715
117.27688580357143
117.21559973214286
117.17068796428572
117.14127446428571
117.12578725
117.12497146428572
117.14001005357143
117.16894392857142
117.21403705357142
117.26847480357144
117.34283492857142
117.4304355
117.53212535714286
117.65296280357143
117.78191751785714
117.93688810714285
118.10355239285713
118.29191116071428
118.51001275
118.73620817857142
118.98063130357143
119.23419817857142
119.4906705
119.76099835714287
120.035414
120.31830312499999
120.60761289285713
120.90147403571427
121.20701007142856
121.51201639285713
121.830246125
122.14793019642858
122.47454875
122.80369596428571
123.13762224999999
123.477065875
123.82090607142857
124.16606994642858
124.51670410714286
124.87007687499998
125.22851907142856
125.58724564285713
125.95156316071427
126.31571857142856
126.68643694642856
127.05629666071428
127.43123987499999
127.80828407142856
128.18925598214287
128.57046130357142
128.958860625
129.34837785714285
129.74495533928572
130.14377075
130.54566191071427
130.95460407142855
131.365941
131.7876959285714
132.20896162499997
132.64524103571426
133.079236875
133.53024489285713
133.97756132142857
134.44215260714284
134.91975180357144
135.40169155357142
135.89957926785718
136.41435374999998
136.92484203571428
125.58139299999999
125.06782625000001
124.61900289285714
124.16819692857143
123.75889525000001
123.3600705357143
122.98754732142856
122.6274687857143
122.29041499999997
121.965168
121.66059264285714
121.371478
121.09121432142857
120.82453899999999
120.56676378571427
120.31890675
120.07856214285712
119.84626807142857
119.62037057142857
119.39737771428571
119.18244982142856
118.96961310714285
118.75665775
118.54786942857142
118.35427814285714
118.17807810714285
118.02273057142857
117.88893296428571
117.77162739285716
117.6636005
117.57143171428572
117.49343885714286
117.43017953571429
117.38056721428572
117.34465821428572
117.32244460714284
117.31639025000001
117.32230692857142
117.34811060714286
117.38160842857144
117.43151557142858
117.49964078571429
117.5771147142857
117.67498425
117.78318253571427
117.90708825000002
118.05241967857143
118.20781696428571
118.39053953571427
118.59220239285713
118.8101605
119.03799410714285
119.28255135714286
119.53033657142856
119.78559785714285
120.05227817857143
120.32080503571427
120.60285725
120.88597317857142
121.18056803571427
121.47797921428571
121.78264064285713
122.09411839285714
122.40724582142857
122.731657
123.05367882142858
123.38476721428572
123.71941500000001
124.05712214285714
124.39853982142857
124.7432989285714
125.09377525
125.44281739285714
125.80091014285713
126.15401885714283
126.51717167857143
126.87661253571427
127.24465903571429
127.61131324999997
127.98302475
128.35430492857142
128.7343507142857
129.11177721428572
129.49623821428574
129.88173564285714
130.2804615
130.67095885714284
131.07487942857142
131.47306646428572
131.8856967857143
132.29897864285715
132.72154978571427
133.15456249999997
133.58775435714284
134.03452107142857
134.49247435714287
134.94954775000002
135.42663399999998
135.91126625
136.4092665
136.9197547857143
125.58139299999999
125.06782625000001
124.61900289285714
124.16819692857143
123.75889525000001
123.3600705357143
122.98754732142856
122.6274687857143
122.29041499999997
121.965168
121.66059264285714
121.371478
121.09121432142857
120.82453899999999
120.56676378571427
120.31890675
120.07856214285712
119.84626807142857
119.62037057142857
119.39737771428571
119.18244982142856
118.96961310714285
118.75665775
118.54786942857142
118.35427814285714
118.17807810714285
118.02273057142857
117.88893296428571
117.77162739285716
117.6636005
117.57143171428572
117.49343885714286
117.43017953571429
117.38056721428572
117.34465821428572
117.32244460714284
117.31639025000001
117.32230692857142
117.34811060714286
117.38160842857144
117.43151557142858
117.49964078571429
117.5771147142857
117.67498425
117.78318253571427
117.90708825000002
118.05241967857143
118.20781696428571
118.39053953571427
118.59220239285713
118.8101605
119.03799410714285
119.28255135714286
119.53033657142856
119.78559785714285
120.05227817857143
120.32080503571427
120.60285725
120.88597317857142
121.18056803571427
121.47797921428571
121.78264064285713
122.09411839285714
122.40724582142857
122.731657
123.05367882142858
123.38476721428572
123.71941500000001
124.05712214285714
124.39853982142857
124.7432989285714
125.09377525
125.44281739285714
125.80091014285713
126.15401885714283
126.51717167857143
126.87661253571427
127.24465903571429
127.61131324999997
127.98302475
128.35430492857142
128.7343507142857
129.11177721428572
129.49623821428574
129.88173564285714
130.2804615
130.67095885714284
131.07487942857142
131.47306646428572
131.8856967857143
132.29897864285715
132.72154978571427
133.15456249999997
133.58775435714284
134.03452107142857
134.49247435714287
134.94954775000002
135.42663399999998
135.91126625
136.4092665
136.9197547857143
125.53383544642855
125.03149325
124.55943371428572
124.09738776785716
123.68237991071427
123.27074564285715
122.90342135714285
122.54420085714287
122.208046875
121.89377982142857
121.59232589285713
121.30924492857143
121.03630930357143
120.77594126785715
120.52911801785712
120.29186449999999
120.06574207142857
119.842268
119.62778551785713
119.42303882142858
119.21861419642858
119.02197344642858
118.82499049999998
118.63350516071428
118.45176987500001
118.27827948214286
118.13162298214286
118.00620707142856
117.89292637499999
117.79497925000001
117.71204575000002
117.64344510714287
117.59037560714287
117.54938060714287
117.52217939285714
117.50962669642857
117.51197525
117.52617417857141
117.55877475
117.59956632142857
117.66303232142857
117.72981541071428
117.82048817857144
117.92357337499999
118.04028830357143
118.180752875
118.32546582142857
118.49911853571427
118.68998253571428
118.89289376785713
119.113059875
119.34015219642856
119.57806921428572
119.82290032142856
120.07624751785713
120.33845942857144
120.60649096428573
120.883702875
121.16344735714286
121.45377521428571
121.74802223214286
122.05003585714286
122.35611176785716
122.66780973214286
122.98501949999999
123.30549912500001
123.6307940892857
123.96097453571429
124.29438401785714
124.63121512499998
124.97222517857142
125.31382224999999
125.66168339285716
126.00928117857143
126.36215951785711
126.71520539285714
127.07215030357142
127.43089914285714
127.79384262499998
128.15803162499998
128.52518560714284
128.89286573214287
129.26597525
129.64276846428572
130.02241776785715
130.40566049999998
130.7926978035714
131.18609375
131.5803550892857
131.98520341071426
132.38995864285715
132.80503821428567
133.2192165
133.64709341071426
134.08352887499998
134.525853875
134.98208373214285
135.4480294642857
135.9162994107143
136.40929012499998
136.9004600892857
125.53383544642855
125.03149325
124.55943371428572
124.09738776785716
123.68237991071427
123.27074564285715
122.90342135714285
122.54420085714287
122.208046875
121.89377982142857
121.59232589285713
121.30924492857143
121.03630930357143
120.77594126785715
120.52911801785712
120.29186449999999
120.06574207142857
119.842268
119.62778551785713
119.42303882142858
119.21861419642858
119.02197344642858
118.82499049999998
118.63350516071428
118.45176987500001
118.27827948214286
118.13162298214286
118.00620707142856
117.89292637499999
117.79497925000001
117.71204575000002
117.64344510714287
117.59037560714287
117.54938060714287
117.52217939285714
117.50962669642857
117.51197525
117.52617417857141
117.55877475
117.59956632142857
117.66303232142857
117.72981541071428
117.82048817857144
117.92357337499999
118.04028830357143
118.180752875
118.32546582142857
118.49911853571427
118.68998253571428
118.89289376785713
119.113059875
119.34015219642856
119.57806921428572
119.82290032142856
120.07624751785713
120.33845942857144
120.60649096428573
120.883702875
121.16344735714286
121.45377521428571
121.74802223214286
122.05003585714286
122.35611176785716
122.66780973214286
122.98501949999999
123.30549912500001
123.6307940892857
123.96097453571429
124.29438401785714
124.63121512499998
124.97222517857142
125.31382224999999
125.66168339285716
126.00928117857143
126.36215951785711
126.71520539285714
127.07215030357142
127.43089914285714
127.79384262499998
128.15803162499998
128.52518560714284
128.89286573214287
129.26597525
129.64276846428572
130.02241776785715
130.40566049999998
130.7926978035714
131.18609375
131.5803550892857
131.98520341071426
132.38995864285715
132.80503821428567
133.2192165
133.64709341071426
134.08352887499998
134.525853875
134.98208373214285
135.4480294642857
135.9162994107143
136.40929012499998
136.9004600892857
125.47301457142859
124.94400999999999
124.4556377142857
123.9988927142857
123.57726771428571
123.1726647142857
122.80628914285714
122.4438337142857
122.112666
121.80284785714284
121.50890057142857
121.229669
120.96830714285716
120.71738371428572
120.48177828571428
120.254975
120.04278342857143
119.83013671428571
119.63308114285715
119.43984928571427
119.25239828571428
119.06801414285714
118.89159999999998
118.72003514285714
118.54588400000002
118.38977657142857
118.24396571428571
118.12196671428572
118.01969457142857
117.93174200000001
117.85970228571429
117.80075257142857
117.755452
117.72323028571428
117.7042057142857
117.69940142857143
117.71091199999998
117.73547614285714
117.77551600000001
117.82735871428572
117.89183514285715
117.97423985714286
118.06970514285715
118.18174599999999
118.31854342857145
118.4583022857143
118.61608457142857
118.79887442857142
118.98985571428571
119.19379314285713
119.411456
119.63400914285714
119.87054571428573
120.11208985714285
120.36446914285715
120.62242857142857
120.88689028571429
121.160958
121.43809371428571
121.72590271428572
122.01610428571428
122.31457285714285
122.61651428571427
122.92485042857143
123.23845
123.55473471428571
123.87720114285713
124.20100942857144
124.53073742857143
124.86321214285714
125.199236
125.53695499999999
125.87897057142857
126.22138014285714
126.56840114285714
126.91486357142857
127.26708285714285
127.61863057142857
127.97523199999999
128.332788
128.69206485714284
129.05453557142857
129.42096571428573
129.78753685714287
130.16052514285713
130.54218300000002
130.9143537142857
131.30073842857144
131.68352485714286
132.07601614285713
132.4749177142857
132.87666557142856
133.28943800000002
133.707985
134.1271622857143
134.5638852857143
135.0023882857143
135.45411671428573
135.92213828571428
136.39605299999997
136.8739442857143
125.47301457142859
124.94400999999999
124.4556377142857
123.9988927142857
123.57726771428571
123.1726647142857
122.80628914285714
122.4438337142857
122.112666
121.80284785714284
121.50890057142857
121.229669
120.96830714285716
120.71738371428572
120.48177828571428
120.254975
120.04278342857143
119.83013671428571
119.63308114285715
119.43984928571427
119.25239828571428
119.06801414285714
118.89159999999998
118.72003514285714
118.54588400000002
118.38977657142857
118.24396571428571
118.12196671428572
118.01969457142857
117.93174200000001
117.85970228571429
117.80075257142857
117.755452
117.72323028571428
117.7042057142857
117.69940142857143
117.71091199999998
117.73547614285714
117.77551600000001
117.82735871428572
117.89183514285715
117.97423985714286
118.06970514285715
118.18174599999999
118.31854342857145
118.4583022857143
118.61608457142857
118.79887442857142
118.98985571428571
119.19379314285713
119.411456
119.63400914285714
119.87054571428573
120.11208985714285
120.36446914285715
120.62242857142857
120.88689028571429
121.160958
121.43809371428571
121.72590271428572
122.01610428571428
122.31457285714285
122.61651428571427
122.92485042857143
123.23845
123.55473471428571
123.87720114285713
124.20100942857144
124.53073742857143
124.86321214285714
125.199236
125.53695499999999
125.87897057142857
126.22138014285714
126.56840114285714
126.91486357142857
127.26708285714285
127.61863057142857
127.97523199999999
128.332788
128.69206485714284
129.05453557142857
129.42096571428573
129.78753685714287
130.16052514285713
130.54218300000002
130.9143537142857
131.30073842857144
131.68352485714286
132.07601614285713
132.4749177142857
132.87666557142856
133.28943800000002
133.707985
134.1271622857143
134.5638852857143
135.0023882857143
135.45411671428573
135.92213828571428
136.39605299999997
136.8739442857143
125.3710475
124.83765762499999
124.35462132142857
123.88033105357144
123.4574645
123.04290803571429
122.67544578571427
122.31702692857142
121.999429125
121.69273282142856
121.40869651785712
121.13645737500002
120.88354475000001
120.64704110714285
120.4234619642857
120.211809375
120.0053115357143
119.8133290357143
119.62661826785715
119.45004064285715
119.27560330357144
119.11427107142858
118.95337862500001
118.79599205357144
118.64747841071429
118.50071026785714
118.36952296428572
118.24954332142858
118.15255689285713
118.07283925
118.01011482142857
117.96012857142858
117.92494698214286
117.90329037500001
117.89370444642859
117.89985428571428
117.91773775
117.94860550000001
117.999147
118.056968
118.13790973214287
118.22390839285715
118.33287075000001
118.46033675000001
118.59754191071428
118.75294062500001
118.91474698214287
119.09547855357144
119.28473992857141
119.49120307142857
119.703925625
119.92565710714285
120.15911676785714
120.39584066071427
120.64709989285714
120.90055812499999
121.16601778571427
121.43520625
121.71186767857144
121.99459219642857
122.28218633928572
122.57843860714286
122.87522898214286
123.18235364285712
123.48914125
123.80413830357142
124.12085657142858
124.44204432142857
124.76630426785715
125.09562516071428
125.42474776785713
125.760467375
126.09352546428572
126.43444344642856
126.77263476785714
127.11701794642859
127.45981055357143
127.80859316071428
128.155985
128.5074972142857
128.86128973214286
129.21580060714285
129.57118932142856
129.93444310714287
130.29729451785713
130.666535
131.0364562857143
131.41257005357141
131.79014910714284
132.17353639285713
132.55711410714284
132.95230667857143
133.34979737499998
133.75531387499998
134.17306960714285
134.5953357142857
135.0216972857143
135.46875323214286
135.90984378571432
136.37241899999998
136.84716553571428
125.3710475
124.83765762499999
124.35462132142857
123.88033105357144
123.4574645
123.04290803571429
122.67544578571427
122.31702692857142
121.999429125
121.69273282142856
121.40869651785712
121.13645737500002
120.88354475000001
120.64704110714285
120.4234619642857
120.211809375
120.0053115357143
119.8133290357143
119.62661826785715
119.45004064285715
119.27560330357144
119.11427107142858
118.95337862500001
118.79599205357144
118.64747841071429
118.50071026785714
118.36952296428572
118.24954332142858
118.15255689285713
118.07283925
118.01011482142857
117.96012857142858
117.92494698214286
117.90329037500001
117.89370444642859
117.89985428571428
117.91773775
117.94860550000001
117.999147
118.056968
118.13790973214287
118.22390839285715
118.33287075000001
118.46033675000001
118.59754191071428
118.75294062500001
118.91474698214287
119.09547855357144
119.28473992857141
119.49120307142857
119.703925625
119.92565710714285
120.15911676785714
120.39584066071427
120.64709989285714
120.90055812499999
121.16601778571427
121.43520625
121.71186767857144
121.99459219642857
122.28218633928572
122.57843860714286
122.87522898214286
123.18235364285712
123.48914125
123.80413830357142
124.12085657142858
124.44204432142857
124.76630426785715
125.09562516071428
125.42474776785713
125.760467375
126.09352546428572
126.43444344642856
126.77263476785714
127.11701794642859
127.45981055357143
127.80859316071428
128.155985
128.5074972142857
128.86128973214286
129.21580060714285
129.57118932142856
129.93444310714287
130.29729451785713
130.666535
131.0364562857143
131.41257005357141
131.79014910714284
132.17353639285713
132.55711410714284
132.95230667857143
133.34979737499998
133.75531387499998
134.17306960714285
134.5953357142857
135.0216972857143
135.46875323214286
135.90984378571432
136.37241899999998
136.84716553571428
125.25373646428571
124.69673774999998
124.19431692857142
123.72338957142857
123.29737689285714
122.89190671428571
122.53235332142857
122.18224142857142
121.8609475
121.56529135714285
121.28737960714285
121.0290572857143
120.78827964285715
120.5652692142857
120.35104589285714
120.154955
119.9647667142857
119.78549121428571
119.61483803571429
119.45156403571428
119.30094971428571
119.14988250000002
119.00669375000001
118.87147289285713
118.73749671428571
118.61362628571428
118.49327903571431
118.38689907142857
118.29489421428572
118.22285074999999
118.16725485714285
118.12772871428571
118.09942246428574
118.088284
118.08998378571428
118.10598203571429
118.13462550000001
118.17879335714285
118.22826403571429
118.30920842857142
118.39106146428573
118.49085753571428
118.61252396428571
118.74072050000001
118.88753032142857
119.04158307142858
119.20658021428572
119.38896582142857
119.57812089285713
119.78057164285715
119.99047600000002
120.21145932142856
120.44197521428572
120.67862496428572
120.92689864285715
121.17848110714286
121.43985003571429
121.7056315
121.98108010714286
122.26059314285715
122.546722
122.83802221428573
123.13441664285715
123.43685071428571
123.741777
124.05219939285713
124.36451199999999
124.6819475
125.00333978571427
125.32621578571427
125.65355460714285
125.9806845
126.31254492857143
126.6444195
126.98054764285715
127.31696789285714
127.65666967857143
127.99716889285713
128.340126
128.68387767857143
129.02983621428572
129.37632089285717
129.72856835714285
130.07873717857143
130.43719389285715
130.79945375
131.15563639285716
131.5206710357143
131.8878285
132.2602215
132.64359735714285
133.02509425
133.41086524999997
133.81112439285712
134.20622625000001
134.6156847142857
135.04045285714284
135.46605739285715
135.90066928571432
136.35863225
136.79995275
125.25373646428571
124.69673774999998
124.19431692857142
123.72338957142857
123.29737689285714
122.89190671428571
122.53235332142857
122.18224142857142
121.8609475
121.56529135714285
121.28737960714285
121.0290572857143
120.78827964285715
120.5652692142857
120.35104589285714
120.154955
119.9647667142857
119.78549121428571
119.61483803571429
119.45156403571428
119.30094971428571
119.14988250000002
119.00669375000001
118.87147289285713
118.73749671428571
118.61362628571428
118.49327903571431
118.38689907142857
118.29489421428572
118.22285074999999
118.16725485714285
118.12772871428571
118.09942246428574
118.088284
118.08998378571428
118.10598203571429
118.13462550000001
118.17879335714285
118.22826403571429
118.30920842857142
118.39106146428573
118.49085753571428
118.61252396428571
118.74072050000001
118.88753032142857
119.04158307142858
119.20658021428572
119.38896582142857
119.57812089285713
119.78057164285715
119.99047600000002
120.21145932142856
120.44197521428572
120.67862496428572
120.92689864285715
121.17848110714286
121.43985003571429
121.7056315
121.98108010714286
122.26059314285715
122.546722
122.83802221428573
123.13441664285715
123.43685071428571
123.741777
124.05219939285713
124.36451199999999
124.6819475
125.00333978571427
125.32621578571427
125.65355460714285
125.9806845
126.31254492857143
126.6444195
126.98054764285715
127.31696789285714
127.65666967857143
127.99716889285713
128.340126
128.68387767857143
129.02983621428572
129.37632089285717
129.72856835714285
130.07873717857143
130.43719389285715
130.79945375
131.15563639285716
131.5206710357143
131.8878285
132.2602215
132.64359735714285
133.02509425
133.41086524999997
133.81112439285712
134.20622625000001
134.6156847142857
135.04045285714284
135.46605739285715
135.90066928571432
136.35863225
136.79995275
125.05866864285714
124.50902500000001
124.01452755357144
123.546062
123.12266451785715
122.71993807142856
122.35863651785714
122.01335294642855
121.70513387499999
121.42061078571427
121.14829039285715
120.906805625
120.6773254642857
120.46845646428572
120.27078444642856
120.08353375
119.91067585714285
119.75037917857142
119.59341119642858
119.45120148214285
119.31073301785713
119.18088889285713
119.05748375
118.9409304642857
118.82645660714287
118.71796287499998
118.62231976785714
118.52975641071427
118.44883571428572
118.38428775
118.33800698214286
118.30719416071429
118.29013421428573
118.28874680357143
118.30148499999999
118.32307160714286
118.361355625
118.41500951785713
118.48290521428572
118.56357092857144
118.66017903571428
118.76951137500001
118.89009226785713
119.021891125
119.17111051785713
119.3274426607143
119.49586430357142
119.67497257142858
119.86107941071428
120.06478682142857
120.273093375
120.49280169642859
120.72121794642857
120.95488008928571
121.2017185
121.45013475000002
121.71159503571427
121.97436687499999
122.24842701785713
122.52510812499999
122.808836125
123.0970490892857
123.39104408928571
123.69021321428572
123.99142975000001
124.29935460714285
124.6091022857143
124.92233941071427
125.2393965
125.55814580357142
125.88084730357141
126.204107875
126.53114151785714
126.85778021428573
127.18912489285712
127.51900857142857
127.8525288035714
128.18694719642858
128.522267
128.86055367857142
129.19771832142857
129.53990998214286
129.8799393392857
130.22473748214284
130.57488010714286
130.925403
131.27867916071426
131.6335631607143
131.98947730357142
132.35484757142856
132.7175834285714
133.0895495892857
133.47545587499997
133.85510469642855
134.24367455357142
134.64747373214283
135.0432677857143
135.45792473214283
135.88842255357142
136.31795012499998
136.75746971428572
125.05866864285714
124.50902500000001
124.01452755357144
123.546062
123.12266451785715
122.71993807142856
122.35863651785714
122.01335294642855
121.70513387499999
121.42061078571427
121.14829039285715
120.906805625
120.6773254642857
120.46845646428572
120.27078444642856
120.08353375
119.91067585714285
119.75037917857142
119.59341119642858
119.45120148214285
119.31073301785713
119.18088889285713
119.05748375
118.9409304642857
118.82645660714287
118.71796287499998
118.62231976785714
118.52975641071427
118.44883571428572
118.38428775
118.33800698214286
118.30719416071429
118.29013421428573
118.28874680357143
118.30148499999999
118.32307160714286
118.361355625
118.41500951785713
118.48290521428572
118.56357092857144
118.66017903571428
118.76951137500001
118.89009226785713
119.021891125
119.17111051785713
119.3274426607143
119.49586430357142
119.67497257142858
119.86107941071428
120.06478682142857
120.273093375
120.49280169642859
120.72121794642857
120.95488008928571
121.2017185
121.45013475000002
121.71159503571427
121.97436687499999
122.24842701785713
122.52510812499999
122.808836125
123.0970490892857
123.39104408928571
123.69021321428572
123.99142975000001
124.29935460714285
124.6091022857143
124.92233941071427
125.2393965
125.55814580357142
125.88084730357141
126.204107875
126.53114151785714
126.85778021428573
127.18912489285712
127.51900857142857
127.8525288035714
128.18694719642858
128.522267
128.86055367857142
129.19771832142857
129.53990998214286
129.8799393392857
130.22473748214284
130.57488010714286
130.925403
131.27867916071426
131.6335631607143
131.98947730357142
132.35484757142856
132.7175834285714
133.0895495892857
133.47545587499997
133.85510469642855
134.24367455357142
134.64747373214283
135.0432677857143
135.45792473214283
135.88842255357142
136.31795012499998
136.75746971428572
124.85550564285714
124.3029165
123.79412207142857
123.32470500000001
122.90012242857144
122.50865014285714
122.15845642857143
121.82770914285715
121.52179749999999
121.25237707142858
120.99883285714284
120.76280935714286
120.55633700000001
120.35474428571429
120.17629557142858
120.006369
119.8520685
119.7033495
119.57055678571427
119.43756264285716
119.31989935714286
119.20744392857142
119.102406
119.00031364285715
118.90645421428573
118.82158364285715
118.73836328571429
118.6686892857143
118.6062675
118.555304
118.52247892857145
118.50011457142857
118.49655335714286
118.50392257142859
118.52479142857143
118.55493014285716
118.603532
118.66156749999999
118.73886828571429
118.82943521428572
118.92683678571427
119.0394682857143
119.16610307142857
119.3020335
119.45033214285715
119.60403135714284
119.77442792857144
119.95342621428573
120.14335564285714
120.34315235714286
120.5493485
120.76824457142857
120.99557357142857
121.22960235714285
121.4734635
121.72109257142857
121.97985335714286
122.240015
122.51304207142859
122.78650235714287
123.069863
123.3543232857143
123.64695021428571
123.94167650000001
124.241171
124.54569757142859
124.85172607142857
125.16295142857142
125.47421171428572
125.79150507142857
126.10716578571427
126.42932499999999
126.74762121428572
127.07314564285714
127.3958755
127.72313292857143
128.0493299285714
128.37771907142857
128.7076475
129.03664092857144
129.36850135714286
129.70109464285713
130.03645485714284
130.3727485
130.7119054285714
131.053899
131.39155985714288
131.7378517857143
132.0933367142857
132.44344192857142
132.79898514285713
133.16631157142857
133.5230735
133.8933295
134.27811235714285
134.65957807142854
135.05244228571428
135.4607622142857
135.85811978571428
136.2802485
136.70782592857142
124.85550564285714
124.3029165
123.79412207142857
123.32470500000001
122.90012242857144
122.50865014285714
122.15845642857143
121.82770914285715
121.52179749999999
121.25237707142858
120.99883285714284
120.76280935714286
120.55633700000001
120.35474428571429
120.17629557142858
120.006369
119.8520685
119.7033495
119.57055678571427
119.43756264285716
119.31989935714286
119.20744392857142
119.102406
119.00031364285715
118.90645421428573
118.82158364285715
118.73836328571429
118.6686892857143
118.6062675
118.555304
118.52247892857145
118.50011457142857
118.49655335714286
118.50392257142859
118.52479142857143
118.55493014285716
118.603532
118.66156749999999
118.73886828571429
118.82943521428572
118.92683678571427
119.0394682857143
119.16610307142857
119.3020335
119.45033214285715
119.60403135714284
119.77442792857144
119.95342621428573
120.14335564285714
120.34315235714286
120.5493485
120.76824457142857
120.99557357142857
121.22960235714285
121.4734635
121.72109257142857
121.97985335714286
122.240015
122.51304207142859
122.78650235714287
123.069863
123.3543232857143
123.64695021428571
123.94167650000001
124.241171
124.54569757142859
124.85172607142857
125.16295142857142
125.47421171428572
125.79150507142857
126.10716578571427
126.42932499999999
126.74762121428572
127.07314564285714
127.3958755
127.72313292857143
128.0493299285714
128.37771907142857
128.7076475
129.03664092857144
129.36850135714286
129.70109464285713
130.03645485714284
130.3727485
130.7119054285714
131.053899
131.39155985714288
131.7378517857143
132.0933367142857
132.44344192857142
132.79898514285713
133.16631157142857
133.5230735
133.8933295
134.27811235714285
134.65957807142854
135.05244228571428
135.4607622142857
135.85811978571428
136.2802485
136.70782592857142
124.57203389285715
124.025596375
123.52629219642857
123.0714322857143
122.65944228571429
122.28019023214286
121.93436157142855
121.61322710714285
121.32139912500001
121.0671810357143
120.82395255357142
120.60772967857143
120.41256214285714
120.23130055357143
120.06634976785713
119.91480475
119.77933919642857
119.65553723214286
119.52860526785715
119.42223675
119.32092546428571
119.22687612499999
119.13740787500001
119.05845123214287
118.98377673214287
118.91218176785713
118.85712819642859
118.80128653571428
118.7565917857143
118.72352587499999
118.70203732142858
118.69774991071431
118.70272526785715
118.72014632142859
118.74688217857144
118.78943423214287
118.84276775000001
118.91261501785714
118.9912307857143
119.08672280357145
119.19103392857143
119.30827271428572
119.43318369642857
119.569981125
119.71967071428571
119.8779124107143
120.04966280357144
120.22659408928571
120.4151469642857
120.61585394642857
120.821563125
121.04044594642856
121.26613125
121.49826010714285
121.74047798214286
121.987363
122.24411344642857
122.50379875
122.7745253214286
123.04687633928572
123.32746976785714
123.61039676785714
123.90003723214286
124.19256266071429
124.49100412499999
124.79139569642857
125.096837875
125.40249644642857
125.71264632142856
126.02335264285715
126.33796994642857
126.65276599999999
126.96942671428572
127.2873125
127.606996375
127.92767667857142
128.24783374999998
128.57002132142858
128.892161
129.21379569642858
129.53999694642857
129.86421558928572
130.19288064285712
130.51596114285712
130.85434842857143
131.18278112500002
131.51556641071429
131.85247607142858
132.18514112499997
132.52729539285713
132.87969803571428
133.22533401785714
133.58033075
133.94528648214285
134.30094892857142
134.67329423214287
135.0512671607143
135.43820201785715
135.83562944642858
136.24444112499998
136.64287426785714
124.57203389285715
124.025596375
123.52629219642857
123.0714322857143
122.65944228571429
122.28019023214286
121.93436157142855
121.61322710714285
121.32139912500001
121.0671810357143
120.82395255357142
120.60772967857143
120.41256214285714
120.23130055357143
120.06634976785713
119.91480475
119.77933919642857
119.65553723214286
119.52860526785715
119.42223675
119.32092546428571
119.22687612499999
119.13740787500001
119.05845123214287
118.98377673214287
118.91218176785713
118.85712819642859
118.80128653571428
118.7565917857143
118.72352587499999
118.70203732142858
118.69774991071431
118.70272526785715
118.72014632142859
118.74688217857144
118.78943423214287
118.84276775000001
118.91261501785714
118.9912307857143
119.08672280357145
119.19103392857143
119.30827271428572
119.43318369642857
119.569981125
119.71967071428571
119.8779124107143
120.04966280357144
120.22659408928571
120.4151469642857
120.61585394642857
120.821563125
121.04044594642856
121.26613125
121.49826010714285
121.74047798214286
121.987363
122.24411344642857
122.50379875
122.7745253214286
123.04687633928572
123.32746976785714
123.61039676785714
123.90003723214286
124.19256266071429
124.49100412499999
124.79139569642857
125.096837875
125.40249644642857
125.71264632142856
126.02335264285715
126.33796994642857
126.65276599999999
126.96942671428572
127.2873125
127.606996375
127.92767667857142
128.24783374999998
128.57002132142858
128.892161
129.21379569642858
129.53999694642857
129.86421558928572
130.19288064285712
130.51596114285712
130.85434842857143
131.18278112500002
131.51556641071429
131.85247607142858
132.18514112499997
132.52729539285713
132.87969803571428
133.22533401785714
133.58033075
133.94528648214285
134.30094892857142
134.67329423214287
135.0512671607143
135.43820201785715
135.83562944642858
136.24444112499998
136.64287426785714
124.26337428571429
123.72981175
123.23825889285713
122.78799810714285
122.37397139285714
122.00886267857143
121.67355507142857
121.37411132142857
121.09797425
120.85536410714286
120.63944392857141
120.42995939285714
120.25798292857144
120.09515303571429
119.94315589285712
119.82170625
119.69604589285713
119.58891589285714
119.48751932142858
119.39673507142857
119.31663892857142
119.23788521428571
119.17148650000001
119.10875164285716
119.05173314285716
119.00696375000001
118.9588975357143
118.92788289285716
118.90024246428572
118.88358025000001
118.87849660714285
118.8823402857143
118.90130428571429
118.92750971428573
118.96910135714285
119.01574714285715
119.08026975000001
119.15227292857145
119.24027364285715
119.33975564285714
119.44434125000001
119.56424975
119.69372928571428
119.83627325000002
119.9861539642857
120.14332589285715
120.31534939285714
120.49300085714287
120.68547682142858
120.88398089285715
121.08764375
121.30739882142858
121.53166082142857
121.76472310714286
122.00539735714287
122.25117982142858
122.50590710714286
122.76524850000001
123.03392132142858
123.30318332142858
123.58337589285713
123.86446310714285
124.15285610714287
124.44252964285712
124.7383235
125.03707571428572
125.33848225000001
125.64203332142857
125.9494950357143
126.25631239285714
126.56833517857143
126.87745975
127.19274739285714
127.50355335714286
127.8210635
128.13315357142858
128.45034399999997
128.76372814285716
129.08046325
129.39658110714285
129.7135273214286
130.03285842857144
130.34767078571429
130.67033292857144
130.98368396428572
131.30747250000002
131.63789010714288
131.96011332142857
132.28869460714284
132.62362667857144
132.94941482142858
133.28567325
133.631773
133.97629985714286
134.33147242857143
134.69276232142857
135.04860914285715
135.42459985714285
135.7984486071429
136.18699149999998
136.58470660714283
124.26337428571429
123.72981175
123.23825889285713
122.78799810714285
122.37397139285714
122.00886267857143
121.67355507142857
121.37411132142857
121.09797425
120.85536410714286
120.63944392857141
120.42995939285714
120.25798292857144
120.09515303571429
119.94315589285712
119.82170625
119.69604589285713
119.58891589285714
119.48751932142858
119.39673507142857
119.31663892857142
119.23788521428571
119.17148650000001
119.10875164285716
119.05173314285716
119.00696375000001
118.9588975357143
118.92788289285716
118.90024246428572
118.88358025000001
118.87849660714285
118.8823402857143
118.90130428571429
118.92750971428573
118.96910135714285
119.01574714285715
119.08026975000001
119.15227292857145
119.24027364285715
119.33975564285714
119.44434125000001
119.56424975
119.69372928571428
119.83627325000002
119.9861539642857
120.14332589285715
120.31534939285714
120.49300085714287
120.68547682142858
120.88398089285715
121.08764375
121.30739882142858
121.53166082142857
121.76472310714286
122.00539735714287
122.25117982142858
122.50590710714286
122.76524850000001
123.03392132142858
123.30318332142858
123.58337589285713
123.86446310714285
124.15285610714287
124.44252964285712
124.7383235
125.03707571428572
125.33848225000001
125.64203332142857
125.9494950357143
126.25631239285714
126.56833517857143
126.87745975
127.19274739285714
127.50355335714286
127.8210635
128.13315357142858
128.45034399999997
128.76372814285716
129.08046325
129.39658110714285
129.7135273214286
130.03285842857144
130.34767078571429
130.67033292857144
130.98368396428572
131.30747250000002
131.63789010714288
131.96011332142857
132.28869460714284
132.62362667857144
132.94941482142858
133.28567325
133.631773
133.97629985714286
134.33147242857143
134.69276232142857
135.04860914285715
135.42459985714285
135.7984486071429
136.18699149999998
136.58470660714283
123.89469069642857
123.3720435
122.87853160714286
122.45461310714285
122.05467757142857
121.715863375
121.39231557142857
121.10925710714284
120.84709637499999
120.62873049999999
120.42374883928571
120.24070087499999
120.08645644642857
119.94301762500001
119.81762828571429
119.7033105
119.60845157142856
119.51642426785713
119.43686541071428
119.36678901785714
119.2995805
119.24703517857142
119.19694450000001
119.15454401785715
119.11970792857143
119.08643385714285
119.06528653571428
119.04554153571428
119.03739316071429
119.036055
119.04450080357142
119.06462973214286
119.09241335714287
119.12999971428572
119.17780074999999
119.23819592857143
119.30665237500001
119.38745408928573
119.47897496428573
119.58231173214287
119.69303657142856
119.81876637500001
119.94776069642856
120.09155387500002
120.2429557857143
120.40408607142857
120.57774539285714
120.75653785714286
120.94693939285713
121.14573610714285
121.352334875
121.57039219642856
121.79272076785715
122.02571648214285
122.26498025000001
122.51157582142856
122.76490544642857
123.02410087500002
123.29082744642858
123.56008944642858
123.83775441071428
124.11728198214286
124.40427555357144
124.69280489285714
124.987535375
125.28126442857142
125.58272400000001
125.88165348214287
126.1866495357143
126.49157973214287
126.79791255357144
127.105042125
127.41290785714286
127.72203494642858
128.03064007142854
128.34070092857144
128.64917753571427
128.95823839285714
129.267913625
129.57671319642856
129.88724675
130.19611857142857
130.50598467857142
130.81486285714288
131.122451625
131.44304825
131.74866405357142
132.06580460714287
132.3872124642857
132.70428648214283
133.029598625
133.35609301785715
133.67867825
134.014405875
134.34971292857142
134.69370857142854
135.0491402857143
135.4070608392857
135.76389126785713
136.143884125
136.51107758928572
123.89469069642857
123.3720435
122.87853160714286
122.45461310714285
122.05467757142857
121.715863375
121.39231557142857
121.10925710714284
120.84709637499999
120.62873049999999
120.42374883928571
120.24070087499999
120.08645644642857
119.94301762500001
119.81762828571429
119.7033105
119.60845157142856
119.51642426785713
119.43686541071428
119.36678901785714
119.2995805
119.24703517857142
119.19694450000001
119.15454401785715
119.11970792857143
119.08643385714285
119.06528653571428
119.04554153571428
119.03739316071429
119.036055
119.04450080357142
119.06462973214286
119.09241335714287
119.12999971428572
119.17780074999999
119.23819592857143
119.30665237500001
119.38745408928573
119.47897496428573
119.58231173214287
119.69303657142856
119.81876637500001
119.94776069642856
120.09155387500002
120.2429557857143
120.40408607142857
120.57774539285714
120.75653785714286
120.94693939285713
121.14573610714285
121.352334875
121.57039219642856
121.79272076785715
122.02571648214285
122.26498025000001
122.51157582142856
122.76490544642857
123.02410087500002
123.29082744642858
123.56008944642858
123.83775441071428
124.11728198214286
124.40427555357144
124.69280489285714
124.987535375
125.28126442857142
125.58272400000001
125.88165348214287
126.1866495357143
126.49157973214287
126.79791255357144
127.105042125
127.41290785714286
127.72203494642858
128.03064007142854
128.34070092857144
128.64917753571427
128.95823839285714
129.267913625
129.57671319642856
129.88724675
130.19611857142857
130.50598467857142
130.81486285714288
131.122451625
131.44304825
131.74866405357142
132.06580460714287
132.3872124642857
132.70428648214283
133.029598625
133.35609301785715
133.67867825
134.014405875
134.34971292857142
134.69370857142854
135.0491402857143
135.4070608392857
135.76389126785713
136.143884125
136.51107758928572
123.45525499999998
122.97213399999998
122.49792285714285
122.0988867142857
121.70595742857142
121.38413085714285
121.072911
120.81499171428571
120.58025499999998
120.37205428571428
120.20111714285713
120.03267871428571
119.89703942857143
119.78378285714285
119.67027314285716
119.585286
119.50301642857141
119.43543514285713
119.38251585714285
119.32392657142857
119.28814985714286
119.24700642857144
119.22008299999999
119.19684442857142
119.17682
119.1690317142857
119.15684114285713
119.16165642857143
119.16651528571428
119.18227900000001
119.20428100000001
119.23499885714286
119.27768457142858
119.327192
119.38443314285715
119.44886542857142
119.52846600000001
119.61497128571428
119.71217242857144
119.82139714285714
119.93622457142858
120.06161685714287
120.19515657142857
120.34414799999999
120.49703628571429
120.65844857142858
120.83164685714286
121.01296971428572
121.20589957142857
121.40490385714286
121.610241
121.82763685714285
122.05108357142858
122.28488671428573
122.52387385714287
122.76974357142858
123.02241214285715
123.279866
123.54532628571428
123.81385457142858
124.0905732857143
124.36923471428572
124.65509442857143
124.94200642857143
125.234408
125.52759414285714
125.82484685714286
126.12316614285714
126.42441099999999
126.72587200000001
127.03010042857143
127.33257
127.63760585714286
127.941588
128.24558657142856
128.55061385714285
128.852266
129.15776428571428
129.45755100000002
129.763662
130.06070285714284
130.3676155714286
130.66243957142856
130.9579894285714
131.2633602857143
131.574714
131.86735542857144
132.18191885714288
132.4775295714286
132.78838857142856
133.0992907142857
133.41132085714287
133.73219
134.05388585714286
134.372198
134.70698828571426
135.03268785714286
135.37435228571428
135.72982414285715
136.08399899999998
136.43717871428572
123.45525499999998
122.97213399999998
122.49792285714285
122.0988867142857
121.70595742857142
121.38413085714285
121.072911
120.81499171428571
120.58025499999998
120.37205428571428
120.20111714285713
120.03267871428571
119.89703942857143
119.78378285714285
119.67027314285716
119.585286
119.50301642857141
119.43543514285713
119.38251585714285
119.32392657142857
119.28814985714286
119.24700642857144
119.22008299999999
119.19684442857142
119.17682
119.1690317142857
119.15684114285713
119.16165642857143
119.16651528571428
119.18227900000001
119.20428100000001
119.23499885714286
119.27768457142858
119.327192
119.38443314285715
119.44886542857142
119.52846600000001
119.61497128571428
119.71217242857144
119.82139714285714
119.93622457142858
120.06161685714287
120.19515657142857
120.34414799999999
120.49703628571429
120.65844857142858
120.83164685714286
121.01296971428572
121.20589957142857
121.40490385714286
121.610241
121.82763685714285
122.05108357142858
122.28488671428573
122.52387385714287
122.76974357142858
123.02241214285715
123.279866
123.54532628571428
123.81385457142858
124.0905732857143
124.36923471428572
124.65509442857143
124.94200642857143
125.234408
125.52759414285714
125.82484685714286
126.12316614285714
126.42441099999999
126.72587200000001
127.03010042857143
127.33257
127.63760585714286
127.941588
128.24558657142856
128.55061385714285
128.852266
129.15776428571428
129.45755100000002
129.763662
130.06070285714284
130.3676155714286
130.66243957142856
130.9579894285714
131.2633602857143
131.574714
131.86735542857144
132.18191885714288
132.4775295714286
132.78838857142856
133.0992907142857
133.41132085714287
133.73219
134.05388585714286
134.372198
134.70698828571426
135.03268785714286
135.37435228571428
135.72982414285715
136.08399899999998
136.43717871428572
122.95824812499998
122.491589125
122.06745364285715
121.68394533928571
121.31379503571429
121.02310941071427
120.73112314285713
120.49950992857141
120.28173375
120.10125698214286
119.94779246428571
119.8118863392857
119.69784210714286
119.59830507142857
119.5199420892857
119.45034949999999
119.39745498214288
119.347154625
119.31117689285715
119.284822875
119.25820191071429
119.24612264285713
119.23671025
119.23064367857143
119.23625019642857
119.23811919642858
119.25420176785715
119.26879564285714
119.29197303571429
119.32101350000002
119.35910783928571
119.40348280357142
119.45422894642857
119.51334317857143
119.58265207142857
119.65879357142857
119.7421985
119.83526721428572
119.93855505357143
120.05035676785715
120.17163910714285
120.30300907142858
120.43961085714284
120.587428625
120.74194228571429
120.90873971428573
121.08405844642857
121.26538844642857
121.457651875
121.65636382142858
121.86509325
122.08285835714285
122.30458707142859
122.53864935714284
122.7765105
123.02342144642856
123.27514873214285
123.53354387499999
123.7980041607143
124.06721707142859
124.34239216071428
124.62036896428572
124.90522867857143
125.19055725000001
125.481464625
125.77332648214285
126.06856742857141
126.36567880357144
126.66265275
126.96329669642857
127.26122441071429
127.5634675
127.862073625
128.163534625
128.46065941071427
128.76038598214285
129.05725982142854
129.35450291071427
129.65137675
129.9451006785714
130.24012585714286
130.53029494642857
130.82262280357142
131.11486446428572
131.40790926785715
131.700356625
131.99034091071428
132.29158942857143
132.57432276785715
132.88301992857143
133.16591916071428
133.47298001785714
133.7719755
134.07846310714285
134.39509133928573
134.70968683928572
135.025588125
135.36045069642856
135.677857375
136.015676625
136.36384369642855
122.95824812499998
122.491589125
122.06745364285715
121.68394533928571
121.31379503571429
121.02310941071427
120.73112314285713
120.49950992857141
120.28173375
120.10125698214286
119.94779246428571
119.8118863392857
119.69784210714286
119.59830507142857
119.5199420892857
119.45034949999999
119.39745498214288
119.347154625
119.31117689285715
119.284822875
119.25820191071429
119.24612264285713
119.23671025
119.23064367857143
119.23625019642857
119.23811919642858
119.25420176785715
119.26879564285714
119.29197303571429
119.32101350000002
119.35910783928571
119.40348280357142
119.45422894642857
119.51334317857143
119.58265207142857
119.65879357142857
119.7421985
119.83526721428572
119.93855505357143
120.05035676785715
120.17163910714285
120.30300907142858
120.43961085714284
120.587428625
120.74194228571429
120.90873971428573
121.08405844642857
121.26538844642857
121.457651875
121.65636382142858
121.86509325
122.08285835714285
122.30458707142859
122.53864935714284
122.7765105
123.02342144642856
123.27514873214285
123.53354387499999
123.7980041607143
124.06721707142859
124.34239216071428
124.62036896428572
124.90522867857143
125.19055725000001
125.481464625
125.77332648214285
126.06856742857141
126.36567880357144
126.66265275
126.96329669642857
127.26122441071429
127.5634675
127.862073625
128.163534625
128.46065941071427
128.76038598214285
129.05725982142854
129.35450291071427
129.65137675
129.9451006785714
130.24012585714286
130.53029494642857
130.82262280357142
131.11486446428572
131.40790926785715
131.700356625
131.99034091071428
132.29158942857143
132.57432276785715
132.88301992857143
133.16591916071428
133.47298001785714
133.7719755
134.07846310714285
134.39509133928573
134.70968683928572
135.025588125
135.36045069642856
135.677857375
136.015676625
136.36384369642855
122.4615769642857
121.99458225
121.57499710714285
121.24133725
120.89776385714285
120.62733771428572
120.35907032142858
120.14702264285714
119.96974525
119.80380339285713
119.68254046428571
119.57201517857142
119.4777137142857
119.41970785714284
119.35127639285713
119.30874149999998
119.28135403571429
119.25326371428571
119.2438804642857
119.2319552142857
119.23511975000002
119.23790182142857
119.24927199999999
119.26611846428571
119.28282225000001
119.3124922857143
119.3374024642857
119.37368992857142
119.41201117857142
119.4575445
119.50647057142857
119.56459874999999
119.62748678571428
119.69832657142857
119.77454389285715
119.8588285
119.95201799999998
120.05209267857143
120.15882639285714
120.27681832142856
120.40312789285713
120.53379432142857
120.675087
120.82832474999998
120.98547407142857
121.15292771428571
121.32809746428572
121.51169446428571
121.70671942857142
121.90610578571427
122.1143685
122.33229764285714
122.55526482142857
122.79009885714285
123.02818825
123.27501207142856
123.52596760714286
123.78436275000001
124.04859478571429
124.31812307142856
124.59298278571428
124.87100632142857
125.15427567857142
125.43960425
125.72773024999998
126.02005739285714
126.31222285714287
126.60684553571429
126.9027834642857
127.19894964285714
127.49611582142856
127.79305374999998
128.08921992857142
128.3854357857143
128.6792969285714
128.97491292857143
129.26537535714283
129.55928260714285
129.84595925
130.13540714285713
130.42081892857144
130.7004817857143
130.98219739285716
131.2741990357143
131.55464717857143
131.83257724999999
132.11631382142858
132.3947909285714
132.67528710714282
132.96624878571427
133.23927703571428
133.54042367857141
133.81290275
134.11424675
134.40150417857143
134.70297110714284
135.0162102142857
135.32185117857142
135.6350180357143
135.96623174999996
136.2750602857143
122.4615769642857
121.99458225
121.57499710714285
121.24133725
120.89776385714285
120.62733771428572
120.35907032142858
120.14702264285714
119.96974525
119.80380339285713
119.68254046428571
119.57201517857142
119.4777137142857
119.41970785714284
119.35127639285713
119.30874149999998
119.28135403571429
119.25326371428571
119.2438804642857
119.2319552142857
119.23511975000002
119.23790182142857
119.24927199999999
119.26611846428571
119.28282225000001
119.3124922857143
119.3374024642857
119.37368992857142
119.41201117857142
119.4575445
119.50647057142857
119.56459874999999
119.62748678571428
119.69832657142857
119.77454389285715
119.8588285
119.95201799999998
120.05209267857143
120.15882639285714
120.27681832142856
120.40312789285713
120.53379432142857
120.675087
120.82832474999998
120.98547407142857
121.15292771428571
121.32809746428572
121.51169446428571
121.70671942857142
121.90610578571427
122.1143685
122.33229764285714
122.55526482142857
122.79009885714285
123.02818825
123.27501207142856
123.52596760714286
123.78436275000001
124.04859478571429
124.31812307142856
124.59298278571428
124.87100632142857
125.15427567857142
125.43960425
125.72773024999998
126.02005739285714
126.31222285714287
126.60684553571429
126.9027834642857
127.19894964285714
127.49611582142856
127.79305374999998
128.08921992857142
128.3854357857143
128.6792969285714
128.97491292857143
129.26537535714283
129.55928260714285
129.84595925
130.13540714285713
130.42081892857144
130.7004817857143
130.98219739285716
131.2741990357143
131.55464717857143
131.83257724999999
132.11631382142858
132.3947909285714
132.67528710714282
132.96624878571427
133.23927703571428
133.54042367857141
133.81290275
134.11424675
134.40150417857143
134.70297110714284
135.0162102142857
135.32185117857142
135.6350180357143
135.96623174999996
136.2750602857143
121.93646785714284
121.46833099999998
121.02634585714284
120.73510442857143
120.43044617857143
120.19955839285714
119.95416062499999
119.78342157142856
119.621803375
119.49332449999997
119.39790473214285
119.31499478571428
119.255146375
119.20749889285715
119.18124798214284
119.16010937499999
119.14994201785714
119.1575422857143
119.16277860714287
119.17782891071428
119.20129267857142
119.22746969642856
119.26005900000001
119.29299171428572
119.33609337499999
119.37454285714286
119.425152125
119.47284175
119.52960744642857
119.58701675
119.65246017857143
119.720376375
119.79585641071428
119.87538007142858
119.96340242857143
120.05546223214286
120.15563424999999
120.26177785714285
120.37623566071429
120.49620796428573
120.62707267857144
120.76375028571428
120.9091005
121.06156650000001
121.22123078571428
121.39269535714286
121.57047555357143
121.75453855357142
121.94913555357141
122.14929353571428
122.36055625
122.57926773214285
122.80106301785713
123.03665858928572
123.273919875
123.522181875
123.77424273214285
124.03363787499998
124.29809816071429
124.56817019642857
124.84225803571428
125.12091946428572
125.40200730357142
125.6880404642857
125.974461875
126.26578973214286
126.5573457142857
126.85173942857143
127.14482869642856
127.43982226785714
127.73334151785714
128.0272955
128.3204930714286
128.61200946428573
128.90282055357142
129.1902455357143
129.4791336607143
129.76134846428573
130.04660975
130.321289375
130.59787267857143
130.87776366071427
131.1561969642857
131.4242975357143
131.69377467857143
131.968268125
132.24684873214287
132.50647566071427
132.78268500000001
133.04489942857143
133.31539098214284
133.59359591071427
133.858936
134.15129164285713
134.41350598214285
134.7098325
134.9861471607143
135.28256819642854
135.58323425
135.886889
136.19432857142857
121.93646785714284
121.46833099999998
121.02634585714284
120.73510442857143
120.43044617857143
120.19955839285714
119.95416062499999
119.78342157142856
119.621803375
119.49332449999997
119.39790473214285
119.31499478571428
119.255146375
119.20749889285715
119.18124798214284
119.16010937499999
119.14994201785714
119.1575422857143
119.16277860714287
119.17782891071428
119.20129267857142
119.22746969642856
119.26005900000001
119.29299171428572
119.33609337499999
119.37454285714286
119.425152125
119.47284175
119.52960744642857
119.58701675
119.65246017857143
119.720376375
119.79585641071428
119.87538007142858
119.96340242857143
120.05546223214286
120.15563424999999
120.26177785714285
120.37623566071429
120.49620796428573
120.62707267857144
120.76375028571428
120.9091005
121.06156650000001
121.22123078571428
121.39269535714286
121.57047555357143
121.75453855357142
121.94913555357141
122.14929353571428
122.36055625
122.57926773214285
122.80106301785713
123.03665858928572
123.273919875
123.522181875
123.77424273214285
124.03363787499998
124.29809816071429
124.56817019642857
124.84225803571428
125.12091946428572
125.40200730357142
125.6880404642857
125.974461875
126.26578973214286
126.5573457142857
126.85173942857143
127.14482869642856
127.43982226785714
127.73334151785714
128.0272955
128.3204930714286
128.61200946428573
128.90282055357142
129.1902455357143
129.4791336607143
129.76134846428573
130.04660975
130.321289375
130.59787267857143
130.87776366071427
131.1561969642857
131.4242975357143
131.69377467857143
131.968268125
132.24684873214287
132.50647566071427
132.78268500000001
133.04489942857143
133.31539098214284
133.59359591071427
133.858936
134.15129164285713
134.41350598214285
134.7098325
134.9861471607143
135.28256819642854
135.58323425
135.886889
136.19432857142857
121.27068521428572
120.90150550000001
120.47764064285714
120.18599692857143
119.931421
119.73392207142857
119.52616250000001
119.37528778571428
119.2667945
119.16028735714286
119.09182657142857
119.04977521428569
119.00930992857144
118.99636985714285
118.9921045
118.99948800000001
119.0253317857143
119.04602671428572
119.07861135714286
119.12199221428571
119.16261157142856
119.21677464285715
119.2644525
119.32432978571428
119.37954685714287
119.44328864285714
119.50323892857142
119.57250307142856
119.64269350000001
119.7162905
119.79203085714286
119.87492885714286
119.9595375
120.05088557142858
120.14610928571429
120.24806221428571
120.3552555
120.46833514285714
120.58772885714285
120.71387935714286
120.84812257142858
120.98627378571427
121.13505314285713
121.29285200000001
121.45461328571427
121.62670885714286
121.80430657142857
121.99163657142857
122.18938478571428
122.39070978571428
122.60165699999999
122.82011942857142
123.04484814285715
123.2811282142857
123.5190205
123.76857992857141
124.01965885714284
124.28010250000001
124.54382978571428
124.81495721428573
125.08921778571428
125.36806085714286
125.65005442857142
125.93531571428571
126.22272749999999
126.51283685714286
126.80384921428572
127.09524292857142
127.38810407142857
127.67964971428572
127.97184514285713
128.26234300000002
128.55182207142855
128.84072007142856
129.12555149999997
129.41094378571427
129.69069914285714
129.97044378571428
130.2460175
130.51807907142853
130.78445899999997
131.0565357857143
131.32520557142857
131.5839162142857
131.84031135714287
132.10520649999998
132.3672605
132.620697
132.8866207142857
133.13233014285714
133.39951107142855
133.64645735714282
133.90770200000003
134.17226835714285
134.42844571428571
134.7138562857143
134.96429949999998
135.25473885714285
135.52126335714289
135.8133085
136.10420128571428
121.27068521428572
120.90150550000001
120.47764064285714
120.18599692857143
119.931421
119.73392207142857
119.52616250000001
119.37528778571428
119.2667945
119.16028735714286
119.09182657142857
119.04977521428569
119.00930992857144
118.99636985714285
118.9921045
118.99948800000001
119.0253317857143
119.04602671428572
119.07861135714286
119.12199221428571
119.16261157142856
119.21677464285715
119.2644525
119.32432978571428
119.37954685714287
119.44328864285714
119.50323892857142
119.57250307142856
119.64269350000001
119.7162905
119.79203085714286
119.87492885714286
119.9595375
120.05088557142858
120.14610928571429
120.24806221428571
120.3552555
120.46833514285714
120.58772885714285
120.71387935714286
120.84812257142858
120.98627378571427
121.13505314285713
121.29285200000001
121.45461328571427
121.62670885714286
121.80430657142857
121.99163657142857
122.18938478571428
122.39070978571428
122.60165699999999
122.82011942857142
123.04484814285715
123.2811282142857
123.5190205
123.76857992857141
124.01965885714284
124.28010250000001
124.54382978571428
124.81495721428573
125.08921778571428
125.36806085714286
125.65005442857142
125.93531571428571
126.22272749999999
126.51283685714286
126.80384921428572
127.09524292857142
127.38810407142857
127.67964971428572
127.97184514285713
128.26234300000002
128.55182207142855
128.84072007142856
129.12555149999997
129.41094378571427
129.69069914285714
129.97044378571428
130.2460175
130.51807907142853
130.78445899999997
131.0565357857143
131.32520557142857
131.5839162142857
131.84031135714287
132.10520649999998
132.3672605
132.620697
132.8866207142857
133.13233014285714
133.39951107142855
133.64645735714282
133.90770200000003
134.17226835714285
134.42844571428571
134.7138562857143
134.96429949999998
135.25473885714285
135.52126335714289
135.8133085
136.10420128571428
120.5805037142857
120.22911112499997
119.92371814285713
119.62569555357142
119.37136253571427
119.23784769642855
119.06399649999999
118.95593566071427
118.87607125
118.81366816071427
118.78118826785713
118.75505974999999
118.76070680357142
118.77610192857142
118.79711491071428
118.83590124999999
118.88181376785712
118.93694216071428
118.99355203571427
119.056348125
119.12972335714285
119.19512576785714
119.2742045
119.34516941071428
119.426373125
119.50279201785716
119.58712971428571
119.66928933928574
119.75374887500001
119.84138925
119.93223648214288
120.0249125
120.1215817857143
120.22199294642857
120.32677075000001
120.43546651785715
120.5493235
120.67010058928571
120.7955602857143
120.92553566071429
121.06400023214286
121.20711089285714
121.36048498214285
121.51681712500002
121.68148069642857
121.856812125
122.03832007142859
122.22565007142857
122.42278035714286
122.6259176607143
122.83918037500001
123.05922017857145
123.28481574999999
123.52014432142857
123.75980575000001
124.00973417857145
124.26252803571428
124.52425675
124.78923485714287
125.06268883928571
125.33594941071429
125.61647698214286
125.89853082142858
126.18359096428571
126.47185225000001
126.76111210714288
127.05158083928573
127.3427678214286
127.6337782857143
127.9247052857143
128.21450830357142
128.50224475000002
128.78950603571428
129.0727835
129.35651149999998
129.63380657142858
129.91094101785714
130.1834302142857
130.444862
130.71440348214287
130.982002625
131.24051085714288
131.48635741071428
131.74390389285716
132.00042801785713
132.24957275000003
132.49013255357144
132.736354625
132.9822784642857
133.2204093392857
133.47450296428573
133.70523130357145
133.96329887500002
134.19578853571429
134.44904839285715
134.69863525000002
134.94789725
135.22086176785712
135.46319807142856
135.74885874999998
136.01526514285715
120.5805037142857
120.22911112499997
119.92371814285713
119.62569555357142
119.37136253571427
119.23784769642855
119.06399649999999
118.95593566071427
118.87607125
118.81366816071427
118.78118826785713
118.75505974999999
118.76070680357142
118.77610192857142
118.79711491071428
118.83590124999999
118.88181376785712
118.93694216071428
118.99355203571427
119.056348125
119.12972335714285
119.19512576785714
119.2742045
119.34516941071428
119.426373125
119.50279201785716
119.58712971428571
119.66928933928574
119.75374887500001
119.84138925
119.93223648214288
120.0249125
120.1215817857143
120.22199294642857
120.32677075000001
120.43546651785715
120.5493235
120.67010058928571
120.7955602857143
120.92553566071429
121.06400023214286
121.20711089285714
121.36048498214285
121.51681712500002
121.68148069642857
121.856812125
122.03832007142859
122.22565007142857
122.42278035714286
122.6259176607143
122.83918037500001
123.05922017857145
123.28481574999999
123.52014432142857
123.75980575000001
124.00973417857145
124.26252803571428
124.52425675
124.78923485714287
125.06268883928571
125.33594941071429
125.61647698214286
125.89853082142858
126.18359096428571
126.47185225000001
126.76111210714288
127.05158083928573
127.3427678214286
127.6337782857143
127.9247052857143
128.21450830357142
128.50224475000002
128.78950603571428
129.0727835
129.35651149999998
129.63380657142858
129.91094101785714
130.1834302142857
130.444862
130.71440348214287
130.982002625
131.24051085714288
131.48635741071428
131.74390389285716
132.00042801785713
132.24957275000003
132.49013255357144
132.736354625
132.9822784642857
133.2204093392857
133.47450296428573
133.70523130357145
133.96329887500002
134.19578853571429
134.44904839285715
134.69863525000002
134.94789725
135.22086176785712
135.46319807142856
135.74885874999998
136.01526514285715
119.89063771428572
119.53851699999998
119.2532435
119.05716392857141
118.80527503571427
118.67588510714285
118.59494103571429
118.51107575
118.46951725
118.44855889285714
118.4421627142857
118.46846849999999
118.491163
118.53712107142857
118.60243485714285
118.66152249999999
118.737225
118.82093596428571
118.90341642857143
118.991609
119.08541435714284
119.18001396428572
119.27466575000001
119.37346792857142
119.46843689285716
119.56838028571428
119.66552525
119.76527889285714
119.86583232142857
119.96537674999999
120.07005146428571
120.1740678214286
120.28241560714287
120.39074964285716
120.50616210714286
120.62203228571431
120.7419015
120.8679732857143
120.9990502857143
121.13325260714288
121.27712253571428
121.42345989285715
121.57812678571428
121.74025850000001
121.90706114285715
122.08293107142858
122.26399217857143
122.45485546428571
122.6544524642857
122.85892082142858
123.07205299999998
123.29264596428571
123.52077482142857
123.75863667857143
123.99950375
124.25050135714284
124.50383182142858
124.76703175000002
125.03289028571429
125.30522003571429
125.5822782857143
125.86180585714285
126.14560492857144
126.43179892857144
126.7205935
127.01038735714287
127.30071521428572
127.59144582142858
127.88137092857141
128.17103117857144
128.4582924642857
128.74435475
129.0269477142857
129.30801403571428
129.58493392857142
129.85972992857143
130.12937385714287
130.396696
130.66029775
130.91769289285713
131.1728622857143
131.42224910714287
131.66825171428573
131.90984871428574
132.15486621428573
132.3872635
132.62457946428572
132.86251535714288
133.08342025000002
133.31514375
133.5416372142857
133.76602832142856
134.0056725
134.22211807142855
134.4680724642857
134.68820042857143
134.93544100000003
135.1704684642857
135.41172785714286
135.67674575
135.9338625357143
119.89063771428572
119.53851699999998
119.2532435
119.05716392857141
118.80527503571427
118.67588510714285
118.59494103571429
118.51107575
118.46951725
118.44855889285714
118.4421627142857
118.46846849999999
118.491163
118.53712107142857
118.60243485714285
118.66152249999999
118.737225
118.82093596428571
118.90341642857143
118.991609
119.08541435714284
119.18001396428572
119.27466575000001
119.37346792857142
119.46843689285716
119.56838028571428
119.66552525
119.76527889285714
119.86583232142857
119.96537674999999
120.07005146428571
120.1740678214286
120.28241560714287
120.39074964285716
120.50616210714286
120.62203228571431
120.7419015
120.8679732857143
120.9990502857143
121.13325260714288
121.27712253571428
121.42345989285715
121.57812678571428
121.74025850000001
121.90706114285715
122.08293107142858
122.26399217857143
122.45485546428571
122.6544524642857
122.85892082142858
123.07205299999998
123.29264596428571
123.52077482142857
123.75863667857143
123.99950375
124.25050135714284
124.50383182142858
124.76703175000002
125.03289028571429
125.30522003571429
125.5822782857143
125.86180585714285
126.14560492857144
126.43179892857144
126.7205935
127.01038735714287
127.30071521428572
127.59144582142858
127.88137092857141
128.17103117857144
128.4582924642857
128.74435475
129.0269477142857
129.30801403571428
129.58493392857142
129.85972992857143
130.12937385714287
130.396696
130.66029775
130.91769289285713
131.1728622857143
131.42224910714287
131.66825171428573
131.90984871428574
132.15486621428573
132.3872635
132.62457946428572
132.86251535714288
133.08342025000002
133.31514375
133.5416372142857
133.76602832142856
134.0056725
134.22211807142855
134.4680724642857
134.68820042857143
134.93544100000003
135.1704684642857
135.41172785714286
135.67674575
135.9338625357143
119.12988601785716
118.836574125
118.547062125
118.40781783928571
118.24123873214285
118.14491812499999
118.07630178571429
118.04509496428572
118.057710375
118.0602314642857
118.09684417857143
118.15635225
118.21910810714284
118.30302019642858
118.38680876785713
118.488659625
118.59628575
118.69710969642858
118.814577625
118.92893891071428
119.04320041071429
119.16327664285714
119.2794105
119.39885476785715
119.51433228571429
119.63211267857142
119.74659019642857
119.86090428571427
119.97600898214286
120.09475125
120.20709633928573
120.3256907857143
120.44056916071429
120.55952633928572
120.68079007142859
120.80706675000002
120.932387375
121.06430244642857
121.19984867857144
121.33928623214285
121.4852970357143
121.63602932142857
121.793773125
121.95801025
122.12526073214285
122.30540539285715
122.4892416607143
122.68063823214285
122.87982214285715
123.08549794642857
123.30228099999998
123.52464912499998
123.753178125
123.99110655357143
124.23411449999999
124.48570935714287
124.74252982142858
125.00703150000001
125.27450544642858
125.54911253571429
125.82618705357143
126.10867251785714
126.39393380357143
126.68007417857142
126.970281125
127.26060898214287
127.55093683928571
127.84131832142856
128.1310470357143
128.41884160714287
128.7060240892857
128.98914000000002
129.27186799999998
129.5486409642857
129.82328944642856
130.09432726785715
130.35839383928572
130.61216435714286
130.876369875
131.12884271428572
131.3705220892857
131.60509003571428
131.85232757142856
132.08820228571432
132.307685625
132.52561925
132.76019330357144
132.98005896428572
133.192796125
133.41337826785715
133.61778685714285
133.83662139285713
134.04228325
134.2535459642857
134.47770114285714
134.67898944642857
134.91931312500003
135.12213958928572
135.36280173214286
135.582983
135.8329092857143
119.12988601785716
118.836574125
118.547062125
118.40781783928571
118.24123873214285
118.14491812499999
118.07630178571429
118.04509496428572
118.057710375
118.0602314642857
118.09684417857143
118.15635225
118.21910810714284
118.30302019642858
118.38680876785713
118.488659625
118.59628575
118.69710969642858
118.814577625
118.92893891071428
119.04320041071429
119.16327664285714
119.2794105
119.39885476785715
119.51433228571429
119.63211267857142
119.74659019642857
119.86090428571427
119.97600898214286
120.09475125
120.20709633928573
120.3256907857143
120.44056916071429
120.55952633928572
120.68079007142859
120.80706675000002
120.932387375
121.06430244642857
121.19984867857144
121.33928623214285
121.4852970357143
121.63602932142857
121.793773125
121.95801025
122.12526073214285
122.30540539285715
122.4892416607143
122.68063823214285
122.87982214285715
123.08549794642857
123.30228099999998
123.52464912499998
123.753178125
123.99110655357143
124.23411449999999
124.48570935714287
124.74252982142858
125.00703150000001
125.27450544642858
125.54911253571429
125.82618705357143
126.10867251785714
126.39393380357143
126.68007417857142
126.970281125
127.26060898214287
127.55093683928571
127.84131832142856
128.1310470357143
128.41884160714287
128.7060240892857
128.98914000000002
129.27186799999998
129.5486409642857
129.82328944642856
130.09432726785715
130.35839383928572
130.61216435714286
130.876369875
131.12884271428572
131.3705220892857
131.60509003571428
131.85232757142856
132.08820228571432
132.307685625
132.52561925
132.76019330357144
132.98005896428572
133.192796125
133.41337826785715
133.61778685714285
133.83662139285713
134.04228325
134.2535459642857
134.47770114285714
134.67898944642857
134.91931312500003
135.12213958928572
135.36280173214286
135.582983
135.8329092857143
118.25846857142857
118.09024099999999
117.840478
117.70336157142857
117.62879628571429
117.57258857142857
117.57772742857144
117.56451842857142
117.599924
117.67333085714284
117.74026714285714
117.83171171428572
117.94367085714285
118.05303928571428
118.17913914285714
118.305915
118.44144742857144
118.5886542857143
118.72005771428572
118.86383857142857
119.00621571428572
119.14461285714287
119.28947600000001
119.42275457142857
119.56366314285714
119.69533071428572
119.83130057142856
119.96056585714287
120.08991485714286
120.21755
120.34684571428573
120.47242100000003
120.60273457142858
120.72698128571429
120.85628657142858
120.98782785714286
121.12254200000001
121.25787342857144
121.39974142857143
121.54160757142859
121.69156142857143
121.84580700000001
122.0041602857143
122.171559
122.34237971428571
122.52366714285714
122.70802114285713
122.90246100000002
123.10368114285714
123.31039057142857
123.52712000000001
123.749649
123.98224457142858
124.2231962857143
124.46750485714287
124.72154571428572
124.98043085714285
125.244248
125.51604257142859
125.7897032857143
126.07081
126.354048
126.64055485714286
126.93034942857143
127.220144
127.51242785714285
127.8037557142857
128.09508357142857
128.38479228571427
128.6719644285714
128.95805000000001
129.240089
129.5190614285714
129.7939472857143
130.06569885714285
130.325465
130.59208457142856
130.84555271428573
131.095082
131.3323327142857
131.57706142857143
131.809089
132.03648257142856
132.2524232857143
132.4725557142857
132.68471
132.89448971428573
133.09706571428572
133.303172
133.5036162857143
133.69802428571427
133.9021235714286
134.088058
134.29518542857141
134.480732
134.67932285714286
134.8879757142857
135.07913185714287
135.31067485714286
135.51274
135.72920428571427
118.25846857142857
118.09024099999999
117.840478
117.70336157142857
117.62879628571429
117.57258857142857
117.57772742857144
117.56451842857142
117.599924
117.67333085714284
117.74026714285714
117.83171171428572
117.94367085714285
118.05303928571428
118.17913914285714
118.305915
118.44144742857144
118.5886542857143
118.72005771428572
118.86383857142857
119.00621571428572
119.14461285714287
119.28947600000001
119.42275457142857
119.56366314285714
119.69533071428572
119.83130057142856
119.96056585714287
120.08991485714286
120.21755
120.34684571428573
120.47242100000003
120.60273457142858
120.72698128571429
120.85628657142858
120.98782785714286
121.12254200000001
121.25787342857144
121.39974142857143
121.54160757142859
121.69156142857143
121.84580700000001
122.0041602857143
122.171559
122.34237971428571
122.52366714285714
122.70802114285713
122.90246100000002
123.10368114285714
123.31039057142857
123.52712000000001
123.749649
123.98224457142858
124.2231962857143
124.46750485714287
124.72154571428572
124.98043085714285
125.244248
125.51604257142859
125.7897032857143
126.07081
126.354048
126.64055485714286
126.93034942857143
127.220144
127.51242785714285
127.8037557142857
128.09508357142857
128.38479228571427
128.6719644285714
128.95805000000001
129.240089
129.5190614285714
129.7939472857143
130.06569885714285
130.325465
130.59208457142856
130.84555271428573
131.095082
131.3323327142857
131.57706142857143
131.809089
132.03648257142856
132.2524232857143
132.4725557142857
132.68471
132.89448971428573
133.09706571428572
133.303172
133.5036162857143
133.69802428571427
133.9021235714286
134.088058
134.29518542857141
134.480732
134.67932285714286
134.8879757142857
135.07913185714287
135.31067485714286
135.51274
135.72920428571427
117.38349519642856
117.21880399999999
117.11641246428573
117.0379855
116.97254103571429
116.97541789285714
117.00650303571427
117.06833644642857
117.16293575
117.24296417857141
117.3694635
117.51844321428572
117.643637375
117.79919269642858
117.96614039285713
118.12388950000002
118.29288864285715
118.46162753571429
118.6322925357143
118.80008596428571
118.96765858928572
119.13561210714286
119.29472337500002
119.45861596428571
119.60848682142857
119.76974803571429
119.91597705357144
120.05863273214285
120.20410780357145
120.348237375
120.48390080357144
120.62170030357142
120.75883191071429
120.89649762500001
121.03206021428572
121.17135798214287
121.30885824999999
121.45039078571429
121.59482169642857
121.74365417857143
121.89568494642856
122.052350625
122.21271496428571
122.38291325
122.55577725
122.73747444642858
122.92457250000001
123.12020173214286
123.32249946428571
123.53059541071431
123.74992537499999
123.97445437499998
124.20808357142857
124.44817876785713
124.69624101785715
124.95066839285715
125.21129683928572
125.4795245
125.75195323214285
126.03091317857141
126.313474375
126.59986805357143
126.88979648214286
127.17969192857143
127.47341850000001
127.76528035714286
128.05867546428573
128.35000332142857
128.64073203571428
128.9264278035714
129.21268908928573
129.49312075
129.77021526785714
130.04367776785716
130.3137393392857
130.57121101785714
130.82373716071427
131.07726919642857
131.320464625
131.55100501785714
131.7797660357143
132.0122952142857
132.22592873214285
132.42883135714285
132.63561114285716
132.84794975
133.03532423214287
133.22714675
133.41836310714288
133.59281128571428
133.779647
133.95997980357143
134.135274875
134.3241095892857
134.49137107142857
134.68774912499998
134.85493469642856
135.0433529285714
135.2445120892857
135.439977375
135.62592730357142
117.38349519642856
117.21880399999999
117.11641246428573
117.0379855
116.97254103571429
116.97541789285714
117.00650303571427
117.06833644642857
117.16293575
117.24296417857141
117.3694635
117.51844321428572
117.643637375
117.79919269642858
117.96614039285713
118.12388950000002
118.29288864285715
118.46162753571429
118.6322925357143
118.80008596428571
118.96765858928572
119.13561210714286
119.29472337500002
119.45861596428571
119.60848682142857
119.76974803571429
119.91597705357144
120.05863273214285
120.20410780357145
120.348237375
120.48390080357144
120.62170030357142
120.75883191071429
120.89649762500001
121.03206021428572
121.17135798214287
121.30885824999999
121.45039078571429
121.59482169642857
121.74365417857143
121.89568494642856
122.052350625
122.21271496428571
122.38291325
122.55577725
122.73747444642858
122.92457250000001
123.12020173214286
123.32249946428571
123.53059541071431
123.74992537499999
123.97445437499998
124.20808357142857
124.44817876785713
124.69624101785715
124.95066839285715
125.21129683928572
125.4795245
125.75195323214285
126.03091317857141
126.313474375
126.59986805357143
126.88979648214286
127.17969192857143
127.47341850000001
127.76528035714286
128.05867546428573
128.35000332142857
128.64073203571428
128.9264278035714
129.21268908928573
129.49312075
129.77021526785714
130.04367776785716
130.3137393392857
130.57121101785714
130.82373716071427
131.07726919642857
131.320464625
131.55100501785714
131.7797660357143
132.0122952142857
132.22592873214285
132.42883135714285
132.63561114285716
132.84794975
133.03532423214287
133.22714675
133.41836310714288
133.59281128571428
133.779647
133.95997980357143
134.135274875
134.3241095892857
134.49137107142857
134.68774912499998
134.85493469642856
135.0433529285714
135.2445120892857
135.439977375
135.62592730357142
116.50879028571428
116.35101574999999
116.300648
116.2677204642857
116.30816989285714
116.36024549999999
116.45536432142856
116.54847057142857
116.67910475
116.84159567857142
116.99358425
117.16101135714285
117.36065517857142
117.54764225
117.73898332142858
117.949274
118.14434989285714
118.34220128571428
118.54496646428571
118.74061575
118.93476310714286
119.12494907142856
119.30942
119.49126032142858
119.67229303571429
119.83741921428572
120.00454039285714
120.16693624999999
120.32408092857142
120.47398299999999
120.62838314285713
120.774219
120.91988471428571
121.06398775
121.20709560714285
121.351602
121.497068
121.64126360714286
121.79030471428572
121.94176803571429
122.09629846428571
122.25663060714285
122.41944867857143
122.59064625
122.76475535714285
122.94777439285714
123.13765975
123.33172274999998
123.53745289285713
123.74662642857143
123.96806624999999
124.19377235714285
124.42919082142858
124.67345210714285
124.92382464285716
125.17868382142856
125.4449225
125.712538
125.99081921428571
126.27121435714285
126.55651621428572
126.84659967857144
127.1379042142857
127.43234260714286
127.72731499999999
128.02221867857142
128.31776760714286
128.61003032142858
128.90235817857143
129.1899984285714
129.47401674999998
129.75434675
130.03127589285714
130.29869953571426
130.56124935714286
130.82302989285714
131.07293982142855
131.30923460714286
131.54684724999998
131.78094017857143
132.00409932142855
132.2084920357143
132.4151885
132.62197117857144
132.8178047857143
132.99346325
133.17422360714286
133.3645025
133.53265035714287
133.69831635714286
133.86559825
134.02036942857143
134.1879475
134.34607239285714
134.5031089642857
134.6754207857143
134.82695482142856
135.01249032142857
135.16120207142856
135.3546745
135.5308131785714
116.50879028571428
116.35101574999999
116.300648
116.2677204642857
116.30816989285714
116.36024549999999
116.45536432142856
116.54847057142857
116.67910475
116.84159567857142
116.99358425
117.16101135714285
117.36065517857142
117.54764225
117.73898332142858
117.949274
118.14434989285714
118.34220128571428
118.54496646428571
118.74061575
118.93476310714286
119.12494907142856
119.30942
119.49126032142858
119.67229303571429
119.83741921428572
120.00454039285714
120.16693624999999
120.32408092857142
120.47398299999999
120.62838314285713
120.774219
120.91988471428571
121.06398775
121.20709560714285
121.351602
121.497068
121.64126360714286
121.79030471428572
121.94176803571429
122.09629846428571
122.25663060714285
122.41944867857143
122.59064625
122.76475535714285
122.94777439285714
123.13765975
123.33172274999998
123.53745289285713
123.74662642857143
123.96806624999999
124.19377235714285
124.42919082142858
124.67345210714285
124.92382464285716
125.17868382142856
125.4449225
125.712538
125.99081921428571
126.27121435714285
126.55651621428572
126.84659967857144
127.1379042142857
127.43234260714286
127.72731499999999
128.02221867857142
128.31776760714286
128.61003032142858
128.90235817857143
129.1899984285714
129.47401674999998
129.75434675
130.03127589285714
130.29869953571426
130.56124935714286
130.82302989285714
131.07293982142855
131.30923460714286
131.54684724999998
131.78094017857143
132.00409932142855
132.2084920357143
132.4151885
132.62197117857144
132.8178047857143
132.99346325
133.17422360714286
133.3645025
133.53265035714287
133.69831635714286
133.86559825
134.02036942857143
134.1879475
134.34607239285714
134.5031089642857
134.6754207857143
134.82695482142856
135.01249032142857
135.16120207142856
135.3546745
135.5308131785714
115.51891699999999
115.50961699999999
115.4919081785714
115.53455226785714
115.59567489285715
115.710505625
115.85609678571427
116.02412744642855
116.2120075
116.39161626785715
116.61202041071428
116.84245973214284
117.04542730357144
117.29068164285714
117.53387707142856
117.75665575
117.99658642857143
118.23757926785714
118.4566505892857
118.68747360714285
118.90566664285714
119.121021625
119.331905625
119.53615130357142
119.72376019642854
119.91862157142856
120.10163264285714
120.272950125
120.44475778571427
120.6133505
120.76894701785716
120.93001882142856
121.08350744642857
121.23502632142858
121.38469298214285
121.53286601785715
121.682571625
121.83317005357142
121.9847410892857
122.13947266071429
122.29579110714286
122.45837655357144
122.62270798214286
122.794705125
122.97129057142857
123.1541415892857
123.345538875
123.54140216071428
123.74838632142857
123.95898260714286
124.18066999999999
124.40809491071428
124.641798375
124.891060375
125.14209669642858
125.40406644642856
125.66980671428571
125.9444835
126.22455733928572
126.50763426785714
126.79976169642856
127.09046516071427
127.38909919642856
127.68516148214285
127.98412837499998
128.28236655357142
128.57888185714285
128.87438632142857
129.16571417857142
129.4548865
129.737493625
130.017382875
130.29426926785715
130.5665145892857
130.82149732142858
131.07490973214286
131.32065774999998
131.56217435714285
131.78598262499997
132.01037682142857
132.22115580357143
132.4274054107143
132.6165227142857
132.814628125
132.99118691071428
133.161993625
133.32198719642855
133.4978440892857
133.6478010892857
133.80594674999998
133.94989744642857
134.0938470892857
134.24069775
134.37277553571428
134.52049567857142
134.66004030357144
134.80272580357143
134.96737580357143
135.1114104642857
135.26131737499998
135.42661832142858
115.51891699999999
115.50961699999999
115.4919081785714
115.53455226785714
115.59567489285715
115.710505625
115.85609678571427
116.02412744642855
116.2120075
116.39161626785715
116.61202041071428
116.84245973214284
117.04542730357144
117.29068164285714
117.53387707142856
117.75665575
117.99658642857143
118.23757926785714
118.4566505892857
118.68747360714285
118.90566664285714
119.121021625
119.331905625
119.53615130357142
119.72376019642854
119.91862157142856
120.10163264285714
120.272950125
120.44475778571427
120.6133505
120.76894701785716
120.93001882142856
121.08350744642857
121.23502632142858
121.38469298214285
121.53286601785715
121.682571625
121.83317005357142
121.9847410892857
122.13947266071429
122.29579110714286
122.45837655357144
122.62270798214286
122.794705125
122.97129057142857
123.1541415892857
123.345538875
123.54140216071428
123.74838632142857
123.95898260714286
124.18066999999999
124.40809491071428
124.641798375
124.891060375
125.14209669642858
125.40406644642856
125.66980671428571
125.9444835
126.22455733928572
126.50763426785714
126.79976169642856
127.09046516071427
127.38909919642856
127.68516148214285
127.98412837499998
128.28236655357142
128.57888185714285
128.87438632142857
129.16571417857142
129.4548865
129.737493625
130.017382875
130.29426926785715
130.5665145892857
130.82149732142858
131.07490973214286
131.32065774999998
131.56217435714285
131.78598262499997
132.01037682142857
132.22115580357143
132.4274054107143
132.6165227142857
132.814628125
132.99118691071428
133.161993625
133.32198719642855
133.4978440892857
133.6478010892857
133.80594674999998
133.94989744642857
134.0938470892857
134.24069775
134.37277553571428
134.52049567857142
134.66004030357144
134.80272580357143
134.96737580357143
135.1114104642857
135.26131737499998
135.42661832142858
114.51318028571427
114.52049
114.6145767142857
114.71357028571428
114.8878055
115.05980828571427
115.27083771428572
115.47624807142856
115.71127999999999
115.97769778571428
116.22284578571428
116.48095942857142
116.77046592857141
117.03565464285714
117.30535964285713
117.58767749999998
117.85613692857143
118.11730907142858
118.3850262857143
118.63284678571429
118.88947849999998
119.127988
119.3575565
119.578665
119.79883528571429
120.00169571428569
120.19859814285715
120.39264914285714
120.57536178571428
120.7475485
120.92359857142856
121.08872357142857
121.24830707142858
121.40916221428571
121.56402814285714
121.71855064285714
121.87054850000001
122.02394192857143
122.17840192857142
122.33613014285714
122.49386100000001
122.65765842857144
122.82372357142856
122.99665149999998
123.17478057142857
123.35784621428573
123.55024350000001
123.74683592857143
123.95330557142856
124.16542864285715
124.38515999999998
124.61874907142857
124.85873757142858
125.10700414285714
125.36366485714285
125.62712657142858
125.89464428571428
126.1755035
126.45543192857144
126.7474137142857
127.04074157142858
127.33819199999999
127.638653
127.93830935714286
128.24203450000002
128.54435921428572
128.84295142857144
129.14241192857142
129.4353384285714
129.72653385714287
130.009997
130.284929
130.55785935714286
130.83232850000002
131.08912157142856
131.34132628571427
131.57313114285714
131.81293564285713
132.03747249999998
132.24934385714286
132.44168785714285
132.64655642857144
132.8386972142857
133.00812392857142
133.1629387857143
133.334406
133.495678
133.63252214285714
133.76897985714285
133.91023007142857
134.03316850000002
134.16761221428573
134.2871475
134.4083862857143
134.53532435714283
134.64989292857143
134.77943907142858
134.91126657142857
135.04959728571427
135.1702955
135.31127585714287
114.51318028571427
114.52049
114.6145767142857
114.71357028571428
114.8878055
115.05980828571427
115.27083771428572
115.47624807142856
115.71127999999999
115.97769778571428
116.22284578571428
116.48095942857142
116.77046592857141
117.03565464285714
117.30535964285713
117.58767749999998
117.85613692857143
118.11730907142858
118.3850262857143
118.63284678571429
118.88947849999998
119.127988
119.3575565
119.578665
119.79883528571429
120.00169571428569
120.19859814285715
120.39264914285714
120.57536178571428
120.7475485
120.92359857142856
121.08872357142857
121.24830707142858
121.40916221428571
121.56402814285714
121.71855064285714
121.87054850000001
122.02394192857143
122.17840192857142
122.33613014285714
122.49386100000001
122.65765842857144
122.82372357142856
122.99665149999998
123.17478057142857
123.35784621428573
123.55024350000001
123.74683592857143
123.95330557142856
124.16542864285715
124.38515999999998
124.61874907142857
124.85873757142858
125.10700414285714
125.36366485714285
125.62712657142858
125.89464428571428
126.1755035
126.45543192857144
126.7474137142857
127.04074157142858
127.33819199999999
127.638653
127.93830935714286
128.24203450000002
128.54435921428572
128.84295142857144
129.14241192857142
129.4353384285714
129.72653385714287
130.009997
130.284929
130.55785935714286
130.83232850000002
131.08912157142856
131.34132628571427
131.57313114285714
131.81293564285713
132.03747249999998
132.24934385714286
132.44168785714285
132.64655642857144
132.8386972142857
133.00812392857142
133.1629387857143
133.334406
133.495678
133.63252214285714
133.76897985714285
133.91023007142857
134.03316850000002
134.16761221428573
134.2871475
134.4083862857143
134.53532435714283
134.64989292857143
134.77943907142858
134.91126657142857
135.04959728571427
135.1702955
135.31127585714287
113.47276446428569
113.60945637499998
113.73108517857142
113.92527935714284
114.12796124999998
114.37095785714284
114.6462673035714
114.93307267857142
115.22692087499999
115.51741703571427
115.8370825892857
116.15914478571428
116.45358253571428
116.7877075892857
117.10788817857141
117.405590625
117.72205305357143
118.02020198214285
118.31077501785714
118.60445453571428
118.87269169642857
119.13800955357141
119.394338125
119.640712
119.86722060714285
120.09484482142857
120.311845375
120.51154583928572
120.70880442857143
120.8991595
121.07671714285713
121.25267437500001
121.42181719642858
121.584211625
121.74564112499999
121.90344625
122.06097525
122.21671380357144
122.37245235714286
122.53132476785714
122.69093089285715
122.85506117857142
123.02312632142858
123.19512275
123.37385432142857
123.55750178571428
123.74890676785714
123.94645330357143
124.15184146428572
124.36946226785713
124.59365
124.82543758928571
125.06731555357143
125.313644125
125.57646249999999
125.84079107142858
126.11848328571429
126.39867799999999
126.68730292857143
126.98289778571429
127.27892285714286
127.58578328571429
127.88734450000001
128.19674448214286
128.502356875
128.80876526785715
129.11332092857143
129.412522625
129.7106122857143
130.00106630357143
130.28591419642856
130.561426375
130.83428894642856
131.10539828571427
131.35814112499997
131.61227553571428
131.84650064285717
132.07296307142857
132.28288
132.49606400000002
132.6895000892857
132.87542994642857
133.04380644642856
133.21274471428572
133.36570567857143
133.51242812499999
133.6465692857143
133.77444169642857
133.9084843035714
134.01510805357142
134.1254474107143
134.23438583928572
134.333874375
134.4446154642857
134.54228253571426
134.64347875
134.76076948214285
134.84846232142857
134.97784882142858
135.09242575
135.20079026785714
113.47276446428569
113.60945637499998
113.73108517857142
113.92527935714284
114.12796124999998
114.37095785714284
114.6462673035714
114.93307267857142
115.22692087499999
115.51741703571427
115.8370825892857
116.15914478571428
116.45358253571428
116.7877075892857
117.10788817857141
117.405590625
117.72205305357143
118.02020198214285
118.31077501785714
118.60445453571428
118.87269169642857
119.13800955357141
119.394338125
119.640712
119.86722060714285
120.09484482142857
120.311845375
120.51154583928572
120.70880442857143
120.8991595
121.07671714285713
121.25267437500001
121.42181719642858
121.584211625
121.74564112499999
121.90344625
122.06097525
122.21671380357144
122.37245235714286
122.53132476785714
122.69093089285715
122.85506117857142
123.02312632142858
123.19512275
123.37385432142857
123.55750178571428
123.74890676785714
123.94645330357143
124.15184146428572
124.36946226785713
124.59365
124.82543758928571
125.06731555357143
125.313644125
125.57646249999999
125.84079107142858
126.11848328571429
126.39867799999999
126.68730292857143
126.98289778571429
127.27892285714286
127.58578328571429
127.88734450000001
128.19674448214286
128.502356875
128.80876526785715
129.11332092857143
129.412522625
129.7106122857143
130.00106630357143
130.28591419642856
130.561426375
130.83428894642856
131.10539828571427
131.35814112499997
131.61227553571428
131.84650064285717
132.07296307142857
132.28288
132.49606400000002
132.6895000892857
132.87542994642857
133.04380644642856
133.21274471428572
133.36570567857143
133.51242812499999
133.6465692857143
133.77444169642857
133.9084843035714
134.01510805357142
134.1254474107143
134.23438583928572
134.333874375
134.4446154642857
134.54228253571426
134.64347875
134.76076948214285
134.84846232142857
134.97784882142858
135.09242575
135.20079026785714
112.38643642857141
112.55289474999998
112.82104667857142
113.07136167857142
113.39130939285712
113.69999824999996
114.03132349999998
114.36913967857143
114.71715325000001
115.09678696428571
115.44582478571428
115.80385028571428
116.18656932142856
116.53970753571429
116.89401407142856
117.25370124999999
117.59118128571428
117.9218565
118.25916903571428
118.56346110714287
118.87393003571428
119.16340549999998
119.4393315
119.70134789285714
119.95950625
120.19934507142857
120.42333389285713
120.64603824999999
120.85371199999999
121.04813075
121.24077010714286
121.42209725000001
121.59498771428574
121.76653117857143
121.93132575
122.0924255357143
122.251775
122.41005646428573
122.56772075
122.72631775
122.88724903571429
123.05091260714286
123.21977732142858
123.39104075
123.5689532857143
123.75190260714287
123.94376589285716
124.14504807142858
124.35279625000001
124.5678335
124.79288474999998
125.0256134642857
125.27241575000001
125.52413200000001
125.78698685714286
126.05761707142857
126.33836382142857
126.62315625000001
126.91806117857143
127.21500692857143
127.52202482142856
127.83008567857144
128.14045589285715
128.4528315714286
128.76425175
129.07584589285716
129.38637489285713
129.68884360714287
129.99134139285715
130.28239207142857
130.56550074999998
130.8483835
131.12653810714286
131.38296675
131.631477
131.88148375
132.12132582142857
132.34452410714286
132.55066050000002
132.74346028571426
132.9405672142857
133.11379542857142
133.268816
133.416841
133.57328292857144
133.70087750000002
133.8084040357143
133.9174283214286
134.04489771428572
134.12957117857144
134.2307360357143
134.3069820714286
134.39212175
134.47202539285712
134.54912153571428
134.6376504642857
134.73354135714288
134.81590485714287
134.89130767857142
134.99731475
135.09334792857143
112.38643642857141
112.55289474999998
112.82104667857142
113.07136167857142
113.39130939285712
113.69999824999996
114.03132349999998
114.36913967857143
114.71715325000001
115.09678696428571
115.44582478571428
115.80385028571428
116.18656932142856
116.53970753571429
116.89401407142856
117.25370124999999
117.59118128571428
117.9218565
118.25916903571428
118.56346110714287
118.87393003571428
119.16340549999998
119.4393315
119.70134789285714
119.95950625
120.19934507142857
120.42333389285713
120.64603824999999
120.85371199999999
121.04813075
121.24077010714286
121.42209725000001
121.59498771428574
121.76653117857143
121.93132575
122.0924255357143
122.251775
122.41005646428573
122.56772075
122.72631775
122.88724903571429
123.05091260714286
123.21977732142858
123.39104075
123.5689532857143
123.75190260714287
123.94376589285716
124.14504807142858
124.35279625000001
124.5678335
124.79288474999998
125.0256134642857
125.27241575000001
125.52413200000001
125.78698685714286
126.05761707142857
126.33836382142857
126.62315625000001
126.91806117857143
127.21500692857143
127.52202482142856
127.83008567857144
128.14045589285715
128.4528315714286
128.76425175
129.07584589285716
129.38637489285713
129.68884360714287
129.99134139285715
130.28239207142857
130.56550074999998
130.8483835
131.12653810714286
131.38296675
131.631477
131.88148375
132.12132582142857
132.34452410714286
132.55066050000002
132.74346028571426
132.9405672142857
133.11379542857142
133.268816
133.416841
133.57328292857144
133.70087750000002
133.8084040357143
133.9174283214286
134.04489771428572
134.12957117857144
134.2307360357143
134.3069820714286
134.39212175
134.47202539285712
134.54912153571428
134.6376504642857
134.73354135714288
134.81590485714287
134.89130767857142
134.99731475
135.09334792857143
111.2864935892857
111.59394937499998
111.89181898214284
112.23901219642855
112.59439053571427
112.9863917142857
113.40244951785714
113.80921683928571
114.22858425
114.63619410714286
115.06670517857144
115.48905953571428
115.88440144642857
116.30743853571425
116.71210401785714
117.08462974999999
117.47799703571428
117.84713082142858
118.19622162499999
118.5546683392857
118.88176932142856
119.194863125
119.49922649999999
119.78618417857142
120.05324932142857
120.31048092857142
120.55856926785714
120.78364225
121.00395508928572
121.21317674999999
121.40852726785715
121.59776266071428
121.77972785714286
121.95114994642859
122.11959416071429
122.28578887500001
122.445385875
122.60398287500001
122.762579875
122.92204301785713
123.08281278571428
123.24627592857144
123.41231198214287
123.5838715
123.76097341071429
123.94746635714287
124.138310375
124.33677351785717
124.54356112500001
124.76028144642856
124.989743875
125.22747258928572
125.47018203571429
125.72682453571429
125.98768496428572
126.26686074999999
126.54988269642857
126.84448700000002
127.14271008928573
127.44761673214285
127.76207844642857
128.07277769642857
128.39596955357143
128.71085210714284
129.033128375
129.34981264285716
129.66359525000001
129.97450975
130.276266125
130.57434180357146
130.861300375
131.14432375
131.41939355357144
131.67614582142858
131.92602837500002
132.17255489285714
132.39734805357142
132.61569198214286
132.83018725
133.01733164285716
133.1884055357143
133.35010430357144
133.51293885714287
133.65167114285717
133.76906969642857
133.881226625
133.99409723214285
134.09036208928572
134.16875317857145
134.24403430357142
134.32780410714287
134.38242610714286
134.45640575000002
134.5039947857143
134.56630014285716
134.62938782142857
134.69014867857146
134.7676238035714
134.821758375
134.898327375
134.9828169642857
111.2864935892857
111.59394937499998
111.89181898214284
112.23901219642855
112.59439053571427
112.9863917142857
113.40244951785714
113.80921683928571
114.22858425
114.63619410714286
115.06670517857144
115.48905953571428
115.88440144642857
116.30743853571425
116.71210401785714
117.08462974999999
117.47799703571428
117.84713082142858
118.19622162499999
118.5546683392857
118.88176932142856
119.194863125
119.49922649999999
119.78618417857142
120.05324932142857
120.31048092857142
120.55856926785714
120.78364225
121.00395508928572
121.21317674999999
121.40852726785715
121.59776266071428
121.77972785714286
121.95114994642859
122.11959416071429
122.28578887500001
122.445385875
122.60398287500001
122.762579875
122.92204301785713
123.08281278571428
123.24627592857144
123.41231198214287
123.5838715
123.76097341071429
123.94746635714287
124.138310375
124.33677351785717
124.54356112500001
124.76028144642856
124.989743875
125.22747258928572
125.47018203571429
125.72682453571429
125.98768496428572
126.26686074999999
126.54988269642857
126.84448700000002
127.14271008928573
127.44761673214285
127.76207844642857
128.07277769642857
128.39596955357143
128.71085210714284
129.033128375
129.34981264285716
129.66359525000001
129.97450975
130.276266125
130.57434180357146
130.861300375
131.14432375
131.41939355357144
131.67614582142858
131.92602837500002
132.17255489285714
132.39734805357142
132.61569198214286
132.83018725
133.01733164285716
133.1884055357143
133.35010430357144
133.51293885714287
133.65167114285717
133.76906969642857
133.881226625
133.99409723214285
134.09036208928572
134.16875317857145
134.24403430357142
134.32780410714287
134.38242610714286
134.45640575000002
134.5039947857143
134.56630014285716
134.62938782142857
134.69014867857146
134.7676238035714
134.821758375
134.898327375
134.9828169642857
110.1458757142857
110.49944699999996
110.95284428571426
111.3711307142857
111.84554142857141
112.31251657142856
112.77100885714283
113.25161514285713
113.723079
114.21644842857141
114.68516142857142
115.1454037142857
115.63558214285713
116.07824385714285
116.51229914285715
116.962185
117.36182928571428
117.78568585714285
118.17400328571428
118.53739342857142
118.90465514285714
119.25013185714283
119.570448
119.871839
120.167183
120.44106485714285
120.69017857142856
120.93883685714285
121.170023
121.38081899999999
121.58749457142855
121.7834472857143
121.96518757142857
122.14399300000001
122.31498585714284
122.47980900000002
122.64261799999998
122.80161371428571
122.959439
123.118036
123.27646114285716
123.43979185714285
123.60435014285713
123.777293
123.95130571428572
124.13559771428572
124.32512814285715
124.5240587142857
124.73433299999999
124.95199585714286
125.17573
125.41674814285716
125.6597152857143
125.92398814285713
126.19171
126.47242714285714
126.76108571428571
127.061864
127.36359457142858
127.68145642857144
127.997128
128.3229272857143
128.6477482857143
128.97511957142856
129.301048
129.62552271428572
129.944233
130.26222942857143
130.56450585714285
130.8624335714286
131.16069557142856
131.451982
131.71191042857143
131.97157328571427
132.23048542857143
132.467868
132.680825
132.89446
133.109442
133.290504
133.46835099999998
133.6070102857143
133.75628785714287
133.88192228571427
133.99504685714285
134.079434
134.1781784285714
134.25679057142858
134.31544442857142
134.38041371428574
134.41984399999998
134.45859957142858
134.513446
134.53635728571427
134.58481014285712
134.62530057142857
134.6510035714286
134.70986271428572
134.75642785714285
134.792975
134.85296485714287
110.1458757142857
110.49944699999996
110.95284428571426
111.3711307142857
111.84554142857141
112.31251657142856
112.77100885714283
113.25161514285713
113.723079
114.21644842857141
114.68516142857142
115.1454037142857
115.63558214285713
116.07824385714285
116.51229914285715
116.962185
117.36182928571428
117.78568585714285
118.17400328571428
118.53739342857142
118.90465514285714
119.25013185714283
119.570448
119.871839
120.167183
120.44106485714285
120.69017857142856
120.93883685714285
121.170023
121.38081899999999
121.58749457142855
121.7834472857143
121.96518757142857
122.14399300000001
122.31498585714284
122.47980900000002
122.64261799999998
122.80161371428571
122.959439
123.118036
123.27646114285716
123.43979185714285
123.60435014285713
123.777293
123.95130571428572
124.13559771428572
124.32512814285715
124.5240587142857
124.73433299999999
124.95199585714286
125.17573
125.41674814285716
125.6597152857143
125.92398814285713
126.19171
126.47242714285714
126.76108571428571
127.061864
127.36359457142858
127.68145642857144
127.997128
128.3229272857143
128.6477482857143
128.97511957142856
129.301048
129.62552271428572
129.944233
130.26222942857143
130.56450585714285
130.8624335714286
131.16069557142856
131.451982
131.71191042857143
131.97157328571427
132.23048542857143
132.467868
132.680825
132.89446
133.109442
133.290504
133.46835099999998
133.6070102857143
133.75628785714287
133.88192228571427
133.99504685714285
134.079434
134.1781784285714
134.25679057142858
134.31544442857142
134.38041371428574
134.41984399999998
134.45859957142858
134.513446
134.53635728571427
134.58481014285712
134.62530057142857
134.6510035714286
134.70986271428572
134.75642785714285
134.792975
134.85296485714287
109.02671433928569
109.50652699999998
109.99393208928569
110.51308653571428
111.0391500535714
111.58587748214285
112.15402219642856
112.69606269642857
113.243378875
113.77561373214284
114.32185373214284
114.85076146428571
115.34947141071429
115.86692783928572
116.35341005357142
116.823212125
117.29556905357143
117.72484153571429
118.15672205357144
118.56038703571429
118.94518841071428
119.31052210714284
119.66111425
119.98736275
120.29015555357144
120.57695942857143
120.85240685714285
121.10217248214286
121.34190607142858
121.56760324999999
121.77505710714286
121.9734276607143
122.16487257142857
122.34168323214286
122.51292771428571
122.681655
122.84102075
122.9996338392857
123.15708017857143
123.3156274107143
123.47115783928572
123.63310735714286
123.7952719642857
123.964087625
124.13833424999999
124.31994948214286
124.512297
124.70881269642857
124.9140088392857
125.13223723214284
125.36131424999999
125.60359376785715
125.85433928571427
126.11336932142856
126.38822625
126.66676926785715
126.96677542857142
127.27125187499999
127.58848928571427
127.90898182142858
128.234002
128.571929
128.90020501785716
129.24364214285714
129.574588875
129.90937566071426
130.23787112500003
130.55561664285713
130.87327735714285
131.17783732142857
131.47614766071428
131.75898862500003
132.03141251785715
132.29409510714285
132.55079248214287
132.77514357142857
132.99450303571427
133.20770275
133.39874862500002
133.5637281785714
133.738840875
133.88734089285714
134.01572442857145
134.10629760714286
134.2176886607143
134.308098875
134.37443641071428
134.40678364285714
134.46328396428572
134.52388296428572
134.5271555
134.5582757142857
134.557259875
134.57124021428572
134.59129019642856
134.61515875
134.6293851964286
134.63018849999997
134.67451485714287
134.70102187499998
134.72937782142856
109.02671433928569
109.50652699999998
109.99393208928569
110.51308653571428
111.0391500535714
111.58587748214285
112.15402219642856
112.69606269642857
113.243378875
113.77561373214284
114.32185373214284
114.85076146428571
115.34947141071429
115.86692783928572
116.35341005357142
116.823212125
117.29556905357143
117.72484153571429
118.15672205357144
118.56038703571429
118.94518841071428
119.31052210714284
119.66111425
119.98736275
120.29015555357144
120.57695942857143
120.85240685714285
121.10217248214286
121.34190607142858
121.56760324999999
121.77505710714286
121.9734276607143
122.16487257142857
122.34168323214286
122.51292771428571
122.681655
122.84102075
122.9996338392857
123.15708017857143
123.3156274107143
123.47115783928572
123.63310735714286
123.7952719642857
123.964087625
124.13833424999999
124.31994948214286
124.512297
124.70881269642857
124.9140088392857
125.13223723214284
125.36131424999999
125.60359376785715
125.85433928571427
126.11336932142856
126.38822625
126.66676926785715
126.96677542857142
127.27125187499999
127.58848928571427
127.90898182142858
128.234002
128.571929
128.90020501785716
129.24364214285714
129.574588875
129.90937566071426
130.23787112500003
130.55561664285713
130.87327735714285
131.17783732142857
131.47614766071428
131.75898862500003
132.03141251785715
132.29409510714285
132.55079248214287
132.77514357142857
132.99450303571427
133.20770275
133.39874862500002
133.5637281785714
133.738840875
133.88734089285714
134.01572442857145
134.10629760714286
134.2176886607143
134.308098875
134.37443641071428
134.40678364285714
134.46328396428572
134.52388296428572
134.5271555
134.5582757142857
134.557259875
134.57124021428572
134.59129019642856
134.61515875
134.6293851964286
134.63018849999997
134.67451485714287
134.70102187499998
134.72937782142856
107.84083982142855
108.40028449999998
109.05149982142856
109.65045110714284
110.29431824999998
110.91783035714285
111.52139342857143
112.15435271428571
112.75988174999999
113.37052299999999
113.96449589285713
114.53225746428569
115.12002946428571
115.65822282142857
116.21347446428571
116.7231275
117.21306025
117.70613535714286
118.15846110714286
118.59188039285715
118.99772107142857
119.39986128571428
119.7670145
120.10586610714286
120.43617517857143
120.73941928571429
121.01485592857142
121.2813067142857
121.53395385714286
121.75775775000001
121.9743667857143
122.17915278571428
122.36643632142858
122.54813703571429
122.71933535714287
122.88514500000002
123.04374200000001
123.20106339285715
123.35488235714287
123.5114865357143
123.66701696428572
123.82236992857143
123.98450021428573
124.14977225000001
124.32563625
124.50133571428572
124.68813242857144
124.8844487857143
125.09210517857143
125.31336789285714
125.542985
125.77872807142856
126.03362778571427
126.29405360714286
126.57758764285714
126.86603357142857
127.1681087857143
127.47922475000001
127.80503707142859
128.1322955
128.47474410714287
128.81333825
129.16365228571428
129.50810539285715
129.85472375
130.1935705357143
130.5311295
130.85252964285715
131.17019035714287
131.48798349999998
131.79249160714286
132.06861975
132.34474789285716
132.62053671428572
132.86010078571428
133.0835632142857
133.30716021428572
133.52323260714286
133.68909875
133.85376232142858
134.01842589285712
134.15885914285715
134.27953060714287
134.37798785714287
134.45328142857144
134.5236275
134.5718166428572
134.60248942857146
134.6211062142857
134.64556242857142
134.6367607142857
134.65656185714286
134.61742475
134.62025517857143
134.5989739642857
134.59064875
134.59498167857143
134.58278410714286
134.5844625357143
134.598195
134.60754000000003
107.84083982142855
108.40028449999998
109.05149982142856
109.65045110714284
110.29431824999998
110.91783035714285
111.52139342857143
112.15435271428571
112.75988174999999
113.37052299999999
113.96449589285713
114.53225746428569
115.12002946428571
115.65822282142857
116.21347446428571
116.7231275
117.21306025
117.70613535714286
118.15846110714286
118.59188039285715
118.99772107142857
119.39986128571428
119.7670145
120.10586610714286
120.43617517857143
120.73941928571429
121.01485592857142
121.2813067142857
121.53395385714286
121.75775775000001
121.9743667857143
122.17915278571428
122.36643632142858
122.54813703571429
122.71933535714287
122.88514500000002
123.04374200000001
123.20106339285715
123.35488235714287
123.5114865357143
123.66701696428572
123.82236992857143
123.98450021428573
124.14977225000001
124.32563625
124.50133571428572
124.68813242857144
124.8844487857143
125.09210517857143
125.31336789285714
125.542985
125.77872807142856
126.03362778571427
126.29405360714286
126.57758764285714
126.86603357142857
127.1681087857143
127.47922475000001
127.80503707142859
128.1322955
128.47474410714287
128.81333825
129.16365228571428
129.50810539285715
129.85472375
130.1935705357143
130.5311295
130.85252964285715
131.17019035714287
131.48798349999998
131.79249160714286
132.06861975
132.34474789285716
132.62053671428572
132.86010078571428
133.0835632142857
133.30716021428572
133.52323260714286
133.68909875
133.85376232142858
134.01842589285712
134.15885914285715
134.27953060714287
134.37798785714287
134.45328142857144
134.5236275
134.5718166428572
134.60248942857146
134.6211062142857
134.64556242857142
134.6367607142857
134.65656185714286
134.61742475
134.62025517857143
134.5989739642857
134.59064875
134.59498167857143
134.58278410714286
134.5844625357143
134.598195
134.60754000000003
106.67941373214285
107.39197537499999
108.08666137499998
108.78819510714284
109.49514137499997
110.20683116071424
110.93396016071429
111.6181418392857
112.30167124999998
112.96575439285712
113.63459014285714
114.26278985714285
114.88641121428572
115.49390217857142
116.07066757142856
116.63766337499999
117.179231625
117.69113760714285
118.17331437499999
118.64942221428572
119.09261537499998
119.49348578571427
119.89245275
120.26024108928573
120.59615441071429
120.9086058392857
121.20778167857142
121.47782753571428
121.73163464285716
121.97050424999999
122.18535080357144
122.38854969642858
122.58380985714287
122.760329375
122.93038248214286
123.09551307142857
123.2500435
123.40596244642857
123.55608396428572
123.70734566071428
123.86107192857142
124.01186762500001
124.17205255357143
124.33198312500001
124.50084080357142
124.67724125000001
124.86350610714284
125.05996221428572
125.26507669642858
125.48007312499999
125.71054187499999
125.95128323214286
126.21068153571429
126.47846591071428
126.75752432142858
127.05380171428571
127.357006625
127.681609125
128.01694575000002
128.35942917857142
128.71089017857142
129.06011364285715
129.42470635714284
129.7753937857143
130.139260125
130.4894097857143
130.83087496428573
131.17540182142858
131.50491635714286
131.82110760714284
132.12122841071428
132.418095875
132.69713176785714
132.95884316071428
133.19917632142858
133.43360144642855
133.6580004642857
133.84231682142857
134.01651225
134.18332732142858
134.33750003571427
134.43937189285714
134.5453383392857
134.6522977857143
134.71908044642856
134.75392725
134.76915914285715
134.80597942857142
134.809833875
134.78053933928572
134.75687821428573
134.7261930357143
134.679582875
134.66597360714286
134.6218665892857
134.57391807142858
134.54606423214284
134.52447580357142
134.48614489285714
134.477570875
134.4801776785714
106.67941373214285
107.39197537499999
108.08666137499998
108.78819510714284
109.49514137499997
110.20683116071424
110.93396016071429
111.6181418392857
112.30167124999998
112.96575439285712
113.63459014285714
114.26278985714285
114.88641121428572
115.49390217857142
116.07066757142856
116.63766337499999
117.179231625
117.69113760714285
118.17331437499999
118.64942221428572
119.09261537499998
119.49348578571427
119.89245275
120.26024108928573
120.59615441071429
120.9086058392857
121.20778167857142
121.47782753571428
121.73163464285716
121.97050424999999
122.18535080357144
122.38854969642858
122.58380985714287
122.760329375
122.93038248214286
123.09551307142857
123.2500435
123.40596244642857
123.55608396428572
123.70734566071428
123.86107192857142
124.01186762500001
124.17205255357143
124.33198312500001
124.50084080357142
124.67724125000001
124.86350610714284
125.05996221428572
125.26507669642858
125.48007312499999
125.71054187499999
125.95128323214286
126.21068153571429
126.47846591071428
126.75752432142858
127.05380171428571
127.357006625
127.681609125
128.01694575000002
128.35942917857142
128.71089017857142
129.06011364285715
129.42470635714284
129.7753937857143
130.139260125
130.4894097857143
130.83087496428573
131.17540182142858
131.50491635714286
131.82110760714284
132.12122841071428
132.418095875
132.69713176785714
132.95884316071428
133.19917632142858
133.43360144642855
133.6580004642857
133.84231682142857
134.01651225
134.18332732142858
134.33750003571427
134.43937189285714
134.5453383392857
134.6522977857143
134.71908044642856
134.75392725
134.76915914285715
134.80597942857142
134.809833875
134.78053933928572
134.75687821428573
134.7261930357143
134.679582875
134.66597360714286
134.6218665892857
134.57391807142858
134.54606423214284
134.52447580357142
134.48614489285714
134.477570875
134.4801776785714
105.52777185714282
106.30542299999998
107.16250464285712
107.95387628571426
108.77069399999998
109.55903171428571
110.31799035714283
111.10959892857142
111.85784949999999
112.58322078571427
113.30411357142856
114.00415207142855
114.68504628571428
115.33902764285713
115.9678977142857
116.5746855
117.15196192857142
117.70716014285713
118.23971792857142
118.71792342857142
119.19101599999999
119.632642
120.038119
120.41711149999999
120.78112607142857
121.11056571428573
121.40803728571427
121.6882677142857
121.95483121428572
122.18873500000001
122.40965914285714
122.61630985714285
122.80566235714285
122.98163035714285
123.15019557142857
123.3072592857143
123.4650925
123.61200957142857
123.75832607142858
123.90412492857143
124.0537067857143
124.20122299999998
124.35418250000001
124.51177949999999
124.6771377142857
124.85254685714284
125.03101142857143
125.22304814285714
125.42639164285713
125.6468287142857
125.87780999999998
126.12059178571428
126.37073435714284
126.64546164285713
126.925735
127.23559564285713
127.54834778571428
127.8792755
128.21847678571427
128.5802744285714
128.93614357142857
129.31407457142856
129.67932114285713
130.05843242857142
130.4236565
130.79150007142857
131.1422657142857
131.4867267142857
131.83030592857145
132.15746257142854
132.45587307142858
132.7544665
133.048987
133.30025428571426
133.54091642857142
133.78059207142857
133.99789121428572
134.17307007142858
134.3472655
134.51966635714285
134.63770707142857
134.73958814285714
134.8413877142857
134.92489785714284
134.96682557142856
135.010357
135.014377
135.00252335714288
134.96636685714284
134.93243414285715
134.9038422142857
134.81166635714283
134.754332
134.68197921428575
134.62776592857142
134.56199185714289
134.4841154285714
134.4534352857143
134.40878214285715
134.361121
134.336513
105.52777185714282
106.30542299999998
107.16250464285712
107.95387628571426
108.77069399999998
109.55903171428571
110.31799035714283
111.10959892857142
111.85784949999999
112.58322078571427
113.30411357142856
114.00415207142855
114.68504628571428
115.33902764285713
115.9678977142857
116.5746855
117.15196192857142
117.70716014285713
118.23971792857142
118.71792342857142
119.19101599999999
119.632642
120.038119
120.41711149999999
120.78112607142857
121.11056571428573
121.40803728571427
121.6882677142857
121.95483121428572
122.18873500000001
122.40965914285714
122.61630985714285
122.80566235714285
122.98163035714285
123.15019557142857
123.3072592857143
123.4650925
123.61200957142857
123.75832607142858
123.90412492857143
124.0537067857143
124.20122299999998
124.35418250000001
124.51177949999999
124.6771377142857
124.85254685714284
125.03101142857143
125.22304814285714
125.42639164285713
125.6468287142857
125.87780999999998
126.12059178571428
126.37073435714284
126.64546164285713
126.925735
127.23559564285713
127.54834778571428
127.8792755
128.21847678571427
128.5802744285714
128.93614357142857
129.31407457142856
129.67932114285713
130.05843242857142
130.4236565
130.79150007142857
131.1422657142857
131.4867267142857
131.83030592857145
132.15746257142854
132.45587307142858
132.7544665
133.048987
133.30025428571426
133.54091642857142
133.78059207142857
133.99789121428572
134.17307007142858
134.3472655
134.51966635714285
134.63770707142857
134.73958814285714
134.8413877142857
134.92489785714284
134.96682557142856
135.010357
135.014377
135.00252335714288
134.96636685714284
134.93243414285715
134.9038422142857
134.81166635714283
134.754332
134.68197921428575
134.62776592857142
134.56199185714289
134.4841154285714
134.4534352857143
134.40878214285715
134.361121
134.336513
104.4027223035714
105.30426274999998
106.21766492857141
107.10901580357141
108.00369426785713
108.88819924999999
109.77891453571428
110.60233355357141
111.42487312499999
112.239358375
113.00765307142856
113.77646757142855
114.50770069642856
115.21389526785714
115.89544408928572
116.53443774999998
117.16750282142857
117.7519645357143
118.29546258928572
118.83523199999999
119.3272262142857
119.78342735714287
120.208597375
120.61740187500001
120.98675598214285
121.319541125
121.63886858928572
121.92148475
122.18475921428572
122.432454375
122.64768110714286
122.84988048214288
123.03963232142858
123.21031753571428
123.37796698214285
123.53239776785715
123.681327625
123.8221705892857
123.96368832142856
124.10312691071428
124.2444786607143
124.38945125
124.534779875
124.68934737500001
124.84491630357144
125.01478173214285
125.191893125
125.38566742857142
125.58618725
125.80226985714285
126.02531325
126.2726895
126.52760255357144
126.81039712499998
127.09872283928573
127.40395605357142
127.72784592857141
128.063403
128.42042316071428
128.7931350714286
129.17262975
129.56275574999998
129.9428797857143
130.33960564285712
130.716799875
131.09319144642856
131.47109389285714
131.83372557142857
132.17238705357144
132.4996237857143
132.82287464285716
133.12937937499998
133.40230867857144
133.6655026785714
133.9214081607143
134.15391882142856
134.34723326785715
134.53722969642857
134.71664825
134.8578764107143
134.9668076964286
135.07385323214285
135.17519192857145
135.2082267321429
135.2310263035714
135.26323324999998
135.26682976785716
135.2244760357143
135.14460639285716
135.08581062500002
135.02682782142858
134.904242625
134.835783375
134.71682989285716
134.62429316071427
134.54517298214284
134.45092855357143
134.36106907142857
134.3043367857143
134.24170425
134.18228683928572
104.4027223035714
105.30426274999998
106.21766492857141
107.10901580357141
108.00369426785713
108.88819924999999
109.77891453571428
110.60233355357141
111.42487312499999
112.239358375
113.00765307142856
113.77646757142855
114.50770069642856
115.21389526785714
115.89544408928572
116.53443774999998
117.16750282142857
117.7519645357143
118.29546258928572
118.83523199999999
119.3272262142857
119.78342735714287
120.208597375
120.61740187500001
120.98675598214285
121.319541125
121.63886858928572
121.92148475
122.18475921428572
122.432454375
122.64768110714286
122.84988048214288
123.03963232142858
123.21031753571428
123.37796698214285
123.53239776785715
123.681327625
123.8221705892857
123.96368832142856
124.10312691071428
124.2444786607143
124.38945125
124.534779875
124.68934737500001
124.84491630357144
125.01478173214285
125.191893125
125.38566742857142
125.58618725
125.80226985714285
126.02531325
126.2726895
126.52760255357144
126.81039712499998
127.09872283928573
127.40395605357142
127.72784592857141
128.063403
128.42042316071428
128.7931350714286
129.17262975
129.56275574999998
129.9428797857143
130.33960564285712
130.716799875
131.09319144642856
131.47109389285714
131.83372557142857
132.17238705357144
132.4996237857143
132.82287464285716
133.12937937499998
133.40230867857144
133.6655026785714
133.9214081607143
134.15391882142856
134.34723326785715
134.53722969642857
134.71664825
134.8578764107143
134.9668076964286
135.07385323214285
135.17519192857145
135.2082267321429
135.2310263035714
135.26323324999998
135.26682976785716
135.2244760357143
135.14460639285716
135.08581062500002
135.02682782142858
134.904242625
134.835783375
134.71682989285716
134.62429316071427
134.54517298214284
134.45092855357143
134.36106907142857
134.3043367857143
134.24170425
134.18228683928572
103.2828034285714
104.33798549999997
105.35296546428567
106.33805503571426
107.3108611428571
108.28381221428569
109.19727939285713
110.14428178571428
111.02223024999999
111.90195489285715
112.76129646428569
113.55456714285714
114.36684928571428
115.11288253571429
115.84660217857143
116.54693875000001
117.18011703571429
117.83120885714288
118.41925007142856
118.95908835714286
119.48064225
119.97242325000002
120.42062250000001
120.82076625
121.21767967857141
121.57147425
121.88371553571429
122.17150510714285
122.44357692857145
122.68407675
122.898155
123.10140771428571
123.28023896428573
123.45708903571429
123.61278214285716
123.7596105357143
123.90103950000002
124.03876035714288
124.16939046428573
124.30212132142859
124.43642
124.57497639285715
124.71020564285715
124.85877025000002
125.01176739285714
125.17869725000001
125.35172142857144
125.53495210714286
125.73235224999999
125.94598092857143
126.17704499999999
126.42419875
126.68246289285716
126.95352446428572
127.25328842857144
127.55911717857144
127.90121185714287
128.24876825
128.61576467857145
128.99338478571428
129.40422675
129.79642789285714
130.22099035714285
130.61768667857143
131.02914375
131.41999285714286
131.79745814285715
132.17438692857144
132.53178885714286
132.8626995357143
133.18959414285717
133.50269525000002
133.77984017857145
134.04394092857143
134.3066037857143
134.5292510357143
134.72312789285715
134.9131243214286
135.09117600000002
135.2112205357143
135.31925257142856
135.42818385714284
135.4906837857143
135.51358410714286
135.53638367857144
135.55257375000002
135.48669664285714
135.4421270357143
135.37353264285716
135.28071485714287
135.1371770357143
135.00966649999998
134.902916
134.76951657142857
134.6186815
134.49896996428572
134.3964132142857
134.27745310714283
134.1918195714286
134.1224885
134.0417647857143
103.2828034285714
104.33798549999997
105.35296546428567
106.33805503571426
107.3108611428571
108.28381221428569
109.19727939285713
110.14428178571428
111.02223024999999
111.90195489285715
112.76129646428569
113.55456714285714
114.36684928571428
115.11288253571429
115.84660217857143
116.54693875000001
117.18011703571429
117.83120885714288
118.41925007142856
118.95908835714286
119.48064225
119.97242325000002
120.42062250000001
120.82076625
121.21767967857141
121.57147425
121.88371553571429
122.17150510714285
122.44357692857145
122.68407675
122.898155
123.10140771428571
123.28023896428573
123.45708903571429
123.61278214285716
123.7596105357143
123.90103950000002
124.03876035714288
124.16939046428573
124.30212132142859
124.43642
124.57497639285715
124.71020564285715
124.85877025000002
125.01176739285714
125.17869725000001
125.35172142857144
125.53495210714286
125.73235224999999
125.94598092857143
126.17704499999999
126.42419875
126.68246289285716
126.95352446428572
127.25328842857144
127.55911717857144
127.90121185714287
128.24876825
128.61576467857145
128.99338478571428
129.40422675
129.79642789285714
130.22099035714285
130.61768667857143
131.02914375
131.41999285714286
131.79745814285715
132.17438692857144
132.53178885714286
132.8626995357143
133.18959414285717
133.50269525000002
133.77984017857145
134.04394092857143
134.3066037857143
134.5292510357143
134.72312789285715
134.9131243214286
135.09117600000002
135.2112205357143
135.31925257142856
135.42818385714284
135.4906837857143
135.51358410714286
135.53638367857144
135.55257375000002
135.48669664285714
135.4421270357143
135.37353264285716
135.28071485714287
135.1371770357143
135.00966649999998
134.902916
134.76951657142857
134.6186815
134.49896996428572
134.3964132142857
134.27745310714283
134.1918195714286
134.1224885
134.0417647857143
102.2039707142857
103.35550187499997
104.50046746428569
105.54598766071427
106.69076755357142
107.67032973214285
108.71629776785713
109.6751433392857
110.67845824999999
111.60280742857142
112.5184288392857
113.41312414285714
114.23447226785714
115.06276817857142
115.82525167857143
116.56916625000001
117.28019794642859
117.92277935714286
118.55359160714286
119.13675471428573
119.67961669642857
120.17737351785713
120.64695287500001
121.07966894642858
121.47114292857145
121.8294011607143
122.15964826785715
122.44695714285714
122.71220117857143
122.953331875
123.16448750000002
123.3653135
123.54378196428573
123.70957725
123.85319100000002
123.9996105357143
124.12876062500001
124.255002
124.37848862500002
124.50353150000001
124.62470660714285
124.75641857142857
124.88788130357145
125.02701474999999
125.17507907142857
125.32707866071429
125.49732003571427
125.67769557142859
125.88149269642857
126.08684464285714
126.313285625
126.5499471607143
126.81720844642857
127.09280126785715
127.40339469642859
127.71969794642857
128.05680291071428
128.41558799999999
128.79609576785714
129.19647714285713
129.62547
130.0519245892857
130.48982739285717
130.9066261607143
131.326747875
131.74791767857144
132.15423023214288
132.5226969464286
132.88531242857144
133.24636266071428
133.58260883928574
133.87560812499999
134.1672916071429
134.45278630357143
134.6967135892857
134.908911875
135.12170787500003
135.32181833928573
135.456881625
135.58012371428572
135.7026574107143
135.7904641964286
135.82042017857142
135.84575303571427
135.86959855357142
135.830379375
135.75066985714287
135.67275878571428
135.59536717857145
135.44587010714287
135.2891025
135.14723850000001
134.937038625
134.790003
134.62276875
134.45041750000001
134.33322483928572
134.20110392857143
134.0661842857143
133.96088625000002
133.87322125
102.2039707142857
103.35550187499997
104.50046746428569
105.54598766071427
106.69076755357142
107.67032973214285
108.71629776785713
109.6751433392857
110.67845824999999
111.60280742857142
112.5184288392857
113.41312414285714
114.23447226785714
115.06276817857142
115.82525167857143
116.56916625000001
117.28019794642859
117.92277935714286
118.55359160714286
119.13675471428573
119.67961669642857
120.17737351785713
120.64695287500001
121.07966894642858
121.47114292857145
121.8294011607143
122.15964826785715
122.44695714285714
122.71220117857143
122.953331875
123.16448750000002
123.3653135
123.54378196428573
123.70957725
123.85319100000002
123.9996105357143
124.12876062500001
124.255002
124.37848862500002
124.50353150000001
124.62470660714285
124.75641857142857
124.88788130357145
125.02701474999999
125.17507907142857
125.32707866071429
125.49732003571427
125.67769557142859
125.88149269642857
126.08684464285714
126.313285625
126.5499471607143
126.81720844642857
127.09280126785715
127.40339469642859
127.71969794642857
128.05680291071428
128.41558799999999
128.79609576785714
129.19647714285713
129.62547
130.0519245892857
130.48982739285717
130.9066261607143
131.326747875
131.74791767857144
132.15423023214288
132.5226969464286
132.88531242857144
133.24636266071428
133.58260883928574
133.87560812499999
134.1672916071429
134.45278630357143
134.6967135892857
134.908911875
135.12170787500003
135.32181833928573
135.456881625
135.58012371428572
135.7026574107143
135.7904641964286
135.82042017857142
135.84575303571427
135.86959855357142
135.830379375
135.75066985714287
135.67275878571428
135.59536717857145
135.44587010714287
135.2891025
135.14723850000001
134.937038625
134.790003
134.62276875
134.45041750000001
134.33322483928572
134.20110392857143
134.0661842857143
133.96088625000002
133.87322125
101.14038857142855
102.37836099999998
103.6268617142857
104.79247485714284
106.02932999999997
107.08167285714282
108.20032228571426
109.30499585714284
110.31839399999998
111.36255557142857
112.32144799999998
113.25895157142855
114.17822285714286
115.01791214285714
115.86458571428571
116.63784000000001
117.36369685714287
118.07670442857145
118.73251828571429
119.34081242857144
119.89419085714286
120.43507871428574
120.92214800000002
121.34768942857144
121.754412
122.13151657142858
122.45412571428571
122.74115914285716
123.01435514285716
123.236165
123.46073600000003
123.64614514285715
123.81527057142858
123.96717042857144
124.11288685714285
124.23970628571429
124.358612
124.477593
124.59007600000001
124.69887557142857
124.81535257142858
124.93442942857145
125.060172
125.182984
125.32769657142858
125.47562785714285
125.64380057142857
125.81463385714285
126.00538885714285
126.20962814285713
126.4354
126.68102557142858
126.94874114285714
127.22805514285713
127.52584971428573
127.85474314285715
128.19919314285715
128.57838
128.97657771428572
129.39090128571428
129.82236485714287
130.3110187142857
130.75294285714287
131.224527
131.67042800000002
132.09095342857142
132.50771942857142
132.913487
133.27950942857143
133.64157742857142
133.98068285714285
134.29479600000002
134.58692485714286
134.871294
135.11415942857144
135.333988
135.545784
135.7256187142857
135.86695600000002
135.99194699999998
136.11358542857144
136.16298985714286
136.1947262857143
136.2193122857143
136.21566114285716
136.13278400000002
136.05254114285714
135.97327771428573
135.80340714285714
135.60810071428574
135.44376457142857
135.26723657142858
135.01472
134.8023115714286
134.6147582857143
134.41228342857144
134.22836914285716
134.0804324285714
133.94527828571427
133.817614
133.70726228571428
101.14038857142855
102.37836099999998
103.6268617142857
104.79247485714284
106.02932999999997
107.08167285714282
108.20032228571426
109.30499585714284
110.31839399999998
111.36255557142857
112.32144799999998
113.25895157142855
114.17822285714286
115.01791214285714
115.86458571428571
116.63784000000001
117.36369685714287
118.07670442857145
118.73251828571429
119.34081242857144
119.89419085714286
120.43507871428574
120.92214800000002
121.34768942857144
121.754412
122.13151657142858
122.45412571428571
122.74115914285716
123.01435514285716
123.236165
123.46073600000003
123.64614514285715
123.81527057142858
123.96717042857144
124.11288685714285
124.23970628571429
124.358612
124.477593
124.59007600000001
124.69887557142857
124.81535257142858
124.93442942857145
125.060172
125.182984
125.32769657142858
125.47562785714285
125.64380057142857
125.81463385714285
126.00538885714285
126.20962814285713
126.4354
126.68102557142858
126.94874114285714
127.22805514285713
127.52584971428573
127.85474314285715
128.19919314285715
128.57838
128.97657771428572
129.39090128571428
129.82236485714287
130.3110187142857
130.75294285714287
131.224527
131.67042800000002
132.09095342857142
132.50771942857142
132.913487
133.27950942857143
133.64157742857142
133.98068285714285
134.29479600000002
134.58692485714286
134.871294
135.11415942857144
135.333988
135.545784
135.7256187142857
135.86695600000002
135.99194699999998
136.11358542857144
136.16298985714286
136.1947262857143
136.2193122857143
136.21566114285716
136.13278400000002
136.05254114285714
135.97327771428573
135.80340714285714
135.60810071428574
135.44376457142857
135.26723657142858
135.01472
134.8023115714286
134.6147582857143
134.41228342857144
134.22836914285716
134.0804324285714
133.94527828571427
133.817614
133.70726228571428
100.17461178571428
101.51331549999998
102.82115782142856
104.13550673214284
105.36032003571427
106.57443601785712
107.75117685714284
108.91702419642857
110.055624
111.1117375892857
112.1797137142857
113.17427283928572
114.1253874642857
115.05458260714285
115.90192808928573
116.750347125
117.53604583928572
118.25606714285715
118.93116801785715
119.58676442857143
120.17753180357143
120.70215933928571
121.21248175000002
121.6760730357143
122.07550580357145
122.43940923214285
122.78131396428573
123.06114153571427
123.3233689107143
123.55967187499999
123.76660091071429
123.93658041071428
124.10480283928572
124.24526433928571
124.3730539642857
124.48712471428573
124.599330375
124.70047660714287
124.79994260714285
124.90274910714287
125.00463108928571
125.10743346428572
125.22604228571427
125.34410599999998
125.47665594642856
125.61565930357143
125.76759894642856
125.94039153571428
126.12266189285714
126.33611882142858
126.55380174999999
126.79293198214285
127.04919117857142
127.33997464285714
127.64043207142856
127.98701164285714
128.3372685892857
128.71833637499998
129.12236358928573
129.56567978571428
130.03069221428572
130.54928416071428
131.03316562499998
131.511956625
131.990747625
132.45649094642857
132.864903125
133.27203050000003
133.678010875
134.0474851607143
134.37494473214286
134.702072875
135.02503598214287
135.28302091071427
135.52368305357143
135.76407682142857
135.98029351785715
136.12972217857143
136.27538437500002
136.42084966071428
136.5029864107143
136.54125835714288
136.57998926785714
136.60897210714288
136.54030142857144
136.457703
136.37510457142858
136.24402685714287
136.03406501785713
135.81773573214286
135.61100489285715
135.35030807142857
135.06775762499998
134.78927244642855
134.54727660714286
134.34514917857143
134.15767317857143
133.97223930357143
133.82023964285713
133.673399125
133.52532403571428
100.17461178571428
101.51331549999998
102.82115782142856
104.13550673214284
105.36032003571427
106.57443601785712
107.75117685714284
108.91702419642857
110.055624
111.1117375892857
112.1797137142857
113.17427283928572
114.1253874642857
115.05458260714285
115.90192808928573
116.750347125
117.53604583928572
118.25606714285715
118.93116801785715
119.58676442857143
120.17753180357143
120.70215933928571
121.21248175000002
121.6760730357143
122.07550580357145
122.43940923214285
122.78131396428573
123.06114153571427
123.3233689107143
123.55967187499999
123.76660091071429
123.93658041071428
124.10480283928572
124.24526433928571
124.3730539642857
124.48712471428573
124.599330375
124.70047660714287
124.79994260714285
124.90274910714287
125.00463108928571
125.10743346428572
125.22604228571427
125.34410599999998
125.47665594642856
125.61565930357143
125.76759894642856
125.94039153571428
126.12266189285714
126.33611882142858
126.55380174999999
126.79293198214285
127.04919117857142
127.33997464285714
127.64043207142856
127.98701164285714
128.3372685892857
128.71833637499998
129.12236358928573
129.56567978571428
130.03069221428572
130.54928416071428
131.03316562499998
131.511956625
131.990747625
132.45649094642857
132.864903125
133.27203050000003
133.678010875
134.0474851607143
134.37494473214286
134.702072875
135.02503598214287
135.28302091071427
135.52368305357143
135.76407682142857
135.98029351785715
136.12972217857143
136.27538437500002
136.42084966071428
136.5029864107143
136.54125835714288
136.57998926785714
136.60897210714288
136.54030142857144
136.457703
136.37510457142858
136.24402685714287
136.03406501785713
135.81773573214286
135.61100489285715
135.35030807142857
135.06775762499998
134.78927244642855
134.54727660714286
134.34514917857143
134.15767317857143
133.97223930357143
133.82023964285713
133.673399125
133.52532403571428
99.19284910357143
100.64358359999999
102.05298307142857
103.50853046428571
104.7816454642857
106.08873314285714
107.35600714285714
108.59465103571428
109.79722500000001
110.956396
112.04976225
113.12811935714285
114.1410819642857
115.10412617857142
116.03180396428571
116.8937435
117.70730382142857
118.487411
119.21030617857141
119.85944667857142
120.47806985714284
121.0426532142857
121.55305225000001
122.01070278571429
122.4244917857143
122.80259539285714
123.13254107142856
123.41772196428572
123.67639235714286
123.89510899999999
124.08243789285714
124.26000407142858
124.40365225000001
124.52740753571429
124.64559360714286
124.74817446428571
124.838648
124.92677900000001
125.01521710714286
125.09992717857143
125.18671992857143
125.28303342857141
125.38597267857142
125.49590325
125.60965117857143
125.74671775
125.88935657142856
126.06409553571427
126.23365739285714
126.43183775
126.64500999999998
126.89046346428572
127.15296642857142
127.44689028571426
127.75152496428571
128.08238539285713
128.44926642857143
128.83815375
129.2734374642857
129.73093657142857
130.23399753571428
130.7421879642857
131.2997134642857
131.81404385714285
132.2920875
132.76607067857142
133.22701339285715
133.64406474999998
134.03990457142856
134.42243071428572
134.77871514285715
135.10768625
135.40484885714284
135.6924490357143
135.94485817857142
136.173211
136.36640857142856
136.5445647142857
136.69354024999998
136.79932314285713
136.88166210714286
136.93719210714283
136.9663265
136.9298567142857
136.88223392857145
136.80376425
136.67587703571428
136.48334732142857
136.28118639285714
136.05632435714284
135.7275317857143
135.37492692857145
135.07030125
134.7949720357143
134.5322350714286
134.2752342857143
134.06461310714286
133.84941267857144
133.65207989285716
133.4839025
133.33808864285714
99.19284910357143
100.64358359999999
102.05298307142857
103.50853046428571
104.7816454642857
106.08873314285714
107.35600714285714
108.59465103571428
109.79722500000001
110.956396
112.04976225
113.12811935714285
114.1410819642857
115.10412617857142
116.03180396428571
116.8937435
117.70730382142857
118.487411
119.21030617857141
119.85944667857142
120.47806985714284
121.0426532142857
121.55305225000001
122.01070278571429
122.4244917857143
122.80259539285714
123.13254107142856
123.41772196428572
123.67639235714286
123.89510899999999
124.08243789285714
124.26000407142858
124.40365225000001
124.52740753571429
124.64559360714286
124.74817446428571
124.838648
124.92677900000001
125.01521710714286
125.09992717857143
125.18671992857143
125.28303342857141
125.38597267857142
125.49590325
125.60965117857143
125.74671775
125.88935657142856
126.06409553571427
126.23365739285714
126.43183775
126.64500999999998
126.89046346428572
127.15296642857142
127.44689028571426
127.75152496428571
128.08238539285713
128.44926642857143
128.83815375
129.2734374642857
129.73093657142857
130.23399753571428
130.7421879642857
131.2997134642857
131.81404385714285
132.2920875
132.76607067857142
133.22701339285715
133.64406474999998
134.03990457142856
134.42243071428572
134.77871514285715
135.10768625
135.40484885714284
135.6924490357143
135.94485817857142
136.173211
136.36640857142856
136.5445647142857
136.69354024999998
136.79932314285713
136.88166210714286
136.93719210714283
136.9663265
136.9298567142857
136.88223392857145
136.80376425
136.67587703571428
136.48334732142857
136.28118639285714
136.05632435714284
135.7275317857143
135.37492692857145
135.07030125
134.7949720357143
134.5322350714286
134.2752342857143
134.06461310714286
133.84941267857144
133.65207989285716
133.4839025
133.33808864285714
98.24354183214285
99.81166987499999
101.31836955357143
102.83446983928572
104.2301369642857
105.64734089285714
107.02618228571428
108.30998457142856
109.595105375
110.81924155357142
111.99887999999999
113.117823125
114.19038726785713
115.22496726785712
116.17873341071429
117.09439575
117.96626148214285
118.7623508392857
119.49271546428571
120.19991064285713
120.8419582142857
121.40063323214287
121.918008625
122.41078098214285
122.81127592857143
123.19277001785714
123.5163697142857
123.78848312499998
124.03703594642855
124.26158999999998
124.43873617857142
124.5941535
124.71401853571427
124.83523557142857
124.92551219642856
125.00927880357142
125.08708862499999
125.16128651785715
125.22576260714285
125.29734458928573
125.37237112499999
125.45198353571428
125.53362216071427
125.639622875
125.7436687142857
125.87176714285714
126.00151730357143
126.15507005357142
126.33094326785714
126.52331203571427
126.746755
126.98047767857142
127.23579473214286
127.51445616071427
127.83546458928572
128.1713235892857
128.55956676785715
128.9549585
129.4016305
129.84575507142856
130.4023364464286
130.9278725892857
131.48564644642858
132.06285991071428
132.579486125
133.05303014285715
133.52593498214284
133.97942019642855
134.37173557142856
134.7544428392857
135.13309226785714
135.46688212499998
135.75720998214285
136.0475378392857
136.31713641071428
136.52805885714287
136.72040744642857
136.90972599999998
137.05429650000002
137.13642964285714
137.21849478571428
137.28214758928573
137.27078769642856
137.22712341071428
137.18365598214285
137.08024275
136.89735353571427
136.7048238214286
136.50894482142857
136.17083553571428
135.8046594107143
135.4512356785714
135.101103625
134.7673532857143
134.46760669642856
134.17711417857143
133.91996182142856
133.6995320892857
133.50627439285714
133.31907325
133.14044410714286
98.24354183214285
99.81166987499999
101.31836955357143
102.83446983928572
104.2301369642857
105.64734089285714
107.02618228571428
108.30998457142856
109.595105375
110.81924155357142
111.99887999999999
113.117823125
114.19038726785713
115.22496726785712
116.17873341071429
117.09439575
117.96626148214285
118.7623508392857
119.49271546428571
120.19991064285713
120.8419582142857
121.40063323214287
121.918008625
122.41078098214285
122.81127592857143
123.19277001785714
123.5163697142857
123.78848312499998
124.03703594642855
124.26158999999998
124.43873617857142
124.5941535
124.71401853571427
124.83523557142857
124.92551219642856
125.00927880357142
125.08708862499999
125.16128651785715
125.22576260714285
125.29734458928573
125.37237112499999
125.45198353571428
125.53362216071427
125.639622875
125.7436687142857
125.87176714285714
126.00151730357143
126.15507005357142
126.33094326785714
126.52331203571427
126.746755
126.98047767857142
127.23579473214286
127.51445616071427
127.83546458928572
128.1713235892857
128.55956676785715
128.9549585
129.4016305
129.84575507142856
130.4023364464286
130.9278725892857
131.48564644642858
132.06285991071428
132.579486125
133.05303014285715
133.52593498214284
133.97942019642855
134.37173557142856
134.7544428392857
135.13309226785714
135.46688212499998
135.75720998214285
136.0475378392857
136.31713641071428
136.52805885714287
136.72040744642857
136.90972599999998
137.05429650000002
137.13642964285714
137.21849478571428
137.28214758928573
137.27078769642856
137.22712341071428
137.18365598214285
137.08024275
136.89735353571427
136.7048238214286
136.50894482142857
136.17083553571428
135.8046594107143
135.4512356785714
135.101103625
134.7673532857143
134.46760669642856
134.17711417857143
133.91996182142856
133.6995320892857
133.50627439285714
133.31907325
133.14044410714286
97.39721035714284
99.09812009999997
100.72342699999999
102.27242371428571
103.79360092857141
105.24863535714286
106.70798621428571
108.12976792857143
109.42248349999998
110.75149807142856
111.99671535714285
113.16927285714286
114.30498407142858
115.37057285714285
116.4023192857143
117.36358
118.23143707142859
119.09729342857145
119.87565907142856
120.56642721428572
121.21614428571428
121.82766614285714
122.34973950000001
122.83337664285715
123.2388747857143
123.61831607142858
123.93672585714286
124.2150955
124.44373385714286
124.63575599999999
124.78906678571431
124.94736878571429
125.05627007142859
125.14916085714286
125.21519064285715
125.28662142857144
125.3393245
125.38776299999999
125.44159950000001
125.49691828571429
125.54899285714286
125.61221285714286
125.68776142857143
125.773554
125.86648528571428
125.97314964285712
126.10690214285714
126.24943400000001
126.42417314285714
126.6022657857143
126.80761249999999
127.03898292857143
127.30284407142858
127.58680728571429
127.91362657142858
128.2494589285714
128.63281992857142
129.021904
129.50372764285714
129.957875
130.52084
131.102866
131.66387314285714
132.22626257142858
132.786186
133.31482214285714
133.76735757142856
134.21321585714284
134.65749007142858
135.05010757142855
135.39651214285715
135.742039
136.07263564285714
136.34455735714286
136.5877527857143
136.8309482142857
137.04037257142858
137.18234564285714
137.3140765
137.4452655714286
137.5082325
137.5133262142857
137.51939278571427
137.50326421428574
137.39392307142856
137.24865749999998
137.1032602142857
136.91242857142856
136.59476785714284
136.2481442857143
135.8811492857143
135.4932692857143
135.06024200000002
134.68837028571429
134.36585557142857
134.0790810714286
133.82068592857144
133.55024757142857
133.325617
133.112821
132.91805
97.39721035714284
99.09812009999997
100.72342699999999
102.27242371428571
103.79360092857141
105.24863535714286
106.70798621428571
108.12976792857143
109.42248349999998
110.75149807142856
111.99671535714285
113.16927285714286
114.30498407142858
115.37057285714285
116.4023192857143
117.36358
118.23143707142859
119.09729342857145
119.87565907142856
120.56642721428572
121.21614428571428
121.82766614285714
122.34973950000001
122.83337664285715
123.2388747857143
123.61831607142858
123.93672585714286
124.2150955
124.44373385714286
124.63575599999999
124.78906678571431
124.94736878571429
125.05627007142859
125.14916085714286
125.21519064285715
125.28662142857144
125.3393245
125.38776299999999
125.44159950000001
125.49691828571429
125.54899285714286
125.61221285714286
125.68776142857143
125.773554
125.86648528571428
125.97314964285712
126.10690214285714
126.24943400000001
126.42417314285714
126.6022657857143
126.80761249999999
127.03898292857143
127.30284407142858
127.58680728571429
127.91362657142858
128.2494589285714
128.63281992857142
129.021904
129.50372764285714
129.957875
130.52084
131.102866
131.66387314285714
132.22626257142858
132.786186
133.31482214285714
133.76735757142856
134.21321585714284
134.65749007142858
135.05010757142855
135.39651214285715
135.742039
136.07263564285714
136.34455735714286
136.5877527857143
136.8309482142857
137.04037257142858
137.18234564285714
137.3140765
137.4452655714286
137.5082325
137.5133262142857
137.51939278571427
137.50326421428574
137.39392307142856
137.24865749999998
137.1032602142857
136.91242857142856
136.59476785714284
136.2481442857143
135.8811492857143
135.4932692857143
135.06024200000002
134.68837028571429
134.36585557142857
134.0790810714286
133.82068592857144
133.55024757142857
133.325617
133.112821
132.91805
